stem,pre_med,pre_n,C1_e1_med,C1_e1_n,C1_e2_med,C1_e2_n,C1_e5_med,C1_e5_n,C1_e10_med,C1_e10_n,C1_e20_med,C1_e20_n,C2_e1_med,C2_e1_n,C2_e2_med,C2_e2_n,C2_e5_med,C2_e5_n,C2_e10_med,C2_e10_n,C2_e20_med,C2_e20_n
ank_0_10,3.5727471516299905,53,2.5625895640232548,59,1.8514275527391504,59,2.8610649907958545,70,2.979346232325484,49,2.196531368954664,59,1.8065910158863192,92,1.731007505223702,80,1.8545786552124457,80,1.8634017525717743,65,1.0149354295487538,65
ank_0_16,1.7794117572928982,77,0.9885094619761863,98,0.600022486963489,113,0.5061017612657925,74,0.615318246505106,95,1.1340109412578787,92,0.6590863202446343,102,0.5440457502531317,104,0.5584731388102689,122,0.5709468713156257,129,0.47252132221180887,104
ank_0_30,3.446224904304089,34,4.8330163779322675,28,3.0015507453871737,24,4.293053746812804,30,3.510162741844452,35,3.6387236772436746,33,2.2691383061041788,25,2.2643520953738245,26,2.7876870503606153,20,1.8174713306817276,24,3.3332707388128595,24
ank_0_41,2.1414429988142,32,1.7437516499564645,40,1.356611752741859,53,1.584667221073778,45,1.1063073228494686,42,0.8275113212231205,48,1.266640780182671,50,0.8023949325810209,43,0.838143917357687,58,0.9445878236021761,48,0.852308599360555,52
ank_10_1,1.4076327083073523,74,1.0183324970333119,69,1.1513885727195192,83,0.926330236576449,93,1.3401664184461377,102,1.9580838349179766,77,0.6091551622261523,109,0.8602955368581214,156,0.5761355241757762,131,0.5968465515597096,152,0.5526770785171392,147
ank_11_14,1.8192047515453464,53,2.016756947181288,66,1.757937508004309,94,1.5791342269272832,81,1.4688318657406239,66,2.345440533670546,68,1.093941713540627,103,1.2121763179625396,107,0.4969769023937975,95,0.45037195140794506,81,0.7247096211311514,108
ank_12_21,3.6687100519133344,55,4.060319031431581,34,3.5427038159890953,40,2.9149549891992312,49,4.317936285742012,45,3.724547833088947,43,3.179103722236986,67,3.0036786917911695,71,2.6053231837325432,48,2.8301837989018597,43,3.397959734278238,51
ank_12_28,4.148737253943167,29,2.5475255940920594,33,2.9611989846017184,35,4.124924640642867,31,3.6675565415988807,22,4.489326819252064,28,2.760487387819432,40,1.515151729133818,34,3.843065894856717,28,2.2978124144362835,18,3.848841754794837,27
ank_12_35,1.8827222694319123,56,1.7159993224028964,68,1.1736188077447522,82,0.5601764967613845,106,0.5043684927602129,136,0.6101228730242881,142,0.6279382463660556,125,0.5089611277143953,222,0.4015571899250938,212,0.404621876165815,210,0.3894968768595762,238
ank_13_12,1.8296589099999625,83,1.5009628165984434,96,1.2869255259934613,108,1.0789477923412676,106,1.158418364611013,96,1.5452335295558728,93,0.663397335639858,103,0.7485699421276629,114,0.7787695549560065,120,0.7011307038360928,121,0.6454909229298132,113
ank_13_17,2.40932319308119,48,2.892272286191541,52,1.5537243302840587,49,1.7626867641169919,52,1.756715714197668,51,3.8088046476721193,53,1.4300820248884327,67,1.5987409256699454,72,1.0167446211514874,71,1.114942463075905,73,0.964220494130793,62
ank_13_21,2.361124845412062,56,2.6127131868839357,55,1.90427399308166,49,2.14872736944698,66,3.2730884223076298,51,2.788656835636773,57,2.370415877110546,67,2.515915280810269,72,2.9275372649947875,67,2.8621642646956182,57,2.295003023831257,51
ank_13_29,2.4747231628745565,44,2.437453446598969,47,2.391968469481078,31,2.4582634411839144,43,3.5171420091827703,39,3.0655534298904565,43,2.12077569860846,64,1.61504695631857,60,0.9779518277977027,51,1.7279564257212088,47,1.2977392237636407,42
ank_13_34,2.6576811136475333,21,4.042779518587292,23,3.1329326878630024,24,3.07988046576079,21,4.799922508012946,19,4.405139551795694,28,2.952091821762272,27,3.018194590551918,38,2.7188844351164887,30,2.7405437839444344,33,2.011038390603862,27
ank_13_6,1.8831103007537435,72,1.2734977396605383,75,0.9667041056311905,117,0.6452509283934212,109,0.7390662865786308,112,1.19664286843838,94,0.5611659360825108,117,0.583489311105893,153,0.5284031967783047,161,0.5426090768998911,153,0.549861279880622,160
ank_14_33,3.023045039824054,24,1.7777645091281578,32,1.2317946578484582,37,0.8480252122314669,42,1.1885067295092446,43,0.6705769615743894,47,1.0648089731248271,49,0.9489416150216691,41,0.8448909838490573,60,0.8891991100017739,56,0.8383305996689803,57
ank_14_9,2.641791696683742,60,1.5547473504725324,63,1.4892808561958661,61,1.2700133457078593,81,1.5476881582089284,64,2.381286714875563,75,1.5201538844882316,81,1.0328635589697797,87,0.9595078383654102,91,1.1897222261314824,107,0.6485802274215127,80
ank_15_22,3.388774697360242,47,3.0891792072920423,57,2.584090301777441,50,2.239070389949465,51,3.053999657429149,75,2.888374993849663,71,2.1532740563109094,66,2.045929791007981,67,1.737032626212228,78,1.4792805252290502,68,1.437723933263442,65
ank_15_41,3.6136167013673552,30,2.628619951855643,32,2.9305007002548713,41,1.6910246621314258,40,3.3318188110436138,27,4.159758916152636,27,2.511186990623448,51,2.751152972448371,46,2.0286234126190252,59,2.615848913950975,64,2.158739563584745,50
ank_15_6,2.5788618794043954,58,1.3683014970083907,62,0.9283051974116324,87,0.8983366963920503,104,1.1574385508824951,87,1.2883585294182867,89,0.5127135715365928,155,0.5235872664663374,169,0.47162315541646266,179,0.4022022860907368,155,0.4067527448949116,149
ank_16_36,3.8246085668434584,11,5.053595251214598,20,4.309387548571467,10,5.13160592802451,23,4.493034756006921,28,4.494292569924396,14,3.5100007186236075,22,2.615103869440886,20,3.021271237533113,16,2.184621947313981,23,4.4455966582722155,21
ank_16_9,2.458009300731516,38,1.8435055392256565,78,1.706250801709872,68,1.4537437431382587,75,1.588489242618346,70,1.4703328021494089,69,0.8096060782201586,102,0.8614224048104558,105,0.6972844406451223,104,0.7139863382881516,99,0.5965021210382703,107
ank_17_17,3.2964406701328497,62,2.9384047183941613,70,2.077852754315777,42,3.312327776244111,53,3.6350284600716645,48,4.080957798949764,59,2.475272760515855,60,2.3195853492332152,57,2.4945254534323777,43,1.9609364798980682,50,2.4565176045191808,47
ank_17_19,2.732016847994027,55,2.7928002154719755,50,2.609058641249477,56,2.4507834425009767,82,2.1502815939738986,65,2.8755574512980004,65,3.00033424139108,74,2.3150912189668107,70,2.104633767456713,74,1.5531010663036802,90,1.5540510179125655,75
ank_17_22,4.044052899922436,41,2.0611266603199003,49,2.4116489384647664,59,2.712587732853308,47,3.3909518254377735,48,3.5465699116478566,57,2.2005745901169087,61,2.5314873383536436,49,2.5247667632860535,52,2.818681317140576,57,2.8998233821508883,44
ank_17_31,2.5965451202702488,61,1.6917194401210942,72,1.1648003670260838,77,0.6997628208230091,122,0.688590054809118,109,0.6077804664519635,120,0.7454074761852304,107,0.501012104544603,146,0.4356245509488239,162,0.45827716440426003,146,0.463506591990411,174
ank_17_32,3.0338922631839655,41,2.9259494527917735,41,2.0781379775256177,42,2.763779946217884,51,1.5075000010600552,36,2.829996212117352,43,1.8800984451533025,44,1.4735713013918472,58,1.8860473576587067,38,1.7746537060520877,47,1.6304446953954774,62
ank_18_16,3.662567148824515,46,2.169558327951912,50,2.557882792721928,49,2.476103405290331,74,2.8585986404224997,52,2.1110728937061576,55,1.7269805512569385,66,2.2002128680550275,72,1.380195039601329,74,1.8026596099807288,78,1.6438518935143716,75
ank_18_27,2.731841450892978,37,3.111336297438528,57,3.021231485222256,45,2.0584623268012634,59,3.1403375516902585,46,3.1839279802188694,53,2.16841088688506,68,2.185508574360407,66,2.1168555484392773,54,2.543956777586321,43,2.0615035801848896,56
ank_18_29,2.108913983042069,56,1.464205623422446,65,1.0940246127650113,74,0.8232220900300604,100,0.8597999435866504,75,1.0284479591902742,73,0.792113733632267,67,0.9768387313339483,88,0.8036347374329498,94,0.7018576983443294,91,0.6444990082902755,90
ank_18_37,1.3963166307531871,33,1.244044619172307,46,0.7812582660329771,51,0.9241015058148524,51,0.78645197729768,55,0.7924796155009866,56,0.7665112266239668,55,0.7596026024093652,62,0.7778482440050605,70,0.7299259443782242,67,0.6414900432654511,61
ank_18_39,1.7130964755298188,56,0.7385487415160241,66,0.5317023176274193,89,0.47612184177179195,59,0.6233865907381821,54,0.7232365564851931,55,0.46515157521937567,78,0.3964214681352746,68,0.3677839407776056,80,0.3046816436932171,71,0.37145176289437043,94
ank_18_7,2.5973855611610084,54,2.3347421221727007,82,1.347803608787251,75,1.2710419145166862,107,1.07255977891761,75,1.0469852575539567,84,1.3439603929214665,109,0.7965240048035778,103,0.9749277837709787,108,0.8466537684185697,98,1.0566053411372716,97
ank_19_15,2.79484842385336,51,1.5654591484296505,55,1.6892775440077903,81,1.2753621002923525,78,1.744835165409875,83,1.3576652853808646,69,1.0642256184493082,85,1.3429222691520053,94,1.3526444857262234,98,1.028535025086145,90,0.6917285183317134,87
ank_19_33,4.31472540924909,19,3.372262510328068,25,3.2462754995753595,21,3.6154898327174476,27,4.149227877530963,23,3.575423940018337,29,3.464274059646632,23,3.5594800677068665,22,2.6327637364642693,27,3.4685505196912305,23,3.0054539192172838,22
ank_19_6,2.617815815166602,60,2.3083735854712186,55,2.630554215976076,57,1.9420489302685766,76,2.7486849590033797,67,2.5449363490947214,66,1.8188926771331146,75,2.4068586265039285,68,2.0959331340323653,64,1.5140739193049408,74,1.809936806564279,67
ank_19_9,2.625465191897572,32,2.99314279813248,56,2.0407348586041283,47,1.384723187199566,56,1.2422342386827536,73,1.8279226236338966,61,2.472224705450174,76,2.322083061713374,70,0.964315362676877,85,1.3926518719598997,61,1.218575961849944,70
ank_1_34,3.473055132023447,26,2.761640475080534,42,2.1078991677281147,38,1.8039537943270083,45,1.8064177990572217,43,1.608197902523688,47,1.4978916712389159,59,1.098841117796373,60,1.539606070711952,63,1.4078558103681829,60,1.1522021121657353,67
ank_20_10,2.3238447686911368,42,1.9916223722278679,63,1.4437742284723951,75,0.7027352824894907,100,0.5872705882306557,102,0.6243450802446036,113,0.8619573809207295,99,0.49657881648838237,142,0.4815187152503883,169,0.5064214941746277,159,0.3896793071403552,159
ank_20_19,3.339545118262882,43,2.721489332102622,37,2.775885814524268,39,3.595919799901801,49,3.464749703965955,64,3.975234615271571,24,2.3231518503752904,50,2.6524732404746216,49,2.326725862734614,50,2.8992718095061822,53,2.6371502190734697,54
ank_20_37,1.0153386685246166,105,0.7314159881812523,107,0.5968340918983189,116,0.586938813196589,144,0.5910805440392533,148,0.5664083325198206,139,0.7225188713102156,151,0.5715248537344814,196,0.5223929625285593,185,0.5698328795234691,207,0.5427697294529179,212
ank_20_6,2.953198259465808,53,2.215333210471824,53,1.5003087185572475,55,1.6878083267648547,62,3.4437869745732543,55,3.681078444880024,50,1.8758772748547987,78,2.2820053420602777,74,2.0859361199107718,93,2.627174612765044,75,2.13764460759085,72
ank_22_10,1.9163009480003148,79,1.4056754038074153,81,1.1815417282654979,111,1.201018103133948,112,0.8927518069797532,104,1.1274695416940932,108,0.9670263375622455,125,0.6133823311467836,139,0.4976374049652533,126,0.6854555723841718,171,0.5543922085525592,136
ank_22_16,3.183092814088014,51,3.3142320176311175,39,2.6124854560206963,40,2.745125431904961,53,3.8917381545187864,37,2.949409793774824,57,2.9200709096698594,53,2.205943056906312,58,1.8646305054706531,45,2.2266524905985348,58,1.7442415879349185,50
ank_22_37,1.8768363310702,39,1.7530054549488838,52,1.847032126004852,49,1.1789157993776747,53,1.287961524255822,55,1.2644815904971183,59,1.0682273957787136,69,0.6615309994319878,55,0.752716255335777,61,0.7968273673519707,65,0.8014649420011895,83
ank_23_14,2.28414728193807,66,1.9328196896894676,77,1.820249528825224,59,1.9142062969235178,68,2.1665495741566034,59,2.935885360949574,52,2.028994240788283,77,2.111737862330127,84,1.230767654227771,67,1.4968818797986674,57,1.3776934986856795,54
ank_23_28,1.0840761626184352,66,0.8876862069482394,88,0.95292487283746,98,0.5024102842472616,104,0.6282322418023171,99,0.6268245258311119,93,0.5939404311013045,106,0.5801543995172276,141,0.4605880054899515,130,0.48499383666017526,144,0.498807715306869,155
ank_24_0,2.849717206309148,66,2.599226460679746,83,1.8304539364638188,85,1.796107568819507,81,1.8200676635782802,81,2.4792194444263074,79,1.1476118005606435,96,1.1490166390073364,112,1.1719423392012118,97,1.242498355904079,100,1.4460434049118405,111
ank_24_12,2.2243788583002155,51,2.7762242854926615,45,2.263480471432353,56,1.7914448191655132,59,2.0113901908449687,43,2.2490538427097904,42,1.6503245789240975,65,1.7696576166115863,63,1.569100797615036,72,1.1596180181242155,55,1.2868688590858692,50
ank_24_14,2.8929374480514225,42,2.0492708043530654,81,1.096825139600669,80,1.137157679838015,100,1.3947540543689596,75,1.4131770586948413,74,0.6013432227714107,89,0.446207949645406,125,0.43399039757924834,97,0.4431499080012885,109,0.44201151612031375,102
ank_24_3,3.493766352589964,61,2.943301383754433,57,3.903358366471376,65,3.0077260163140638,54,3.4140913893739753,63,2.8649273748294846,59,2.5663871766646,54,3.0444751488805553,33,3.3085230864280453,39,2.7969773544253194,30,2.876906504640699,43
ank_25_1,2.324888068299498,68,2.1413788551022206,84,1.3123263831800724,79,1.1418038194650049,89,1.3709978280244015,93,1.5248833278463954,102,1.1443620407854849,114,0.8661836629226044,121,0.8993796987819422,114,0.9623271572896049,142,1.0383937622918609,153
ank_25_14,3.0427482489735964,50,2.8361972634126915,45,3.180024509428833,51,3.19850555597659,54,3.3527078879116035,52,2.8023619004145432,64,1.652667501566194,70,2.3560609119957374,63,1.386718091549452,65,1.6900457568906055,83,1.832869866277535,50
ank_25_16,3.184549785322961,58,3.2571293814026108,48,2.3155498243872703,48,2.521802020597335,63,2.785326177095027,61,2.356482357711994,54,2.423960551494359,61,1.628508294115842,53,1.5088200352889602,67,1.579330046633142,56,1.421940598874978,68
ank_25_37,2.8801973886597163,37,1.93228249970255,48,2.1725645656104122,51,1.3457271069787524,69,1.286765991655472,65,1.7788730290956276,71,1.203090344478451,73,1.214468157169054,64,0.9963840203623157,77,1.0085587026081435,67,0.9257038907413375,70
ank_26_21,2.3878711270619757,50,2.358847003465612,37,1.072881719368274,46,2.6545836945430312,41,1.6244734020483809,43,2.741008096435464,38,2.0233817250581287,57,1.4851759981698471,47,1.313928597232285,59,1.071433353316354,43,1.171065405570968,51
ank_26_22,2.949241989452295,35,1.3031248501909334,31,0.9952138333315212,39,0.9752570617894671,60,1.6589232687374451,39,1.8048671006640489,37,0.7083870012174238,52,1.2652171252605657,75,0.9420318930636572,72,1.056170138098007,72,0.8392594316257415,60
ank_26_29,0.843267860813069,96,0.9180417061328168,140,0.7731411006337151,177,0.6811731149876036,277,0.7056033413768799,269,0.7103899709716163,266,0.5550225983589943,258,0.5380065288805582,340,0.5548334155115622,374,0.5622097954562755,372,0.5876671279014386,359
ank_26_3,1.5236503168188016,86,1.6820147069763514,91,1.3498384922764233,100,1.9868660399621336,106,1.5358581261193416,88,1.3866114865993708,72,1.338853711401696,95,1.2021276224629298,107,0.7072597153400276,101,0.7672520262219698,111,0.9629204580780959,128
ank_26_35,3.7947434073293462,37,4.440937940165735,30,4.270371398874612,28,3.555794950194471,29,2.899824781249531,29,2.986497538829277,42,3.5919097865742593,35,3.2200360608083756,49,2.8821528656112223,19,3.109878384501253,46,3.2018816668050816,34
ank_26_5,2.1644806762396795,73,1.4308519697267752,87,1.1435604208794374,100,1.0139282246533228,104,0.9053487899240571,105,1.2679324630592357,119,0.7669362012225007,122,0.6738301267174884,122,0.5908115881798456,125,0.6531882116597016,144,0.5950375362536717,130
ank_27_14,3.9589737860704632,58,2.904652211629539,42,2.951790747455195,53,3.6385190002048025,46,3.3027643965962064,42,3.184952558794532,55,3.6470757238671494,39,3.5818537036470364,57,3.256534265437131,54,2.91686328036735,45,3.4291154478350037,44
ank_27_40,3.164839753789221,38,2.914276859893602,55,2.5685103287930815,42,2.3025914329035535,51,2.060569140221313,37,2.426731249392337,45,2.683479709990971,52,2.5694820704989416,50,2.272412644772884,57,2.3472805402230077,35,2.3217661225981487,44
ank_28_27,2.8721229839741707,40,1.8137401662875363,41,1.187838560056144,52,1.2920456819566868,49,1.4185325717083859,52,1.4729611851578275,50,1.1000797594132443,55,0.7517104651488518,60,0.9319545240921585,65,0.6080163648800092,53,0.9845557307574623,60
ank_28_37,1.2579217692025366,89,0.870059780134292,113,0.726742095362522,117,0.6376338511316226,174,0.7610343509225699,172,0.6148310383329665,167,0.5574867222305343,143,0.5303161125867614,172,0.5779379768502513,205,0.546393458783087,197,0.6296833170354083,193
ank_28_38,1.5318626584435702,47,0.9841160306014284,52,1.6983197638995926,49,1.1709723014731284,53,1.4027575824221423,53,1.7402209890911102,47,2.3058565733018357,46,1.4028488031290116,55,1.2726207352390342,57,0.8621435284855319,48,1.3084428805012849,47
ank_28_9,3.1075607318622716,54,3.515170768104516,61,3.3718266533699564,51,4.067224436190952,57,2.8216193654473263,66,3.169120050745941,46,2.7828254279976763,49,3.328995054899709,52,2.8553181716246883,38,2.8225146617835684,51,3.210338767809523,61
ank_29_0,1.835207884054358,69,2.1547620477306935,75,1.8074692163318844,76,1.5406188990810294,90,1.1536780823475121,78,2.040294235224473,66,1.2779275467353308,102,0.9687731848252196,94,1.0034705728049007,96,0.9636162221015908,77,0.7971331919736093,76
ank_29_11,3.9944975115326615,42,4.220229131489354,44,3.4643439864747183,34,3.478918721896295,56,3.2236153884292573,50,4.151796457092824,58,3.551874553171327,42,3.183201232687425,39,3.209332316395394,46,2.343395932055586,44,2.471419976003354,41
ank_29_21,2.7096024964517307,37,2.2223930257983793,46,1.8768572504726366,40,1.8746082793697854,48,2.5694084290175216,41,2.5917983095370074,43,2.1620113101385394,48,1.3848009943635113,47,2.1564994108148072,53,1.2195367490810425,52,1.5662013462394404,51
ank_29_24,1.8262782035956349,77,0.9954487659615966,81,0.8956147580451382,105,0.7860950978081978,131,0.7958378574140021,143,0.7622009988278138,124,0.7294218497768572,148,0.6395744431956445,222,0.6001619465912705,204,0.5960053685502308,179,0.603242388673271,189
ank_29_26,3.720947211507616,42,1.8063032226572038,55,1.4250223102634216,73,0.7532362526064911,75,0.6358104221189048,84,0.8869290211240087,81,1.2023079861074715,98,0.7397850661276169,107,0.6145641425315524,104,0.6556750823816473,105,0.5766254405118678,95
ank_2_12,1.978966927870006,77,1.9760589667474615,82,1.6406877891689327,84,1.8221553026803863,89,1.7433123314585166,83,1.8488372706486023,68,1.3672128455148729,105,1.3610432370188408,88,1.0156272742666623,89,0.9242396586208939,98,1.019406210690357,101
ank_2_23,2.769826729071904,41,2.005434877783841,45,1.6249096351499734,47,0.9705626662812968,53,1.143809062858184,50,1.1042515221722349,58,0.8169448504348258,70,0.9050581234877562,57,0.6915493604895818,64,0.7349139687089274,66,0.7439869514642954,76
ank_30_30,1.2229625608541594,84,0.834310678871522,113,0.6990899609372967,120,0.47860997235629293,128,0.6303069407457785,117,0.5660784029817222,124,0.5361481029635724,171,0.4755582515503602,201,0.4498724057355757,210,0.4094051054341231,186,0.4208278448282339,187
ank_30_7,2.143560212861101,85,1.3389346363359453,106,0.8298928593140654,99,1.0492541364001673,119,1.2382031565272111,130,1.5469717650218764,103,0.6876234730537396,105,0.6261238577232591,119,0.6825880390853605,127,0.71465489559236,128,0.7097965821920265,142
ank_31_32,1.2935808705680123,110,0.7323113008234476,133,0.6998389819479774,169,0.5207818092194212,212,0.5631462810677093,192,0.5092138199390996,198,0.5549661085294141,225,0.5130789539615307,267,0.5112159103744027,277,0.47157019719490545,277,0.5022574856319099,293
ank_31_7,1.5562532140569327,106,1.1113059528338423,130,0.8171031830899904,138,0.6450601637582547,128,0.8307826384428929,115,0.9334256799529206,111,0.48813223247193827,173,0.4535530799935003,181,0.43751821586739886,178,0.4138126426936153,187,0.5079265007148945,197
ank_32_12,3.526263112122079,43,3.092904810556622,54,3.3786007989312457,57,2.6144786041106953,69,3.245359594414169,49,3.543639996974869,45,3.3996545755072622,62,3.0048841789566896,70,3.7097623988547204,59,3.5210594021931807,51,3.0559965295657636,75
ank_32_21,2.578338881427557,56,1.8320071173749135,69,1.5271528965837984,62,1.1832968163304123,84,1.371669354226,63,0.9857569341239543,88,0.8461689653829335,92,0.8589158584065678,92,0.7797993746944262,100,0.8238142132507418,126,0.8356272521166039,109
ank_32_37,1.1410843858849529,109,0.7131225666416794,126,0.6951279971149054,174,0.6089974926686512,278,0.5481769205382634,237,0.610517702999386,220,0.6523824120395797,225,0.5105771531326903,274,0.5413350727847128,298,0.5617145379775745,295,0.5673116742253552,316
ank_33_25,0.7384506999607716,122,0.6942057331514275,158,0.5720233404607585,168,0.6444443135891222,237,0.5555338949594513,222,0.657771262057562,214,0.5053835774520835,235,0.5263664584901092,267,0.46932904142353027,255,0.48561420027595537,259,0.5298101854786792,266
ank_33_3,1.2171221982622071,102,1.2033835378314282,119,0.8927029101493973,133,0.9741680848451926,146,0.9950627018351469,139,1.0181896766266023,111,0.68550986796287,182,0.6793061579134592,188,0.7460109738850584,231,0.5681866343176915,208,0.5285886818562793,207
ank_33_34,1.0620638328956362,135,0.8137893260579291,171,0.6289204507145909,219,0.5486305260772311,301,0.5106254177183318,301,0.5404765875113329,331,0.4993221194283579,289,0.47644061137836946,386,0.4736297592725534,425,0.4548046760573654,464,0.4556633313755585,479
ank_33_36,0.94441882722684,87,0.669724684875514,136,0.5741131727517692,150,0.5005616528462892,183,0.5314147273417247,184,0.5936773949009172,191,0.5216889450822204,215,0.46945777586705884,223,0.4960521446586893,227,0.4455469567475555,247,0.4499446465866023,279
ank_34_11,2.1287737687110035,93,1.7067684293176706,124,1.3229094310869727,109,0.9808508578978874,151,0.9522395077463233,135,1.3052032006098193,92,0.5016179233114104,159,0.5040158208691226,181,0.48059403024461733,170,0.4711164193676135,186,0.5816693339855743,196
ank_34_15,3.247861950784367,68,2.0202799261194375,69,1.5502387157632016,75,1.5438827201825496,69,1.4799457094596409,65,1.2473490565322642,84,1.1838915170666882,72,0.9895897847567507,84,0.9169378931984453,85,0.9718942265837719,79,0.8399524116853312,85
ank_34_21,2.0619582677506365,45,1.1816147467935108,65,1.3378218418008936,68,0.8495424364697701,50,0.8520810067385861,61,0.789317538417043,62,0.8883556159424855,60,0.6638368034487598,95,0.9120624934459209,88,0.6164051272139757,80,0.5083716019979065,84
ank_34_30,0.9276991144080392,121,0.774659776220098,156,0.7166775316506447,177,0.5698727958159494,213,0.5502174089718017,181,0.4695065329589796,173,0.5706595374363115,237,0.4994524839301942,267,0.494179434184861,296,0.49102959028356813,299,0.5414120876482644,312
ank_35_11,1.3642746469371168,122,0.973716166665896,110,1.2078288877144192,116,0.8983865997422106,123,0.8814397360645605,111,1.0271082610721134,104,0.6333237196831459,193,0.574633132966136,198,0.6806891146281072,163,0.6007381873677985,200,0.5524479629337832,185
ank_35_28,1.107907097753739,163,0.8132659592057754,138,0.7434852915287944,171,0.6974378197944537,269,0.6484613349771741,266,0.6798286163993654,254,0.661875657722395,303,0.5685374629721738,326,0.5325159819870385,387,0.45164621108167974,411,0.4771187690581181,408
ank_35_39,2.095562543136553,38,1.6109897801784565,60,1.3934476803308045,53,0.7927315905604999,51,1.5612234286594586,56,1.7829067464602768,67,1.4452828457944453,76,1.1469922567478754,87,0.7985563534725527,64,0.8147324629911861,74,0.5906188320969932,69
ank_35_7,2.025982801213879,58,1.1258643985300045,82,1.129043493958948,81,1.8313933384780416,94,1.3575433778903865,79,1.554328497374863,76,0.5488393883816576,100,0.8138953016844981,101,0.6602029535290436,99,0.7215500096105325,126,0.7383310369848441,118
ank_36_40,4.06478319959864,38,3.342934240688524,29,2.8712881306705342,51,3.8026319384410856,63,4.6734855918428835,50,3.650059680660775,51,2.4306904530141713,46,2.927913017479403,53,2.749085231559591,43,2.642523607623989,47,2.98641088364331,54
ank_38_19,4.571640519758185,27,2.553801342843826,36,1.7246116787145795,20,2.6986251425621974,43,1.8724863225496162,24,3.4730099745568714,31,2.891051462375853,38,2.3786004545321626,31,2.5863612967415515,43,3.000427495698871,34,2.794818809823465,27
ank_38_22,1.0934926310796658,93,0.8822856628787886,107,0.7534278243098123,124,0.602534060161466,143,0.5275122487362742,154,0.5181827495305769,146,0.5122883368442277,192,0.5281939184224049,221,0.5044596537346897,225,0.47387522010872746,217,0.48693306291153127,214
ank_38_24,3.289505946454829,25,1.2488953736725907,49,1.0625605529917372,46,1.9458404509437177,49,1.5508096767950947,38,1.7426444983471063,56,0.9450775389877927,54,0.7371011670615721,49,1.0602433900181896,64,1.019760160305776,56,0.9282048402109847,65
ank_38_27,2.1426518976101363,46,1.3044562240353792,58,1.4941745323070998,59,1.000648935227864,59,1.1592658033538066,63,1.3532223503845628,62,1.084661609399056,72,0.9239755146242701,70,0.885632646791239,65,0.9649498122660469,69,1.1399744536200602,72
ank_38_40,4.572350961205214,36,2.983301719726648,44,2.3638361524927247,42,2.058153032436169,49,2.1617801657417295,59,2.4207481155170854,36,2.099014788828305,49,1.7266807737038048,63,2.0583983902203937,54,2.4006178398189935,45,1.6101347386064622,53
ank_38_9,1.0070154102404998,76,0.7571322622343029,92,0.7678805352140876,122,0.6722396031633598,119,0.7303845963491822,105,0.8705936608907947,97,0.6073543537836376,127,0.678876010724849,148,0.6315324079067826,144,0.6725383526846138,158,0.5841616985271202,147
ank_39_1,3.857704303971118,43,2.936447132661974,37,3.690342524510176,40,2.4924774777423466,57,3.8128293314827113,34,3.52233105225224,48,3.309405797483783,50,2.9522702425147243,48,2.467046228688142,44,2.413718698514621,58,2.835716256757162,55
ank_3_13,3.2403907286669265,42,2.3659775308179976,51,2.3416487650728626,55,2.091701710481925,65,2.3500413429549454,62,2.8476216397629504,52,1.8196160442302223,60,1.1887011875705644,82,1.1663705809681644,76,0.9171417941739164,77,0.858501258776104,67
ank_3_25,3.465864653519852,50,3.229088166426072,39,3.4892712142323323,42,3.6105316920077524,54,4.121078153673289,43,3.611122189788926,38,2.1413160249454117,56,1.963637925235307,51,2.0212397702823535,51,2.3503127825085945,58,2.134243111707038,59
ank_3_29,3.442547409282412,13,4.733346134572511,17,4.291937156721391,9,4.115120896399823,24,3.0178501048165147,15,3.3228252324658576,17,5.276949355240722,18,3.8110124460615316,22,3.5533262585177523,16,4.239278641450852,20,3.2257911038026514,21
ank_3_34,1.3984197669960885,51,1.0646698531836836,50,0.8227582045182364,64,0.6710110200873004,68,0.5438964440119807,81,0.8825105826507691,79,0.7007190584187745,90,0.5263731998724646,85,0.7207915885673629,115,0.665293996463997,95,0.47484226942331687,116
ank_3_39,2.9192768682694235,22,2.161266181835289,34,2.7133779641377584,36,2.3377942330203143,45,3.4316080431125595,43,3.1616342918195315,34,2.2365211766666846,51,2.6876635955919683,38,1.347640228338344,43,1.4772983693993742,43,0.9126096484876194,32
ank_3_9,1.916484618327928,52,1.123728087354076,65,1.3483537857071104,62,1.3196753764665916,69,1.4697298958402665,74,1.6181411376305608,70,1.5721820988624355,68,1.1345933918732611,97,0.7701258146406139,102,1.2291257275777392,110,1.2664108313485707,98
ank_40_19,1.059808318045326,81,0.9251486760574448,97,0.7119014881857276,103,0.5927565741716716,91,0.5157534957457134,109,0.6238103362466808,100,0.5704346613758442,102,0.5554078104821379,123,0.45083323883015947,122,0.49229598310689837,119,0.5374124268001217,124
ank_40_2,3.5384579212473257,36,4.066613489638529,35,3.459100555437387,59,2.4256863779648787,45,2.424195567991265,35,3.676383095929639,52,2.578756870300386,54,2.2748684348860704,57,2.7799017160077297,41,2.7305448990048466,48,2.018987517103441,46
ank_40_40,3.28750465661171,25,2.7547690522515893,50,2.7335735153195664,44,2.7340360505543453,48,4.374272520404604,38,4.8985907254702035,25,2.766402694549152,47,2.421953125216783,42,3.0006465787303327,39,2.7160648470213022,31,2.3306649661876757,57
ank_41_0,2.426187977116153,43,1.7613594490540518,42,2.24520640320155,51,2.1538250955758915,73,2.0254479778126453,53,2.694807015210188,58,1.9215699938541138,69,1.8216170918376762,52,1.4307978788336189,65,1.6556469241379657,68,1.244248917733641,70
ank_41_1,2.0345253557256497,38,3.461918573506833,38,2.3963388072507206,46,2.2935959438216447,56,2.9376675838841795,50,3.258922276424344,28,1.797507971427664,47,2.564130773420499,45,2.702256582743308,40,1.5053001769007601,43,2.419860540518488,43
ank_41_19,3.3341715937949523,28,2.7906142284114366,28,2.9114289089305756,34,3.847467060333181,31,2.9942326373693513,39,3.2279290834105385,30,2.874660433801764,20,3.215096175658788,38,3.87712755300038,40,2.9140849801235857,48,1.994165439008134,35
ank_41_40,3.098666632884822,25,3.8669539243231523,26,3.867693236849117,29,3.432393644105004,40,3.5395212028624776,39,3.7981261846204033,40,3.978123948304119,38,3.9977445798804965,34,3.3084270225071544,28,3.208023730520437,41,2.9209696535974383,26
ank_4_23,3.839902619777315,32,2.7712882677745743,43,3.5779638007525705,46,2.2942434193317958,45,3.6616082465721584,42,1.9134234272950694,51,1.6317493838161452,59,2.6328919043795045,50,1.3368403807534674,50,2.0740740264432054,69,2.0125235894090783,49
ank_4_41,3.667302818899143,35,2.5513332345183546,29,2.1832679403180273,41,2.5869373055606664,45,2.2008784156862937,41,1.6784378294264015,33,1.0702337442487313,31,1.0780005480572408,62,0.750803046468102,53,1.025524372783108,53,0.9435229697365307,53
ank_5_12,1.2636424016899404,102,0.7560966499320831,122,0.7443010652298836,158,0.5647771720201227,139,0.7377614292540683,125,0.8135802292861791,122,0.47821576423474094,227,0.4348429040364359,208,0.3630438182688261,185,0.36812621899245834,219,0.33958030474994416,208
ank_5_40,2.9529203820752095,11,4.861662841016974,16,4.866911605098715,14,3.359140839276216,19,3.622592938896768,22,3.303897163355096,21,4.307537200863038,15,3.6229503353505383,17,4.879533274966193,24,3.9657922003230843,21,3.8096591401636033,14
ank_5_5,1.91496902998628,75,1.0449750264554827,91,1.1211463848915397,113,0.971088571399825,80,1.0050576866502647,115,1.8508809953759344,75,0.5722890884996938,138,0.4648285047446523,106,0.4289614047762221,123,0.4959717692826572,124,0.45612895495689376,123
ank_6_10,1.701941016175065,78,2.2740730060332823,98,1.8616022574539526,85,2.0430338615839636,89,2.07172677877173,95,3.1650110758835472,62,1.7661608454573807,107,1.4767824542386905,107,1.7524630479209362,95,1.2217416816532234,108,1.2379506487353265,98
ank_6_38,2.565681799046371,23,3.3987200811523284,15,3.1717235606526035,23,1.6941515468996093,23,2.629850152423435,22,1.7171732668755078,14,2.891921035716683,22,2.9212217032302137,26,3.6641420776483944,22,2.868279879958953,14,2.2799928841208623,15
ank_7_36,4.879859744562963,15,4.073360231068245,20,3.7311931851253446,20,3.659829768070699,16,3.963343508219559,21,3.5360273125902575,16,3.477034291890883,15,3.628183425276833,21,2.369900469898417,13,3.713380489895857,20,4.345727543799041,24
ank_7_8,2.5132355566538624,87,2.3477461192047855,84,2.076256618035561,78,2.141333769428207,86,2.660224789453406,80,2.96828132815535,93,1.4381660412204775,118,0.8820651551821491,115,0.8891577075596201,100,1.0729680583542083,99,1.1034106780833217,118
ank_8_19,3.894557755594142,36,3.8624537258841305,35,3.9846130026539814,36,3.038040487929843,39,2.558447339023999,31,3.7406981138739654,58,2.5761713270040025,73,3.0441751986576677,55,2.3512637788009267,38,2.652804758181186,36,2.402369667511601,44
ank_8_22,2.9705626908333747,54,2.1414295661069422,40,1.515371913635673,52,1.5559083020715518,62,1.0521907271691247,47,1.6303168483537058,59,0.7417062452781846,59,0.7365870918365147,78,0.6771849658977636,69,0.7117047709709047,72,0.7714347745845727,80
ank_8_31,2.4848005592675184,22,1.9789206892914937,39,1.7632713146975028,42,1.5239521095378883,43,2.858457683630265,33,1.0723421171749756,29,2.1904852979953064,53,1.8318793773866362,51,1.6679283474742101,55,1.7987750902114084,59,1.940852646874725,44
ank_8_41,1.38301893146909,58,1.0079689765910964,77,0.8592248757702785,86,0.5692782445114994,136,0.5199304085162976,113,0.5757830894320346,105,0.7381437074603581,104,0.5358632039612183,114,0.41731847882818485,134,0.4342427841474674,127,0.43596708069896345,131
ank_9_1,1.968581326970428,57,2.8276375074378275,51,2.4701129520437535,48,2.210613231601695,57,1.8611658255907135,53,2.7185992986954934,71,1.361130380724143,76,1.0110841142324762,76,1.2817314483784727,80,1.5575148005317918,88,1.3129314551422484,70
ank_9_24,3.1044634959965274,36,2.357214903642347,55,2.1202907421811057,59,1.4363077179975745,57,1.849396467812681,65,1.6436596880629888,56,1.1871002716049979,55,1.2047786079518716,75,0.5330741903874023,71,0.6828732708304524,73,0.7517423633072704,77
ank_9_25,3.886089116765112,47,1.4316280082644992,50,0.871603088730051,58,0.9448058279799432,62,0.8194431961079547,66,0.9810368850975079,47,0.728614392186074,57,0.6116327745227095,89,0.5011724512584942,76,0.5901627639718829,59,0.45463092039675185,76
