gx,gy,easting,northing,nodata,cloud_scl,snow
0,0,600000.0,4400040.0,0.0,0.0,0.0
1,0,602570.0,4400040.0,0.0,0.0,0.0
2,0,605140.0,4400040.0,0.0,0.0,0.0
3,0,607710.0,4400040.0,0.0,0.0,0.0
4,0,610280.0,4400040.0,0.0,0.0,0.0
5,0,612850.0,4400040.0,0.0,0.0,0.0
6,0,615420.0,4400040.0,0.0,0.0,0.0
7,0,617990.0,4400040.0,0.0,0.0,0.0
8,0,620560.0,4400040.0,0.0,0.0,0.0
9,0,623130.0,4400040.0,0.0,0.0,0.0
10,0,625700.0,4400040.0,0.0,0.0,0.0
11,0,628270.0,4400040.0,0.0,0.0,0.0
12,0,630840.0,4400040.0,0.0,0.0,0.0
13,0,633410.0,4400040.0,0.0,0.0,0.0
14,0,635980.0,4400040.0,0.0,0.0,0.0
15,0,638550.0,4400040.0,0.0,0.0,0.0
16,0,641120.0,4400040.0,0.0,0.0,0.0
17,0,643690.0,4400040.0,2e-05,0.13899,0.0
18,0,646260.0,4400040.0,0.0,0.0,0.0
19,0,648830.0,4400040.0,0.0,0.0,0.0
20,0,651400.0,4400040.0,0.0,0.0,0.0
21,0,653970.0,4400040.0,0.0,0.0,0.0
22,0,656540.0,4400040.0,0.0,0.0,0.0
23,0,659110.0,4400040.0,0.0,0.0,0.0
24,0,661680.0,4400040.0,0.0,0.0,0.0
25,0,664250.0,4400040.0,0.0,0.0,0.0
26,0,666820.0,4400040.0,0.0,0.0,0.0
27,0,669390.0,4400040.0,0.0,0.0,0.0
28,0,671960.0,4400040.0,0.0,0.0,0.0
29,0,674530.0,4400040.0,0.0,0.0,0.0
30,0,677100.0,4400040.0,0.0,0.0,0.0
31,0,679670.0,4400040.0,0.0,0.0,0.0
32,0,682240.0,4400040.0,0.0,0.0,0.0
33,0,684810.0,4400040.0,0.0,0.0,0.0
34,0,687380.0,4400040.0,0.0,0.0,0.0
35,0,689950.0,4400040.0,0.0,0.0,0.0
36,0,692520.0,4400040.0,0.0,0.0,0.0
37,0,695090.0,4400040.0,0.0,0.0,0.0
38,0,697660.0,4400040.0,0.0,0.0,0.0
39,0,700230.0,4400040.0,0.0,0.0,0.0
40,0,702800.0,4400040.0,0.0,0.0,0.0
41,0,705370.0,4400040.0,0.0,0.0,0.0
0,1,600000.0,4397470.0,0.0,0.0,0.0
1,1,602570.0,4397470.0,0.0,0.0,0.0
2,1,605140.0,4397470.0,0.0,0.0,0.0
3,1,607710.0,4397470.0,0.0,0.0,0.0
4,1,610280.0,4397470.0,0.0,0.0,0.0
5,1,612850.0,4397470.0,0.0,0.0,0.0
6,1,615420.0,4397470.0,0.0,0.0,0.0
7,1,617990.0,4397470.0,0.0,0.0,0.0
8,1,620560.0,4397470.0,0.0,0.0,0.0
9,1,623130.0,4397470.0,0.0,0.0,0.0
10,1,625700.0,4397470.0,0.0,0.0,0.0
11,1,628270.0,4397470.0,0.0,0.0,0.0
12,1,630840.0,4397470.0,0.0,0.0,0.0
13,1,633410.0,4397470.0,0.0,0.0,0.0
14,1,635980.0,4397470.0,0.0,0.0,0.0
15,1,638550.0,4397470.0,0.0,0.0,0.0
16,1,641120.0,4397470.0,0.0,0.0,0.0
17,1,643690.0,4397470.0,0.0,0.00709,0.0
18,1,646260.0,4397470.0,0.0,0.0,0.0
19,1,648830.0,4397470.0,0.0,0.0,0.0
20,1,651400.0,4397470.0,0.0,0.0,0.0
21,1,653970.0,4397470.0,0.0,0.0,0.0
22,1,656540.0,4397470.0,0.0,0.0,0.0
23,1,659110.0,4397470.0,0.0,0.0,0.0
24,1,661680.0,4397470.0,0.0,0.0,0.0
25,1,664250.0,4397470.0,0.0,0.0,0.0
26,1,666820.0,4397470.0,0.0,0.0,0.0
27,1,669390.0,4397470.0,0.0,0.0,0.0
28,1,671960.0,4397470.0,0.0,0.0,0.0
29,1,674530.0,4397470.0,0.0,0.0,0.0
30,1,677100.0,4397470.0,0.0,0.0,0.0
31,1,679670.0,4397470.0,0.0,0.0,0.0
32,1,682240.0,4397470.0,0.0,0.0,0.0
33,1,684810.0,4397470.0,0.0,0.0,0.0
34,1,687380.0,4397470.0,0.0,0.0,0.0
35,1,689950.0,4397470.0,0.0,0.0,0.0
36,1,692520.0,4397470.0,3e-05,0.0,0.0
37,1,695090.0,4397470.0,2e-05,0.0,0.0
38,1,697660.0,4397470.0,0.0,0.0,0.0
39,1,700230.0,4397470.0,0.0,0.0,0.0
40,1,702800.0,4397470.0,0.0,0.0,0.0
41,1,705370.0,4397470.0,0.0,0.0,0.0
0,2,600000.0,4394900.0,0.0,0.0,0.0
1,2,602570.0,4394900.0,0.0,0.0,0.0
2,2,605140.0,4394900.0,0.0,0.0,0.0
3,2,607710.0,4394900.0,0.0,0.0,0.0
4,2,610280.0,4394900.0,0.0,0.0,0.0
5,2,612850.0,4394900.0,0.0,0.0,0.0
6,2,615420.0,4394900.0,0.0,0.0,0.0
7,2,617990.0,4394900.0,0.0,0.0,0.0
8,2,620560.0,4394900.0,0.0,0.0,0.0
9,2,623130.0,4394900.0,0.0,0.0,0.0
10,2,625700.0,4394900.0,0.0,0.0,0.0
11,2,628270.0,4394900.0,0.0,0.0,0.0
12,2,630840.0,4394900.0,0.0,0.0,0.0
13,2,633410.0,4394900.0,0.0,0.0,0.0
14,2,635980.0,4394900.0,0.0,0.0,0.0
15,2,638550.0,4394900.0,0.0,0.0,0.0
16,2,641120.0,4394900.0,5e-05,0.10979,0.0
17,2,643690.0,4394900.0,0.0,0.05895,0.0
18,2,646260.0,4394900.0,0.0,0.0,0.0
19,2,648830.0,4394900.0,0.0,0.0,0.0
20,2,651400.0,4394900.0,0.0,0.0,0.0
21,2,653970.0,4394900.0,0.0,0.0,0.0
22,2,656540.0,4394900.0,0.0,0.0,0.0
23,2,659110.0,4394900.0,0.0,0.0,0.0
24,2,661680.0,4394900.0,0.0,0.0,0.0
25,2,664250.0,4394900.0,0.0,0.0,0.0
26,2,666820.0,4394900.0,0.0,0.0,0.0
27,2,669390.0,4394900.0,0.0,0.0,0.0
28,2,671960.0,4394900.0,0.0,0.0,0.0
29,2,674530.0,4394900.0,0.0,0.0,0.0
30,2,677100.0,4394900.0,0.0,0.0,0.0
31,2,679670.0,4394900.0,0.0,0.0,0.0
32,2,682240.0,4394900.0,0.0,0.0,0.0
33,2,684810.0,4394900.0,0.0,0.0,0.0
34,2,687380.0,4394900.0,0.0,0.0,0.0
35,2,689950.0,4394900.0,0.0,0.0,0.0
36,2,692520.0,4394900.0,0.0,0.0,0.0
37,2,695090.0,4394900.0,0.0,0.0,0.0
38,2,697660.0,4394900.0,0.0,0.0,0.0
39,2,700230.0,4394900.0,0.0,0.0,0.0
40,2,702800.0,4394900.0,0.0,0.0,0.0
41,2,705370.0,4394900.0,2e-05,0.0,0.0
0,3,600000.0,4392330.0,0.0,0.0,0.0
1,3,602570.0,4392330.0,0.0,0.0,0.0
2,3,605140.0,4392330.0,0.0,0.0,0.0
3,3,607710.0,4392330.0,0.0,0.0,0.0
4,3,610280.0,4392330.0,0.0,0.0,0.0
5,3,612850.0,4392330.0,0.0,0.0,0.0
6,3,615420.0,4392330.0,0.0,0.0,0.0
7,3,617990.0,4392330.0,0.0,0.0,0.0
8,3,620560.0,4392330.0,0.0,0.0,0.0
9,3,623130.0,4392330.0,0.0,0.0,0.0
10,3,625700.0,4392330.0,0.0,0.0,0.0
11,3,628270.0,4392330.0,0.0,0.0,0.0
12,3,630840.0,4392330.0,0.0,0.0,0.0
13,3,633410.0,4392330.0,0.0,0.03089,0.0
14,3,635980.0,4392330.0,2e-05,0.02265,0.0
15,3,638550.0,4392330.0,0.0,0.0,0.0
16,3,641120.0,4392330.0,6e-05,0.17908,0.0
17,3,643690.0,4392330.0,8e-05,0.11297,0.0
18,3,646260.0,4392330.0,0.0,0.0,0.0
19,3,648830.0,4392330.0,0.0,0.0,0.0
20,3,651400.0,4392330.0,0.0,0.00337,0.0
21,3,653970.0,4392330.0,0.0,0.0,0.0
22,3,656540.0,4392330.0,0.0,0.0,0.0
23,3,659110.0,4392330.0,0.0,0.0,0.0
24,3,661680.0,4392330.0,0.0,0.0,0.0
25,3,664250.0,4392330.0,0.0,0.0,0.0
26,3,666820.0,4392330.0,0.0,0.0,0.0
27,3,669390.0,4392330.0,0.0,0.0,0.0
28,3,671960.0,4392330.0,0.0,0.0,0.0
29,3,674530.0,4392330.0,0.0,0.0,0.0
30,3,677100.0,4392330.0,0.0,0.0,0.0
31,3,679670.0,4392330.0,0.0,0.0,0.0
32,3,682240.0,4392330.0,0.0,0.0,0.0
33,3,684810.0,4392330.0,0.0,0.0,0.0
34,3,687380.0,4392330.0,0.0,0.0,0.0
35,3,689950.0,4392330.0,0.0,0.0,0.0
36,3,692520.0,4392330.0,0.0,0.0,0.0
37,3,695090.0,4392330.0,0.0,0.0,0.0
38,3,697660.0,4392330.0,0.0,0.0,0.0
39,3,700230.0,4392330.0,0.0,0.0,0.0
40,3,702800.0,4392330.0,0.0,0.0,0.0
41,3,705370.0,4392330.0,0.0,0.0,0.0
0,4,600000.0,4389760.0,0.0,0.0,0.0
1,4,602570.0,4389760.0,0.0,0.0,0.0
2,4,605140.0,4389760.0,0.0,0.0,0.0
3,4,607710.0,4389760.0,0.0,0.0,0.0
4,4,610280.0,4389760.0,0.0,0.0,0.0
5,4,612850.0,4389760.0,0.0,0.0,0.0
6,4,615420.0,4389760.0,0.0,0.0,0.0
7,4,617990.0,4389760.0,0.0,0.0,0.0
8,4,620560.0,4389760.0,0.0,0.0,0.0
9,4,623130.0,4389760.0,0.0,0.0,0.0
10,4,625700.0,4389760.0,0.0,0.0,0.0
11,4,628270.0,4389760.0,0.0,0.0,0.0
12,4,630840.0,4389760.0,0.0,0.0,0.0
13,4,633410.0,4389760.0,9e-05,0.05895,0.0
14,4,635980.0,4389760.0,0.0,0.04116,0.0
15,4,638550.0,4389760.0,0.0,0.00084,0.0
16,4,641120.0,4389760.0,2e-05,0.04639,0.0
17,4,643690.0,4389760.0,6e-05,0.17914,0.0
18,4,646260.0,4389760.0,0.0,0.0,0.0
19,4,648830.0,4389760.0,0.0,0.0,0.0
20,4,651400.0,4389760.0,0.0,0.0,0.0
21,4,653970.0,4389760.0,0.0,0.0,0.0
22,4,656540.0,4389760.0,0.0,0.0,0.0
23,4,659110.0,4389760.0,0.0,0.0,0.0
24,4,661680.0,4389760.0,0.0,0.0,0.0
25,4,664250.0,4389760.0,0.0,0.0,0.0
26,4,666820.0,4389760.0,0.0,0.0,0.0
27,4,669390.0,4389760.0,0.0,0.0,0.0
28,4,671960.0,4389760.0,0.0,0.0,0.0
29,4,674530.0,4389760.0,2e-05,0.0,0.0
30,4,677100.0,4389760.0,3e-05,0.0,0.0
31,4,679670.0,4389760.0,0.0,0.0,0.0
32,4,682240.0,4389760.0,0.0,0.0,0.0
33,4,684810.0,4389760.0,0.0,0.0,0.0
34,4,687380.0,4389760.0,0.0,0.0,0.0
35,4,689950.0,4389760.0,0.0,0.0,0.0
36,4,692520.0,4389760.0,0.0,0.0,0.0
37,4,695090.0,4389760.0,0.0,0.0,0.0
38,4,697660.0,4389760.0,0.0,0.0,0.0
39,4,700230.0,4389760.0,0.0,0.0,0.0
40,4,702800.0,4389760.0,0.0,0.0,0.0
41,4,705370.0,4389760.0,0.0,0.0,0.0
0,5,600000.0,4387190.0,0.0,0.0,0.0
1,5,602570.0,4387190.0,0.0,0.0,0.0
2,5,605140.0,4387190.0,0.0,0.0,0.0
3,5,607710.0,4387190.0,0.0,0.0,0.0
4,5,610280.0,4387190.0,0.0,0.0,0.0
5,5,612850.0,4387190.0,0.0,0.0,0.0
6,5,615420.0,4387190.0,0.0,0.0,0.0
7,5,617990.0,4387190.0,0.0,0.0,0.0
8,5,620560.0,4387190.0,0.0,0.0,0.0
9,5,623130.0,4387190.0,0.0,0.0,0.0
10,5,625700.0,4387190.0,0.0,0.0,0.0
11,5,628270.0,4387190.0,0.0,0.0,0.0
12,5,630840.0,4387190.0,0.0,0.0,0.0
13,5,633410.0,4387190.0,0.0,0.0,0.0
14,5,635980.0,4387190.0,0.0,0.0,0.0
15,5,638550.0,4387190.0,2e-05,0.09831,0.0
16,5,641120.0,4387190.0,5e-05,0.10162,0.0
17,5,643690.0,4387190.0,2e-05,0.01274,0.0
18,5,646260.0,4387190.0,0.0,0.0,0.0
19,5,648830.0,4387190.0,0.0,0.0,0.0
20,5,651400.0,4387190.0,0.0,0.0,0.0
21,5,653970.0,4387190.0,0.0,0.0,0.0
22,5,656540.0,4387190.0,0.0,0.0,0.0
23,5,659110.0,4387190.0,0.0,0.0,0.0
24,5,661680.0,4387190.0,0.0,0.0,0.0
25,5,664250.0,4387190.0,0.0,0.0,0.0
26,5,666820.0,4387190.0,0.0,0.0,0.0
27,5,669390.0,4387190.0,0.0,0.0,0.0
28,5,671960.0,4387190.0,0.0,0.0,0.0
29,5,674530.0,4387190.0,0.00011,0.0,0.0
30,5,677100.0,4387190.0,0.0,0.0,0.0
31,5,679670.0,4387190.0,0.0,0.0,0.0
32,5,682240.0,4387190.0,0.0,0.0,0.0
33,5,684810.0,4387190.0,0.0,0.0,0.0
34,5,687380.0,4387190.0,0.0,0.0,0.0
35,5,689950.0,4387190.0,0.0,0.0,0.0
36,5,692520.0,4387190.0,0.0,0.0,0.0
37,5,695090.0,4387190.0,0.0,0.0,0.0
38,5,697660.0,4387190.0,0.0,0.0,0.0
39,5,700230.0,4387190.0,0.0,0.0,0.0
40,5,702800.0,4387190.0,0.0,0.0,0.0
41,5,705370.0,4387190.0,0.0,0.0,0.0
0,6,600000.0,4384620.0,0.0,0.0,0.0
1,6,602570.0,4384620.0,0.0,0.0,0.0
2,6,605140.0,4384620.0,0.0,0.0,0.0
3,6,607710.0,4384620.0,0.0,0.0,0.0
4,6,610280.0,4384620.0,0.0,0.0,0.0
5,6,612850.0,4384620.0,0.0,0.0,0.0
6,6,615420.0,4384620.0,0.0,0.0,0.0
7,6,617990.0,4384620.0,0.0,0.0,0.0
8,6,620560.0,4384620.0,0.0,0.0,0.0
9,6,623130.0,4384620.0,0.0,0.0,0.0
10,6,625700.0,4384620.0,0.0,0.0,0.0
11,6,628270.0,4384620.0,0.0,0.13978,0.0
12,6,630840.0,4384620.0,0.0,0.00084,0.0
13,6,633410.0,4384620.0,0.0,0.04333,0.0
14,6,635980.0,4384620.0,0.0,0.0,0.0
15,6,638550.0,4384620.0,0.0,0.0,0.0
16,6,641120.0,4384620.0,0.0,0.00463,0.0
17,6,643690.0,4384620.0,0.0,0.0417,0.0
18,6,646260.0,4384620.0,0.0,0.0,0.0
19,6,648830.0,4384620.0,0.0,0.0,0.0
20,6,651400.0,4384620.0,0.0,0.0,0.0
21,6,653970.0,4384620.0,0.0,0.0,0.0
22,6,656540.0,4384620.0,0.0,0.0,0.0
23,6,659110.0,4384620.0,0.0,0.0,0.0
24,6,661680.0,4384620.0,0.0,0.0,0.0
25,6,664250.0,4384620.0,0.0,0.0,0.0
26,6,666820.0,4384620.0,0.0,0.0,0.0
27,6,669390.0,4384620.0,0.0,0.0,0.0
28,6,671960.0,4384620.0,0.0,0.0,0.0
29,6,674530.0,4384620.0,0.0,0.0,0.0
30,6,677100.0,4384620.0,0.0,0.0018,0.0
31,6,679670.0,4384620.0,0.0,0.0,0.0
32,6,682240.0,4384620.0,0.0,0.0,0.0
33,6,684810.0,4384620.0,0.0,0.0,0.0
34,6,687380.0,4384620.0,0.0,0.0,0.0
35,6,689950.0,4384620.0,0.0,0.0,0.0
36,6,692520.0,4384620.0,0.0,0.0,0.0
37,6,695090.0,4384620.0,0.0,0.0,0.0
38,6,697660.0,4384620.0,0.0,0.0,0.0
39,6,700230.0,4384620.0,0.0,0.0,0.0
40,6,702800.0,4384620.0,0.0,0.0,0.0
41,6,705370.0,4384620.0,0.0,0.0,0.0
0,7,600000.0,4382050.0,0.0,0.0,0.0
1,7,602570.0,4382050.0,0.0,0.0,0.0
2,7,605140.0,4382050.0,0.0,0.0,0.0
3,7,607710.0,4382050.0,0.0,0.0,0.0
4,7,610280.0,4382050.0,0.0,0.0,0.0
5,7,612850.0,4382050.0,0.0,0.0,0.0
6,7,615420.0,4382050.0,0.0,0.0,0.0
7,7,617990.0,4382050.0,0.0,0.0,0.0
8,7,620560.0,4382050.0,0.0,0.0,0.0
9,7,623130.0,4382050.0,0.0,0.0,0.0
10,7,625700.0,4382050.0,0.0,0.0,0.0
11,7,628270.0,4382050.0,0.0,0.0125,0.0
12,7,630840.0,4382050.0,0.0,0.00078,0.0
13,7,633410.0,4382050.0,0.0,0.0,0.0
14,7,635980.0,4382050.0,0.0,0.0,0.0
15,7,638550.0,4382050.0,0.0,0.00024,0.0
16,7,641120.0,4382050.0,0.0,0.0,0.0
17,7,643690.0,4382050.0,0.0,0.0,0.0
18,7,646260.0,4382050.0,0.0,0.0,0.0
19,7,648830.0,4382050.0,0.0,0.0,0.0
20,7,651400.0,4382050.0,0.0,0.0,0.0
21,7,653970.0,4382050.0,0.0,0.0,0.0
22,7,656540.0,4382050.0,0.0,0.0,0.0
23,7,659110.0,4382050.0,0.0,0.0,0.0
24,7,661680.0,4382050.0,0.0,0.0,0.0
25,7,664250.0,4382050.0,0.0,0.0,0.0
26,7,666820.0,4382050.0,0.0,0.0,0.0
27,7,669390.0,4382050.0,0.0,0.0,0.0
28,7,671960.0,4382050.0,0.0,0.0,0.0
29,7,674530.0,4382050.0,0.0,0.0,0.0
30,7,677100.0,4382050.0,0.0,0.0,0.0
31,7,679670.0,4382050.0,0.0,0.0,0.0
32,7,682240.0,4382050.0,0.0,0.0,0.0
33,7,684810.0,4382050.0,0.0,0.0,0.0
34,7,687380.0,4382050.0,0.0,0.0,0.0
35,7,689950.0,4382050.0,0.0,0.0,0.0
36,7,692520.0,4382050.0,0.0,0.0,0.0
37,7,695090.0,4382050.0,0.0,0.0,0.0
38,7,697660.0,4382050.0,0.0,0.0,0.0
39,7,700230.0,4382050.0,0.0,0.0,0.0
40,7,702800.0,4382050.0,0.0,0.0,0.0
41,7,705370.0,4382050.0,0.0,0.0,0.0
0,8,600000.0,4379480.0,0.0,0.0,0.0
1,8,602570.0,4379480.0,0.0,0.0,0.0
2,8,605140.0,4379480.0,0.0,0.0,0.0
3,8,607710.0,4379480.0,0.0,0.0,0.0
4,8,610280.0,4379480.0,0.0,0.0,0.0
5,8,612850.0,4379480.0,0.0,0.0,0.0
6,8,615420.0,4379480.0,0.0,0.0,0.0
7,8,617990.0,4379480.0,0.0,0.0,0.0
8,8,620560.0,4379480.0,0.0,0.0,0.0
9,8,623130.0,4379480.0,0.0,0.0,0.0
10,8,625700.0,4379480.0,0.0,0.0,0.0
11,8,628270.0,4379480.0,0.0,0.0,0.0
12,8,630840.0,4379480.0,0.0,0.0,0.0
13,8,633410.0,4379480.0,0.0,0.0,0.0
14,8,635980.0,4379480.0,0.0,0.0,0.0
15,8,638550.0,4379480.0,0.0,0.0,0.0
16,8,641120.0,4379480.0,0.0,0.0,0.0
17,8,643690.0,4379480.0,0.0,0.0,0.0
18,8,646260.0,4379480.0,0.0,0.0,0.0
19,8,648830.0,4379480.0,0.0,0.0,0.0
20,8,651400.0,4379480.0,0.0,0.0,0.0
21,8,653970.0,4379480.0,0.0,0.0,0.0
22,8,656540.0,4379480.0,0.0,0.0,0.0
23,8,659110.0,4379480.0,0.0,0.0,0.0
24,8,661680.0,4379480.0,0.0,0.0,0.0
25,8,664250.0,4379480.0,0.0,0.0,0.0
26,8,666820.0,4379480.0,0.0,0.0,0.0
27,8,669390.0,4379480.0,0.0,0.0,0.0
28,8,671960.0,4379480.0,0.0,0.0,0.0
29,8,674530.0,4379480.0,0.0,0.0,0.0
30,8,677100.0,4379480.0,0.0,0.0,0.0
31,8,679670.0,4379480.0,0.0,0.0,0.0
32,8,682240.0,4379480.0,0.0,0.0,0.0
33,8,684810.0,4379480.0,0.0,0.0,0.0
34,8,687380.0,4379480.0,0.0,0.0,0.0
35,8,689950.0,4379480.0,0.0,0.0,0.0
36,8,692520.0,4379480.0,0.0,0.0,0.0
37,8,695090.0,4379480.0,0.0,0.0,0.0
38,8,697660.0,4379480.0,0.0,0.0,0.0
39,8,700230.0,4379480.0,0.0,0.0,0.0
40,8,702800.0,4379480.0,0.0,0.0,0.0
41,8,705370.0,4379480.0,0.0,0.0,0.0
0,9,600000.0,4376910.0,0.0,0.0,0.0
1,9,602570.0,4376910.0,0.0,0.0,0.0
2,9,605140.0,4376910.0,0.0,0.0,0.0
3,9,607710.0,4376910.0,0.0,0.0,0.0
4,9,610280.0,4376910.0,0.0,0.0,0.0
5,9,612850.0,4376910.0,0.0,0.0,0.0
6,9,615420.0,4376910.0,0.0,0.0,0.0
7,9,617990.0,4376910.0,0.0,0.0,0.0
8,9,620560.0,4376910.0,0.0,0.0,0.0
9,9,623130.0,4376910.0,0.0,0.0,0.0
10,9,625700.0,4376910.0,0.0,0.0,0.0
11,9,628270.0,4376910.0,0.0,0.0,0.0
12,9,630840.0,4376910.0,0.0,0.0,0.0
13,9,633410.0,4376910.0,0.0,0.0,0.0
14,9,635980.0,4376910.0,0.0,0.0,0.0
15,9,638550.0,4376910.0,0.0,0.0,0.0
16,9,641120.0,4376910.0,0.0,0.0,0.0
17,9,643690.0,4376910.0,0.0,0.0,0.0
18,9,646260.0,4376910.0,0.0,0.0,0.0
19,9,648830.0,4376910.0,0.0,0.0,0.0
20,9,651400.0,4376910.0,0.0,0.0,0.0
21,9,653970.0,4376910.0,0.0,0.0,0.0
22,9,656540.0,4376910.0,0.0,0.0,0.0
23,9,659110.0,4376910.0,0.0,0.0,0.0
24,9,661680.0,4376910.0,0.0,0.0,0.0
25,9,664250.0,4376910.0,0.0,0.0,0.0
26,9,666820.0,4376910.0,0.0,0.0,0.0
27,9,669390.0,4376910.0,0.0,0.0,0.0
28,9,671960.0,4376910.0,0.0,0.0,0.0
29,9,674530.0,4376910.0,0.0,0.0,0.0
30,9,677100.0,4376910.0,0.0,0.0,0.0
31,9,679670.0,4376910.0,0.0,0.0,0.0
32,9,682240.0,4376910.0,0.0,0.0,0.0
33,9,684810.0,4376910.0,0.0,0.0,0.0
34,9,687380.0,4376910.0,0.0,0.0,0.0
35,9,689950.0,4376910.0,0.0,0.0,0.0
36,9,692520.0,4376910.0,0.0,0.0,0.0
37,9,695090.0,4376910.0,0.0,0.0,0.0
38,9,697660.0,4376910.0,0.0,0.0,0.0
39,9,700230.0,4376910.0,0.0,0.0,0.0
40,9,702800.0,4376910.0,0.0,0.0,0.0
41,9,705370.0,4376910.0,0.0,0.0,0.0
0,10,600000.0,4374340.0,0.0,0.0,0.0
1,10,602570.0,4374340.0,0.0,0.0,0.0
2,10,605140.0,4374340.0,0.0,0.0,0.0
3,10,607710.0,4374340.0,0.0,0.0,0.0
4,10,610280.0,4374340.0,0.0,0.0,0.0
5,10,612850.0,4374340.0,0.0,0.0,0.0
6,10,615420.0,4374340.0,0.0,0.0,0.0
7,10,617990.0,4374340.0,0.0,0.0,0.0
8,10,620560.0,4374340.0,0.0,0.0,0.0
9,10,623130.0,4374340.0,0.0,0.0,0.0
10,10,625700.0,4374340.0,0.0,0.0,0.0
11,10,628270.0,4374340.0,0.0,0.0,0.0
12,10,630840.0,4374340.0,0.0,0.0,0.0
13,10,633410.0,4374340.0,0.0,0.0,0.0
14,10,635980.0,4374340.0,0.0,0.0,0.0
15,10,638550.0,4374340.0,0.0,0.0,0.0
16,10,641120.0,4374340.0,0.0,0.0,0.0
17,10,643690.0,4374340.0,0.0,0.0,0.0
18,10,646260.0,4374340.0,0.0,0.0,0.0
19,10,648830.0,4374340.0,0.0,0.0,0.0
20,10,651400.0,4374340.0,0.0,0.0,0.0
21,10,653970.0,4374340.0,0.0,0.0,0.0
22,10,656540.0,4374340.0,0.0,0.0,0.0
23,10,659110.0,4374340.0,0.0,0.0,0.0
24,10,661680.0,4374340.0,0.0,0.0,0.0
25,10,664250.0,4374340.0,0.0,0.0,0.0
26,10,666820.0,4374340.0,0.0,0.0,0.0
27,10,669390.0,4374340.0,0.0,0.00024,0.0
28,10,671960.0,4374340.0,0.0,0.02566,0.0
29,10,674530.0,4374340.0,0.0,0.00078,0.0
30,10,677100.0,4374340.0,0.0,0.11784,0.0
31,10,679670.0,4374340.0,0.0,0.0009,0.0
32,10,682240.0,4374340.0,0.0,0.0,0.0
33,10,684810.0,4374340.0,0.0,0.0,0.0
34,10,687380.0,4374340.0,0.0,0.0,0.0
35,10,689950.0,4374340.0,0.0,0.0,0.0
36,10,692520.0,4374340.0,0.0,0.0,0.0
37,10,695090.0,4374340.0,0.0,0.0,0.0
38,10,697660.0,4374340.0,0.0,0.0,0.0
39,10,700230.0,4374340.0,0.0,0.0,0.0
40,10,702800.0,4374340.0,0.0,0.0,0.0
41,10,705370.0,4374340.0,0.0,0.0,0.0
0,11,600000.0,4371770.0,0.0,0.0,0.0
1,11,602570.0,4371770.0,0.0,0.0,0.0
2,11,605140.0,4371770.0,0.0,0.0,0.0
3,11,607710.0,4371770.0,0.0,0.0,0.0
4,11,610280.0,4371770.0,0.0,0.0,0.0
5,11,612850.0,4371770.0,0.0,0.0,0.0
6,11,615420.0,4371770.0,0.0,0.0,0.0
7,11,617990.0,4371770.0,0.0,0.0,0.0
8,11,620560.0,4371770.0,0.0,0.0,0.0
9,11,623130.0,4371770.0,0.0,0.0,0.0
10,11,625700.0,4371770.0,0.0,0.0,0.0
11,11,628270.0,4371770.0,0.0,0.0,0.0
12,11,630840.0,4371770.0,0.0,0.0,0.0
13,11,633410.0,4371770.0,0.0,0.0,0.0
14,11,635980.0,4371770.0,0.0,0.0,0.0
15,11,638550.0,4371770.0,0.0,0.0,0.0
16,11,641120.0,4371770.0,0.0,0.0,0.0
17,11,643690.0,4371770.0,0.0,0.0,0.0
18,11,646260.0,4371770.0,0.0,0.0,0.0
19,11,648830.0,4371770.0,0.0,0.0,0.0
20,11,651400.0,4371770.0,0.0,0.0,0.0
21,11,653970.0,4371770.0,0.0,0.0,0.0
22,11,656540.0,4371770.0,0.0,0.0,0.0
23,11,659110.0,4371770.0,3e-05,0.01286,0.0
24,11,661680.0,4371770.0,0.0,0.0,0.0
25,11,664250.0,4371770.0,0.0,0.0,0.0
26,11,666820.0,4371770.0,0.0,0.0509,0.0
27,11,669390.0,4371770.0,0.00032,0.16027,0.0
28,11,671960.0,4371770.0,0.00035,0.3748,0.0
29,11,674530.0,4371770.0,0.0,0.00156,0.0
30,11,677100.0,4371770.0,0.0,0.0,0.0
31,11,679670.0,4371770.0,0.0,0.0,0.0
32,11,682240.0,4371770.0,0.0,0.0,0.0
33,11,684810.0,4371770.0,0.0,0.0,0.0
34,11,687380.0,4371770.0,0.0,0.0,0.0
35,11,689950.0,4371770.0,0.0,0.0,0.0
36,11,692520.0,4371770.0,0.0,0.0,0.0
37,11,695090.0,4371770.0,0.0,0.0,0.0
38,11,697660.0,4371770.0,0.0,0.0,0.0
39,11,700230.0,4371770.0,0.0,0.0,0.0
40,11,702800.0,4371770.0,0.0,0.0,0.0
41,11,705370.0,4371770.0,0.0,0.0,0.0
0,12,600000.0,4369200.0,0.0,0.0,0.0
1,12,602570.0,4369200.0,0.0,0.0,0.0
2,12,605140.0,4369200.0,0.0,0.0,0.0
3,12,607710.0,4369200.0,0.0,0.0,0.0
4,12,610280.0,4369200.0,0.0,0.0,0.0
5,12,612850.0,4369200.0,0.0,0.0,0.0
6,12,615420.0,4369200.0,0.0,0.0,0.0
7,12,617990.0,4369200.0,0.0,0.0,0.0
8,12,620560.0,4369200.0,0.0,0.0,0.0
9,12,623130.0,4369200.0,0.0,0.0,0.0
10,12,625700.0,4369200.0,0.0,0.0,0.0
11,12,628270.0,4369200.0,0.0,0.0,0.0
12,12,630840.0,4369200.0,0.0,0.0,0.0
13,12,633410.0,4369200.0,0.0,0.0,0.0
14,12,635980.0,4369200.0,0.0,0.0,0.0
15,12,638550.0,4369200.0,0.0,0.0,0.0
16,12,641120.0,4369200.0,0.0,0.0,0.0
17,12,643690.0,4369200.0,0.0,0.0,0.0
18,12,646260.0,4369200.0,0.0,0.0,0.0
19,12,648830.0,4369200.0,0.0,0.0,0.0
20,12,651400.0,4369200.0,0.0,0.0,0.0
21,12,653970.0,4369200.0,0.0,0.0,0.0
22,12,656540.0,4369200.0,0.0,0.0,0.0
23,12,659110.0,4369200.0,0.0,0.03473,0.0
24,12,661680.0,4369200.0,0.0,0.06845,0.0
25,12,664250.0,4369200.0,0.0,0.0,0.0
26,12,666820.0,4369200.0,0.0,0.0,0.0
27,12,669390.0,4369200.0,6e-05,0.12433,0.0
28,12,671960.0,4369200.0,0.0,0.0,0.0
29,12,674530.0,4369200.0,0.0,0.0,0.0
30,12,677100.0,4369200.0,0.0,0.0,0.0
31,12,679670.0,4369200.0,0.0,0.0,0.0
32,12,682240.0,4369200.0,0.0,0.03672,0.0
33,12,684810.0,4369200.0,0.0,0.0,0.0
34,12,687380.0,4369200.0,0.0,0.0,0.0
35,12,689950.0,4369200.0,0.0,0.0,0.0
36,12,692520.0,4369200.0,0.0,0.0,0.0
37,12,695090.0,4369200.0,0.0,0.0,0.0
38,12,697660.0,4369200.0,0.0,0.0,0.0
39,12,700230.0,4369200.0,0.0,0.0,0.0
40,12,702800.0,4369200.0,2e-05,0.0384,0.0
41,12,705370.0,4369200.0,0.0,0.0,0.0
0,13,600000.0,4366630.0,0.0,0.0,0.0
1,13,602570.0,4366630.0,0.0,0.0,0.0
2,13,605140.0,4366630.0,0.0,0.0,0.0
3,13,607710.0,4366630.0,0.0,0.0,0.0
4,13,610280.0,4366630.0,0.0,0.0,0.0
5,13,612850.0,4366630.0,0.0,0.0,0.0
6,13,615420.0,4366630.0,0.0,0.0,0.0
7,13,617990.0,4366630.0,0.0,0.0,0.0
8,13,620560.0,4366630.0,0.0,0.0,0.0
9,13,623130.0,4366630.0,0.0,0.0,0.0
10,13,625700.0,4366630.0,0.0,0.0,0.0
11,13,628270.0,4366630.0,0.0,0.0,0.0
12,13,630840.0,4366630.0,0.0,0.0,0.0
13,13,633410.0,4366630.0,0.0,0.0,0.0
14,13,635980.0,4366630.0,0.0,0.0,0.0
15,13,638550.0,4366630.0,0.0,0.0,0.0
16,13,641120.0,4366630.0,0.0,0.0,0.0
17,13,643690.0,4366630.0,0.0,0.0,0.0
18,13,646260.0,4366630.0,0.0,0.0,0.0
19,13,648830.0,4366630.0,0.0,0.0,0.0
20,13,651400.0,4366630.0,0.0,0.0,0.0
21,13,653970.0,4366630.0,0.0,0.0,0.0
22,13,656540.0,4366630.0,0.0,0.0,0.0
23,13,659110.0,4366630.0,2e-05,0.08954,0.0
24,13,661680.0,4366630.0,0.0,0.00018,0.0
25,13,664250.0,4366630.0,0.0,0.0,0.0
26,13,666820.0,4366630.0,0.0,0.0,0.0
27,13,669390.0,4366630.0,0.0,0.0,0.0
28,13,671960.0,4366630.0,0.0,0.0,0.0
29,13,674530.0,4366630.0,0.0,0.0,0.0
30,13,677100.0,4366630.0,0.0,0.0,0.0
31,13,679670.0,4366630.0,0.0,0.0,0.0
32,13,682240.0,4366630.0,0.0,0.0,0.0
33,13,684810.0,4366630.0,0.0,0.0,0.0
34,13,687380.0,4366630.0,0.0,0.0,0.0
35,13,689950.0,4366630.0,0.0,0.10498,0.0
36,13,692520.0,4366630.0,6e-05,0.248,0.0
37,13,695090.0,4366630.0,0.0,0.0,0.0
38,13,697660.0,4366630.0,0.0,0.0,0.0
39,13,700230.0,4366630.0,0.0,0.0,0.0
40,13,702800.0,4366630.0,0.0,0.0,0.0
41,13,705370.0,4366630.0,0.0,0.0,0.0
0,14,600000.0,4364060.0,0.0,0.0,0.0
1,14,602570.0,4364060.0,0.0,0.0,0.0
2,14,605140.0,4364060.0,0.0,0.0,0.0
3,14,607710.0,4364060.0,2e-05,0.00048,0.0
4,14,610280.0,4364060.0,2e-05,0.04874,0.0
5,14,612850.0,4364060.0,0.0,0.00054,0.0
6,14,615420.0,4364060.0,0.0,0.0,0.0
7,14,617990.0,4364060.0,0.0,0.0,0.0
8,14,620560.0,4364060.0,0.0,0.0,0.0
9,14,623130.0,4364060.0,0.0,0.0,0.0
10,14,625700.0,4364060.0,0.0,0.0,0.0
11,14,628270.0,4364060.0,0.0,0.0,0.0
12,14,630840.0,4364060.0,0.0,0.0,0.0
13,14,633410.0,4364060.0,0.0,0.0,0.0
14,14,635980.0,4364060.0,0.0,0.0,0.0
15,14,638550.0,4364060.0,0.0,0.0,0.0
16,14,641120.0,4364060.0,0.0,0.0,0.0
17,14,643690.0,4364060.0,0.0,0.0,0.0
18,14,646260.0,4364060.0,0.0,0.0,0.0
19,14,648830.0,4364060.0,0.0,0.0,0.0
20,14,651400.0,4364060.0,0.0,0.0,0.0
21,14,653970.0,4364060.0,0.0,0.14885,0.0
22,14,656540.0,4364060.0,0.0,0.0,0.0
23,14,659110.0,4364060.0,0.0,0.0,0.0
24,14,661680.0,4364060.0,0.0,0.02548,0.0
25,14,664250.0,4364060.0,0.0,0.0,0.0
26,14,666820.0,4364060.0,0.0,0.00018,0.0
27,14,669390.0,4364060.0,0.0,0.0,0.0
28,14,671960.0,4364060.0,0.0,0.0,0.0
29,14,674530.0,4364060.0,0.0,0.0,0.0
30,14,677100.0,4364060.0,0.0,0.0,0.0
31,14,679670.0,4364060.0,0.0,0.0,0.0
32,14,682240.0,4364060.0,0.0,0.0,0.0
33,14,684810.0,4364060.0,0.0,0.0,0.0
34,14,687380.0,4364060.0,0.0,0.0,0.0
35,14,689950.0,4364060.0,0.0,0.00264,0.0
36,14,692520.0,4364060.0,0.0,0.02229,0.0
37,14,695090.0,4364060.0,2e-05,0.13148,0.0
38,14,697660.0,4364060.0,0.0,0.00042,0.0
39,14,700230.0,4364060.0,0.0,0.01929,0.0
40,14,702800.0,4364060.0,3e-05,0.06286,0.0
41,14,705370.0,4364060.0,0.0,0.0,0.0
0,15,600000.0,4361490.0,0.0,0.0,0.0
1,15,602570.0,4361490.0,0.0,0.0,0.0
2,15,605140.0,4361490.0,0.0,0.0,0.0
3,15,607710.0,4361490.0,0.0,0.0,0.0
4,15,610280.0,4361490.0,0.0,0.0,0.0
5,15,612850.0,4361490.0,0.0,0.0,0.0
6,15,615420.0,4361490.0,0.0,0.0,0.0
7,15,617990.0,4361490.0,0.0,0.0,0.0
8,15,620560.0,4361490.0,0.0,0.0,0.0
9,15,623130.0,4361490.0,0.0,0.0,0.0
10,15,625700.0,4361490.0,0.0,0.0,0.0
11,15,628270.0,4361490.0,0.0,0.0,0.0
12,15,630840.0,4361490.0,0.0,0.0,0.0
13,15,633410.0,4361490.0,0.0,0.0,0.0
14,15,635980.0,4361490.0,0.0,0.0,0.0
15,15,638550.0,4361490.0,0.0,0.0,0.0
16,15,641120.0,4361490.0,0.0,0.0,0.0
17,15,643690.0,4361490.0,0.0,0.0,0.0
18,15,646260.0,4361490.0,0.0,0.0,0.0
19,15,648830.0,4361490.0,0.0,0.0,0.0
20,15,651400.0,4361490.0,0.0,0.0,0.0
21,15,653970.0,4361490.0,0.0,0.0,0.0
22,15,656540.0,4361490.0,0.0,0.0,0.0
23,15,659110.0,4361490.0,0.0,0.0,0.0
24,15,661680.0,4361490.0,0.0,0.0003,0.0
25,15,664250.0,4361490.0,0.0,0.0,0.0
26,15,666820.0,4361490.0,0.0,0.0,0.0
27,15,669390.0,4361490.0,0.0,0.0,0.0
28,15,671960.0,4361490.0,0.0,0.0,0.0
29,15,674530.0,4361490.0,6e-05,0.02752,0.0
30,15,677100.0,4361490.0,5e-05,0.00276,0.0
31,15,679670.0,4361490.0,0.0,0.00258,0.0
32,15,682240.0,4361490.0,0.0,0.0,0.0
33,15,684810.0,4361490.0,0.0,0.0,0.0
34,15,687380.0,4361490.0,0.0,0.0,0.0
35,15,689950.0,4361490.0,0.0,0.0,0.0
36,15,692520.0,4361490.0,0.0,0.0,0.0
37,15,695090.0,4361490.0,0.0,0.0,0.0
38,15,697660.0,4361490.0,0.0,0.0,0.0
39,15,700230.0,4361490.0,0.0,0.0,0.0
40,15,702800.0,4361490.0,0.0,0.0,0.0
41,15,705370.0,4361490.0,0.0,0.0,0.0
0,16,600000.0,4358920.0,0.0,0.0,0.0
1,16,602570.0,4358920.0,0.0,0.0,0.0
2,16,605140.0,4358920.0,0.0,0.0,0.0
3,16,607710.0,4358920.0,0.0,0.0,0.0
4,16,610280.0,4358920.0,0.0,0.0,0.0
5,16,612850.0,4358920.0,0.0,0.0,0.0
6,16,615420.0,4358920.0,0.0,0.0,0.0
7,16,617990.0,4358920.0,0.0,0.0,0.0
8,16,620560.0,4358920.0,0.0,0.0,0.0
9,16,623130.0,4358920.0,0.0,0.0,0.0
10,16,625700.0,4358920.0,0.0,0.0,0.0
11,16,628270.0,4358920.0,0.0,0.0,0.0
12,16,630840.0,4358920.0,0.0,0.0,0.0
13,16,633410.0,4358920.0,0.0,0.0,0.0
14,16,635980.0,4358920.0,0.0,0.0,0.0
15,16,638550.0,4358920.0,0.0,0.0,0.0
16,16,641120.0,4358920.0,0.0,0.0,0.0
17,16,643690.0,4358920.0,0.0,0.0,0.0
18,16,646260.0,4358920.0,0.0,0.0,0.0
19,16,648830.0,4358920.0,0.0,0.0,0.0
20,16,651400.0,4358920.0,0.0,0.0,0.0
21,16,653970.0,4358920.0,0.0,0.0,0.0
22,16,656540.0,4358920.0,0.0,0.0,0.0
23,16,659110.0,4358920.0,0.0,0.0,0.0
24,16,661680.0,4358920.0,0.0,0.0,0.0
25,16,664250.0,4358920.0,0.0,0.0,0.0
26,16,666820.0,4358920.0,0.0,0.0,0.0
27,16,669390.0,4358920.0,0.0,0.0,0.0
28,16,671960.0,4358920.0,0.0,0.00751,0.0
29,16,674530.0,4358920.0,5e-05,0.1024,0.0
30,16,677100.0,4358920.0,6e-05,0.13094,0.0
31,16,679670.0,4358920.0,0.00012,0.23779,0.0
32,16,682240.0,4358920.0,5e-05,0.27186,0.0
33,16,684810.0,4358920.0,2e-05,0.06364,0.0
34,16,687380.0,4358920.0,3e-05,0.07397,0.0
35,16,689950.0,4358920.0,0.0,0.0,0.0
36,16,692520.0,4358920.0,0.0,0.0,0.0
37,16,695090.0,4358920.0,0.0,0.02055,0.0
38,16,697660.0,4358920.0,0.0,0.00024,0.0
39,16,700230.0,4358920.0,0.0,0.0,0.0
40,16,702800.0,4358920.0,0.0,0.0,0.0
41,16,705370.0,4358920.0,0.0,0.02271,0.0
0,17,600000.0,4356350.0,0.0,0.0,0.0
1,17,602570.0,4356350.0,0.0,0.0,0.0
2,17,605140.0,4356350.0,0.0,0.0,0.0
3,17,607710.0,4356350.0,0.0,0.0,0.0
4,17,610280.0,4356350.0,0.0,0.0,0.0
5,17,612850.0,4356350.0,0.0,0.0,0.0
6,17,615420.0,4356350.0,0.0,0.0,0.0
7,17,617990.0,4356350.0,0.0,0.0,0.0
8,17,620560.0,4356350.0,0.0,0.0,0.0
9,17,623130.0,4356350.0,0.0,0.0,0.0
10,17,625700.0,4356350.0,0.0,0.0,0.0
11,17,628270.0,4356350.0,0.0,0.0,0.0
12,17,630840.0,4356350.0,0.0,0.0,0.0
13,17,633410.0,4356350.0,0.0,0.0,0.0
14,17,635980.0,4356350.0,0.0,0.0,0.0
15,17,638550.0,4356350.0,0.0,0.0,0.0
16,17,641120.0,4356350.0,0.0,0.0,0.0
17,17,643690.0,4356350.0,0.0,0.0,0.0
18,17,646260.0,4356350.0,0.0,0.0,0.0
19,17,648830.0,4356350.0,0.0,0.0,0.0
20,17,651400.0,4356350.0,0.0,0.0,0.0
21,17,653970.0,4356350.0,0.0,0.0,0.0
22,17,656540.0,4356350.0,0.0,0.0,0.0
23,17,659110.0,4356350.0,0.0,0.0,0.0
24,17,661680.0,4356350.0,0.0,0.0,0.0
25,17,664250.0,4356350.0,0.0,0.0,0.0
26,17,666820.0,4356350.0,0.0,0.0,0.0
27,17,669390.0,4356350.0,0.0,0.0,0.0
28,17,671960.0,4356350.0,2e-05,0.18244,0.0
29,17,674530.0,4356350.0,0.0,0.04513,0.0
30,17,677100.0,4356350.0,3e-05,0.00108,0.0
31,17,679670.0,4356350.0,0.0,0.02746,0.0
32,17,682240.0,4356350.0,0.0,0.01983,0.0
33,17,684810.0,4356350.0,0.0,0.01154,0.0
34,17,687380.0,4356350.0,6e-05,0.16766,0.0
35,17,689950.0,4356350.0,0.0,0.0,0.0
36,17,692520.0,4356350.0,0.0,0.0,0.0
37,17,695090.0,4356350.0,0.0,0.0,0.0
38,17,697660.0,4356350.0,0.00012,0.05252,0.0
39,17,700230.0,4356350.0,6e-05,0.0935,0.0
40,17,702800.0,4356350.0,0.0,0.01562,0.0
41,17,705370.0,4356350.0,6e-05,0.17793,0.0
0,18,600000.0,4353780.0,0.0,0.0,0.0
1,18,602570.0,4353780.0,0.0,0.0,0.0
2,18,605140.0,4353780.0,0.0,0.0,0.0
3,18,607710.0,4353780.0,0.0,0.0,0.0
4,18,610280.0,4353780.0,0.0,0.0,0.0
5,18,612850.0,4353780.0,0.0,0.0,0.0
6,18,615420.0,4353780.0,0.0,0.0,0.0
7,18,617990.0,4353780.0,0.0,0.0,0.0
8,18,620560.0,4353780.0,0.0,0.0,0.0
9,18,623130.0,4353780.0,0.0,0.0,0.0
10,18,625700.0,4353780.0,0.0,0.0,0.0
11,18,628270.0,4353780.0,0.0,0.0,0.0
12,18,630840.0,4353780.0,0.0,0.0,0.0
13,18,633410.0,4353780.0,0.0,0.0,0.0
14,18,635980.0,4353780.0,0.0,0.0,0.0
15,18,638550.0,4353780.0,0.0,0.0,0.0
16,18,641120.0,4353780.0,0.0,0.0,0.0
17,18,643690.0,4353780.0,0.0,0.0,0.0
18,18,646260.0,4353780.0,0.0,0.0,0.0
19,18,648830.0,4353780.0,0.0,0.0,0.0
20,18,651400.0,4353780.0,0.0,0.0,0.0
21,18,653970.0,4353780.0,0.0,0.0,0.0
22,18,656540.0,4353780.0,0.0,0.0,0.0
23,18,659110.0,4353780.0,0.0,0.04561,0.0
24,18,661680.0,4353780.0,0.0,0.0,0.0
25,18,664250.0,4353780.0,0.0,0.0,0.0
26,18,666820.0,4353780.0,0.0,0.0,0.0
27,18,669390.0,4353780.0,0.0,0.0,0.0
28,18,671960.0,4353780.0,0.0,0.01046,0.0
29,18,674530.0,4353780.0,0.0,0.0,0.0
30,18,677100.0,4353780.0,0.0,0.0,0.0
31,18,679670.0,4353780.0,0.0,0.04387,0.0
32,18,682240.0,4353780.0,3e-05,0.10979,0.0
33,18,684810.0,4353780.0,0.0003,0.08263,0.0
34,18,687380.0,4353780.0,0.00014,0.1941,0.0
35,18,689950.0,4353780.0,0.0,0.0,0.0
36,18,692520.0,4353780.0,0.0,0.0,0.0
37,18,695090.0,4353780.0,0.0,0.0,0.0
38,18,697660.0,4353780.0,0.0,0.0,0.0
39,18,700230.0,4353780.0,8e-05,0.17018,0.0
40,18,702800.0,4353780.0,0.0,0.04801,0.0
41,18,705370.0,4353780.0,0.0,0.0,0.0
0,19,600000.0,4351210.0,0.0,0.0,0.0
1,19,602570.0,4351210.0,0.0,0.0,0.0
2,19,605140.0,4351210.0,0.0,0.0,0.0
3,19,607710.0,4351210.0,0.0,0.0,0.0
4,19,610280.0,4351210.0,0.0,0.0,0.0
5,19,612850.0,4351210.0,0.0,0.0,0.0
6,19,615420.0,4351210.0,0.0,0.0,0.0
7,19,617990.0,4351210.0,0.0,0.0,0.0
8,19,620560.0,4351210.0,0.0,0.0,0.0
9,19,623130.0,4351210.0,0.0,0.0,0.0
10,19,625700.0,4351210.0,0.0,0.0,0.0
11,19,628270.0,4351210.0,0.0,0.0,0.0
12,19,630840.0,4351210.0,0.0,0.0,0.0
13,19,633410.0,4351210.0,0.0,0.0,0.0
14,19,635980.0,4351210.0,0.0,0.0,0.0
15,19,638550.0,4351210.0,0.0,0.0,0.0
16,19,641120.0,4351210.0,0.0,0.0,0.0
17,19,643690.0,4351210.0,0.0,0.0,0.0
18,19,646260.0,4351210.0,0.0,0.0,0.0
19,19,648830.0,4351210.0,0.0,0.0,0.0
20,19,651400.0,4351210.0,0.0,0.0,0.0
21,19,653970.0,4351210.0,0.0,0.0,0.0
22,19,656540.0,4351210.0,0.0,0.0,0.0
23,19,659110.0,4351210.0,0.0,0.0,0.0
24,19,661680.0,4351210.0,0.0,0.0,0.0
25,19,664250.0,4351210.0,0.0,0.0,0.0
26,19,666820.0,4351210.0,0.0,0.0,0.0
27,19,669390.0,4351210.0,0.0,0.0,0.0
28,19,671960.0,4351210.0,0.0,0.0,0.0
29,19,674530.0,4351210.0,0.0,0.0,0.0
30,19,677100.0,4351210.0,0.0,0.0,0.0
31,19,679670.0,4351210.0,0.0,0.00018,0.0
32,19,682240.0,4351210.0,0.0,0.06772,0.0
33,19,684810.0,4351210.0,2e-05,0.13401,0.0
34,19,687380.0,4351210.0,0.0,0.0015,0.0
35,19,689950.0,4351210.0,0.0,0.0,0.0
36,19,692520.0,4351210.0,0.0,0.0,0.0
37,19,695090.0,4351210.0,0.0,0.0,0.0
38,19,697660.0,4351210.0,0.0,0.0,0.0
39,19,700230.0,4351210.0,0.0,0.0,0.0
40,19,702800.0,4351210.0,0.0,0.0,0.0
41,19,705370.0,4351210.0,0.0,0.0,0.0
0,20,600000.0,4348640.0,0.0,0.0,0.0
1,20,602570.0,4348640.0,0.0,0.0,0.0
2,20,605140.0,4348640.0,0.0,0.0,0.0
3,20,607710.0,4348640.0,0.0,0.0,0.0
4,20,610280.0,4348640.0,0.0,0.0,0.0
5,20,612850.0,4348640.0,0.0,0.0,0.0
6,20,615420.0,4348640.0,0.0,0.0,0.0
7,20,617990.0,4348640.0,0.0,0.0,0.0
8,20,620560.0,4348640.0,0.0,0.0,0.0
9,20,623130.0,4348640.0,0.0,0.0,0.0
10,20,625700.0,4348640.0,0.0,0.0,0.0
11,20,628270.0,4348640.0,0.0,0.0,0.0
12,20,630840.0,4348640.0,0.0,0.0,0.0
13,20,633410.0,4348640.0,0.0,0.0,0.0
14,20,635980.0,4348640.0,0.0,0.0,0.0
15,20,638550.0,4348640.0,0.0,0.0,0.0
16,20,641120.0,4348640.0,0.0,0.0,0.0
17,20,643690.0,4348640.0,0.0,0.0,0.0
18,20,646260.0,4348640.0,0.0,0.0,0.0
19,20,648830.0,4348640.0,0.0,0.0,0.0
20,20,651400.0,4348640.0,0.0,0.0,0.0
21,20,653970.0,4348640.0,0.0,0.0,0.0
22,20,656540.0,4348640.0,0.0,0.0,0.0
23,20,659110.0,4348640.0,0.0,0.0,0.0
24,20,661680.0,4348640.0,0.0,0.0,0.0
25,20,664250.0,4348640.0,0.0,0.0,0.0
26,20,666820.0,4348640.0,0.0,0.0,0.0
27,20,669390.0,4348640.0,0.0,0.03642,0.0
28,20,671960.0,4348640.0,0.0,0.0,0.0
29,20,674530.0,4348640.0,0.0,0.0,0.0
30,20,677100.0,4348640.0,0.0,0.0,0.0
31,20,679670.0,4348640.0,0.0,0.00036,0.0
32,20,682240.0,4348640.0,0.0,0.0,0.0
33,20,684810.0,4348640.0,0.0,0.0,0.0
34,20,687380.0,4348640.0,0.0,0.0,0.0
35,20,689950.0,4348640.0,0.0,0.0,0.0
36,20,692520.0,4348640.0,0.0,0.0,0.0
37,20,695090.0,4348640.0,0.0,0.0,0.0
38,20,697660.0,4348640.0,0.0,0.0,0.0
39,20,700230.0,4348640.0,0.0,0.0,0.0
40,20,702800.0,4348640.0,0.0,0.0,0.0
41,20,705370.0,4348640.0,0.0,0.0,0.0
0,21,600000.0,4346070.0,0.0,0.0,0.0
1,21,602570.0,4346070.0,0.0,0.0,0.0
2,21,605140.0,4346070.0,0.0,0.0,0.0
3,21,607710.0,4346070.0,0.0,0.0,0.0
4,21,610280.0,4346070.0,0.0,0.0,0.0
5,21,612850.0,4346070.0,0.0,0.0,0.0
6,21,615420.0,4346070.0,0.0,0.0,0.0
7,21,617990.0,4346070.0,0.0,0.00024,0.0
8,21,620560.0,4346070.0,0.0,0.0,0.0
9,21,623130.0,4346070.0,0.0,0.0,0.0
10,21,625700.0,4346070.0,0.0,0.0,0.0
11,21,628270.0,4346070.0,0.0,0.0,0.0
12,21,630840.0,4346070.0,0.0,0.0,0.0
13,21,633410.0,4346070.0,0.0,0.0,0.0
14,21,635980.0,4346070.0,0.0,0.0,0.0
15,21,638550.0,4346070.0,0.0,0.0,0.0
16,21,641120.0,4346070.0,0.0,0.0,0.0
17,21,643690.0,4346070.0,0.0,0.0,0.0
18,21,646260.0,4346070.0,0.0,0.0,0.0
19,21,648830.0,4346070.0,0.0,0.0,0.0
20,21,651400.0,4346070.0,0.0,0.0,0.0
21,21,653970.0,4346070.0,0.0,0.0,0.0
22,21,656540.0,4346070.0,0.0,0.0,0.0
23,21,659110.0,4346070.0,0.0,0.0,0.0
24,21,661680.0,4346070.0,0.0,0.0,0.0
25,21,664250.0,4346070.0,0.0,0.0,0.0
26,21,666820.0,4346070.0,0.0,0.0,0.0
27,21,669390.0,4346070.0,0.0,0.01713,0.0
28,21,671960.0,4346070.0,0.0,0.0,0.0
29,21,674530.0,4346070.0,0.0,0.0,0.0
30,21,677100.0,4346070.0,0.0,0.0,0.0
31,21,679670.0,4346070.0,0.0,0.0,0.0
32,21,682240.0,4346070.0,0.0,0.0,0.0
33,21,684810.0,4346070.0,0.0,0.0,0.0
34,21,687380.0,4346070.0,0.0,0.0,0.0
35,21,689950.0,4346070.0,0.0,0.0,0.0
36,21,692520.0,4346070.0,0.0,0.0,0.0
37,21,695090.0,4346070.0,0.0,0.0,0.0
38,21,697660.0,4346070.0,0.0,0.0,0.0
39,21,700230.0,4346070.0,0.0,0.0,0.0
40,21,702800.0,4346070.0,0.0,0.0,0.0
41,21,705370.0,4346070.0,0.0,0.0,0.0
0,22,600000.0,4343500.0,0.0,0.0,0.0
1,22,602570.0,4343500.0,0.0,0.0,0.0
2,22,605140.0,4343500.0,0.0,0.0,0.0
3,22,607710.0,4343500.0,0.0,0.0,0.0
4,22,610280.0,4343500.0,0.0,0.0,0.0
5,22,612850.0,4343500.0,0.0,0.0,0.0
6,22,615420.0,4343500.0,0.0,0.0009,0.0
7,22,617990.0,4343500.0,0.0,0.0,0.0
8,22,620560.0,4343500.0,0.0,0.0,0.00264
9,22,623130.0,4343500.0,0.0,0.0,0.0
10,22,625700.0,4343500.0,0.0,0.0,0.0
11,22,628270.0,4343500.0,0.0,0.0,0.0
12,22,630840.0,4343500.0,0.0,0.0,0.0
13,22,633410.0,4343500.0,0.0,0.0,0.0
14,22,635980.0,4343500.0,0.0,0.0,0.0
15,22,638550.0,4343500.0,0.0,0.0,0.0
16,22,641120.0,4343500.0,0.0,0.0,0.0
17,22,643690.0,4343500.0,0.0,0.0,0.0
18,22,646260.0,4343500.0,0.0,0.0,0.0
19,22,648830.0,4343500.0,0.0,0.0,0.0
20,22,651400.0,4343500.0,0.0,0.0,0.0
21,22,653970.0,4343500.0,0.0,0.0,0.0
22,22,656540.0,4343500.0,0.0,0.0,0.0
23,22,659110.0,4343500.0,0.0,0.0,0.0
24,22,661680.0,4343500.0,0.0,0.0,0.0
25,22,664250.0,4343500.0,0.0,0.0,0.0
26,22,666820.0,4343500.0,0.0,0.0,0.0
27,22,669390.0,4343500.0,0.0,0.0,0.0
28,22,671960.0,4343500.0,0.0,0.0,0.0
29,22,674530.0,4343500.0,0.0,0.0,0.0
30,22,677100.0,4343500.0,0.0,0.0,0.0
31,22,679670.0,4343500.0,0.0,0.0,0.0
32,22,682240.0,4343500.0,0.0,0.0,0.0
33,22,684810.0,4343500.0,0.0,0.0,0.0
34,22,687380.0,4343500.0,0.0,0.0,0.0
35,22,689950.0,4343500.0,0.0,0.0,0.0
36,22,692520.0,4343500.0,0.0,0.0,0.0
37,22,695090.0,4343500.0,0.0,0.0,0.0
38,22,697660.0,4343500.0,0.0,0.0,0.0
39,22,700230.0,4343500.0,0.0,0.0,0.0
40,22,702800.0,4343500.0,0.0,0.0,0.0
41,22,705370.0,4343500.0,0.0,0.0,0.0
0,23,600000.0,4340930.0,0.0,0.0,0.0
1,23,602570.0,4340930.0,0.0,0.0,0.0
2,23,605140.0,4340930.0,0.0,0.0,0.0
3,23,607710.0,4340930.0,0.0,0.0,0.0
4,23,610280.0,4340930.0,0.0,0.0,0.0
5,23,612850.0,4340930.0,0.0,0.0,0.0
6,23,615420.0,4340930.0,0.0,0.0,0.0012
7,23,617990.0,4340930.0,0.0,0.0,0.0
8,23,620560.0,4340930.0,0.0,0.04711,0.0015
9,23,623130.0,4340930.0,0.0,0.0,0.0
10,23,625700.0,4340930.0,0.0,0.0,0.0
11,23,628270.0,4340930.0,0.0,0.0,0.0
12,23,630840.0,4340930.0,0.0,0.0,0.0
13,23,633410.0,4340930.0,0.0,0.0,0.0
14,23,635980.0,4340930.0,0.0,0.0,0.0
15,23,638550.0,4340930.0,0.0,0.0,0.0
16,23,641120.0,4340930.0,0.0,0.0,0.0
17,23,643690.0,4340930.0,0.0,0.0,0.0
18,23,646260.0,4340930.0,0.0,0.0,0.0
19,23,648830.0,4340930.0,0.0,0.0,0.0
20,23,651400.0,4340930.0,0.0,0.0,0.0
21,23,653970.0,4340930.0,0.0,0.0,0.0
22,23,656540.0,4340930.0,0.0,0.0,0.0
23,23,659110.0,4340930.0,0.0,0.0,0.0
24,23,661680.0,4340930.0,0.0,0.0,0.0
25,23,664250.0,4340930.0,0.0,0.0,0.0
26,23,666820.0,4340930.0,0.0,0.0,0.0
27,23,669390.0,4340930.0,0.0,0.0,0.0
28,23,671960.0,4340930.0,0.0,0.0,0.0
29,23,674530.0,4340930.0,0.0,0.0,0.0
30,23,677100.0,4340930.0,0.0,0.0,0.0
31,23,679670.0,4340930.0,0.0,0.0,0.0
32,23,682240.0,4340930.0,0.0,0.0,0.0
33,23,684810.0,4340930.0,0.0,0.0,0.0
34,23,687380.0,4340930.0,0.0,0.0,0.0
35,23,689950.0,4340930.0,0.0,0.0,0.0
36,23,692520.0,4340930.0,0.0,0.0,0.0
37,23,695090.0,4340930.0,0.0,0.0,0.0
38,23,697660.0,4340930.0,0.0,0.0,0.0
39,23,700230.0,4340930.0,0.0,0.0,0.0
40,23,702800.0,4340930.0,0.0,0.0,0.0
41,23,705370.0,4340930.0,0.0,0.0,0.0
0,24,600000.0,4338360.0,0.0,0.0,0.0
1,24,602570.0,4338360.0,0.0,0.0,0.0
2,24,605140.0,4338360.0,0.0,0.0,0.0
3,24,607710.0,4338360.0,0.0,0.0,0.0
4,24,610280.0,4338360.0,0.0,0.0,0.0
5,24,612850.0,4338360.0,0.0,0.0,0.0
6,24,615420.0,4338360.0,0.0,0.0,0.0
7,24,617990.0,4338360.0,0.0,0.0,0.0
8,24,620560.0,4338360.0,0.0,0.08052,0.0
9,24,623130.0,4338360.0,0.0,0.0,0.00517
10,24,625700.0,4338360.0,0.0,0.0,0.0
11,24,628270.0,4338360.0,0.0,0.0,0.0
12,24,630840.0,4338360.0,0.0,0.0,0.0
13,24,633410.0,4338360.0,0.0,0.0,0.0
14,24,635980.0,4338360.0,0.0,0.0,0.0
15,24,638550.0,4338360.0,0.0,0.0,0.0
16,24,641120.0,4338360.0,0.0,0.0,0.0
17,24,643690.0,4338360.0,0.0,0.0,0.0
18,24,646260.0,4338360.0,0.0,0.0,0.0
19,24,648830.0,4338360.0,0.0,0.0,0.0
20,24,651400.0,4338360.0,0.0,0.0,0.0
21,24,653970.0,4338360.0,0.0,0.0,0.0
22,24,656540.0,4338360.0,0.0,0.0,0.0
23,24,659110.0,4338360.0,0.0,0.0,0.0
24,24,661680.0,4338360.0,0.0,0.0,0.0
25,24,664250.0,4338360.0,0.0,0.0,0.0
26,24,666820.0,4338360.0,0.0,0.0,0.0
27,24,669390.0,4338360.0,0.0,0.0,0.0
28,24,671960.0,4338360.0,0.0,0.0,0.0
29,24,674530.0,4338360.0,0.0,0.0,0.0
30,24,677100.0,4338360.0,0.0,0.0,0.0
31,24,679670.0,4338360.0,0.0,0.0,0.0
32,24,682240.0,4338360.0,0.0,0.0,0.0
33,24,684810.0,4338360.0,0.0,0.0,0.0
34,24,687380.0,4338360.0,0.0,0.0,0.0
35,24,689950.0,4338360.0,0.0,0.0,0.0
36,24,692520.0,4338360.0,0.0,0.0,0.0
37,24,695090.0,4338360.0,0.0,0.0,0.0
38,24,697660.0,4338360.0,0.0,0.0,0.0
39,24,700230.0,4338360.0,0.0,0.0,0.0
40,24,702800.0,4338360.0,0.0,0.0,0.0
41,24,705370.0,4338360.0,0.0,0.0,0.0
0,25,600000.0,4335790.0,0.0,0.0,0.0
1,25,602570.0,4335790.0,0.0,0.0,0.0
2,25,605140.0,4335790.0,0.0,0.0,0.0
3,25,607710.0,4335790.0,0.0,0.0,0.0
4,25,610280.0,4335790.0,0.0,0.0,0.0
5,25,612850.0,4335790.0,0.0,0.0,0.0
6,25,615420.0,4335790.0,0.0,0.0,0.0
7,25,617990.0,4335790.0,0.0,0.0,0.0
8,25,620560.0,4335790.0,0.0,0.0,0.0
9,25,623130.0,4335790.0,0.0,0.0,0.0
10,25,625700.0,4335790.0,0.0,0.0,0.0
11,25,628270.0,4335790.0,0.0,0.0,0.0
12,25,630840.0,4335790.0,0.0,0.0,0.0
13,25,633410.0,4335790.0,0.0,0.0,0.0
14,25,635980.0,4335790.0,0.0,0.0,0.0
15,25,638550.0,4335790.0,0.0,0.0,0.0
16,25,641120.0,4335790.0,0.0,0.0,0.0
17,25,643690.0,4335790.0,0.0,0.0,0.0
18,25,646260.0,4335790.0,0.0,0.0,0.0
19,25,648830.0,4335790.0,0.0,0.0,0.0
20,25,651400.0,4335790.0,0.0,0.0,0.0
21,25,653970.0,4335790.0,0.0,0.0,0.0
22,25,656540.0,4335790.0,0.0,0.0,0.0
23,25,659110.0,4335790.0,0.0,0.0,0.0
24,25,661680.0,4335790.0,0.0,0.0,0.0
25,25,664250.0,4335790.0,0.0,0.0,0.0
26,25,666820.0,4335790.0,0.0,0.0,0.0
27,25,669390.0,4335790.0,0.0,0.0,0.0
28,25,671960.0,4335790.0,0.0,0.0,0.0
29,25,674530.0,4335790.0,0.0,0.0,0.0
30,25,677100.0,4335790.0,0.0,0.0,0.0
31,25,679670.0,4335790.0,0.0,0.0,0.0
32,25,682240.0,4335790.0,0.0,0.0,0.0
33,25,684810.0,4335790.0,0.0,0.0,0.0
34,25,687380.0,4335790.0,0.0,0.0,0.0
35,25,689950.0,4335790.0,0.00012,0.0,0.0
36,25,692520.0,4335790.0,0.0,0.0,0.0
37,25,695090.0,4335790.0,0.0,0.0,0.0
38,25,697660.0,4335790.0,0.0,0.0,0.0
39,25,700230.0,4335790.0,0.0,0.0,0.0
40,25,702800.0,4335790.0,0.0,0.0,0.0
41,25,705370.0,4335790.0,0.0,0.0,0.0
0,26,600000.0,4333220.0,0.0,0.0,0.0
1,26,602570.0,4333220.0,0.0,0.0,0.0
2,26,605140.0,4333220.0,0.0,0.0,0.0
3,26,607710.0,4333220.0,0.0,0.0,0.0
4,26,610280.0,4333220.0,0.0,0.0,0.0
5,26,612850.0,4333220.0,0.0,0.0,0.0
6,26,615420.0,4333220.0,0.0,0.0,0.0
7,26,617990.0,4333220.0,0.0,0.0,0.0
8,26,620560.0,4333220.0,0.0,0.0,0.0
9,26,623130.0,4333220.0,0.0,0.0,0.0
10,26,625700.0,4333220.0,0.0,0.0,0.0
11,26,628270.0,4333220.0,0.0,0.0,0.0
12,26,630840.0,4333220.0,0.0,0.0,0.0
13,26,633410.0,4333220.0,0.0,0.0,0.01959
14,26,635980.0,4333220.0,0.0,0.0,0.0247
15,26,638550.0,4333220.0,0.0,0.0,0.0
16,26,641120.0,4333220.0,0.0,0.0,0.0
17,26,643690.0,4333220.0,0.0,0.0,0.0
18,26,646260.0,4333220.0,0.0,0.0,0.0
19,26,648830.0,4333220.0,0.0,0.0,0.0
20,26,651400.0,4333220.0,0.0,0.0,0.0
21,26,653970.0,4333220.0,0.0,0.0,0.0
22,26,656540.0,4333220.0,0.0,0.0,0.0
23,26,659110.0,4333220.0,0.0,0.0,0.0
24,26,661680.0,4333220.0,0.0,0.0,0.0
25,26,664250.0,4333220.0,0.0,0.0,0.0
26,26,666820.0,4333220.0,0.0,0.0,0.0
27,26,669390.0,4333220.0,0.0,0.0,0.0
28,26,671960.0,4333220.0,0.0,0.0,0.0
29,26,674530.0,4333220.0,0.0,0.0,0.0
30,26,677100.0,4333220.0,0.0,0.0,0.0
31,26,679670.0,4333220.0,0.0,0.0,0.0
32,26,682240.0,4333220.0,0.0,0.0,0.0
33,26,684810.0,4333220.0,0.0,0.0,0.0
34,26,687380.0,4333220.0,0.0,0.0,0.0
35,26,689950.0,4333220.0,0.0,0.0,0.0
36,26,692520.0,4333220.0,0.0,0.0,0.0
37,26,695090.0,4333220.0,0.0,0.0,0.0
38,26,697660.0,4333220.0,0.0,0.0,0.0
39,26,700230.0,4333220.0,0.0,0.0,0.0
40,26,702800.0,4333220.0,0.0,0.0,0.0
41,26,705370.0,4333220.0,0.0,0.0,0.0
0,27,600000.0,4330650.0,0.0,0.0,0.0
1,27,602570.0,4330650.0,0.0,0.0,0.0
2,27,605140.0,4330650.0,0.0,0.0,0.0
3,27,607710.0,4330650.0,0.0,0.0,0.0
4,27,610280.0,4330650.0,0.0,0.0,0.0
5,27,612850.0,4330650.0,0.0,0.0,0.0
6,27,615420.0,4330650.0,0.0,0.0,0.0
7,27,617990.0,4330650.0,0.0,0.0,0.0
8,27,620560.0,4330650.0,0.0,0.0,0.0
9,27,623130.0,4330650.0,0.0,0.0,0.0
10,27,625700.0,4330650.0,0.0,0.0,0.0
11,27,628270.0,4330650.0,0.0,0.0,0.0
12,27,630840.0,4330650.0,0.0,0.0,0.0
13,27,633410.0,4330650.0,0.0,0.0,0.0
14,27,635980.0,4330650.0,0.0,0.0,0.0
15,27,638550.0,4330650.0,0.0,0.0,0.0
16,27,641120.0,4330650.0,0.0,0.0,0.0
17,27,643690.0,4330650.0,0.0,0.0,0.0
18,27,646260.0,4330650.0,0.0,0.0,0.0
19,27,648830.0,4330650.0,0.0,0.0,0.0
20,27,651400.0,4330650.0,0.0,0.0,0.0
21,27,653970.0,4330650.0,0.0,0.0,0.0
22,27,656540.0,4330650.0,0.0,0.0,0.0
23,27,659110.0,4330650.0,0.0,0.0,0.0
24,27,661680.0,4330650.0,0.0,0.0,0.0
25,27,664250.0,4330650.0,0.0,0.0,0.0
26,27,666820.0,4330650.0,0.0,0.0,0.0
27,27,669390.0,4330650.0,0.0,0.0,0.0
28,27,671960.0,4330650.0,0.0,0.0,0.0
29,27,674530.0,4330650.0,0.0,0.0,0.0
30,27,677100.0,4330650.0,0.0,0.0,0.0
31,27,679670.0,4330650.0,0.0,0.0,0.0
32,27,682240.0,4330650.0,0.0,0.0,0.0
33,27,684810.0,4330650.0,0.0,0.0,0.0
34,27,687380.0,4330650.0,0.0,0.0,0.0
35,27,689950.0,4330650.0,0.0,0.0,0.0
36,27,692520.0,4330650.0,0.0,0.0,0.0
37,27,695090.0,4330650.0,0.0,0.0,0.0
38,27,697660.0,4330650.0,0.0,0.0,0.0
39,27,700230.0,4330650.0,0.0,0.0,0.0
40,27,702800.0,4330650.0,0.0,0.0,0.0
41,27,705370.0,4330650.0,0.0,0.0,0.0
0,28,600000.0,4328080.0,0.0,0.0,0.0
1,28,602570.0,4328080.0,0.0,0.0,0.0
2,28,605140.0,4328080.0,0.0,0.0,0.0
3,28,607710.0,4328080.0,0.0,0.0,0.0
4,28,610280.0,4328080.0,0.0,0.0,0.0
5,28,612850.0,4328080.0,0.0,0.0,0.0
6,28,615420.0,4328080.0,0.0,0.0,0.0
7,28,617990.0,4328080.0,0.0,0.0,0.0
8,28,620560.0,4328080.0,0.0,0.0,0.0
9,28,623130.0,4328080.0,0.0,0.0,0.0
10,28,625700.0,4328080.0,0.0,0.0,0.0
11,28,628270.0,4328080.0,0.0,0.0,0.0
12,28,630840.0,4328080.0,0.0,0.0,0.0
13,28,633410.0,4328080.0,0.0,0.0,0.0
14,28,635980.0,4328080.0,0.0,0.0,0.0
15,28,638550.0,4328080.0,0.0,0.0,0.0
16,28,641120.0,4328080.0,0.0,0.0,0.0
17,28,643690.0,4328080.0,0.0,0.0,0.0
18,28,646260.0,4328080.0,0.0,0.0,0.0
19,28,648830.0,4328080.0,0.0,0.0,0.0
20,28,651400.0,4328080.0,0.0,0.0,0.0
21,28,653970.0,4328080.0,0.0,0.0,0.0
22,28,656540.0,4328080.0,0.0,0.0,0.0
23,28,659110.0,4328080.0,0.0,0.0,0.0
24,28,661680.0,4328080.0,0.0,0.0,0.0
25,28,664250.0,4328080.0,0.0,0.0,0.0
26,28,666820.0,4328080.0,0.0,0.0,0.0
27,28,669390.0,4328080.0,0.0,0.0,0.0
28,28,671960.0,4328080.0,0.0,0.0,0.0
29,28,674530.0,4328080.0,0.0,0.0,0.0
30,28,677100.0,4328080.0,0.0,0.0,0.0
31,28,679670.0,4328080.0,0.0,0.0,0.0
32,28,682240.0,4328080.0,0.0,0.0,0.0
33,28,684810.0,4328080.0,0.0,0.0,0.0
34,28,687380.0,4328080.0,0.0,0.0,0.0
35,28,689950.0,4328080.0,0.0,0.0,0.0
36,28,692520.0,4328080.0,0.0,0.0,0.0
37,28,695090.0,4328080.0,0.0,0.0,0.0
38,28,697660.0,4328080.0,0.0,0.0,0.0
39,28,700230.0,4328080.0,0.0,0.0,0.0
40,28,702800.0,4328080.0,0.0,0.0,0.0
41,28,705370.0,4328080.0,0.0,0.0,0.0
0,29,600000.0,4325510.0,0.0,0.0,0.0
1,29,602570.0,4325510.0,0.0,0.0,0.0
2,29,605140.0,4325510.0,0.0,0.0,0.0
3,29,607710.0,4325510.0,0.0,0.0,0.0
4,29,610280.0,4325510.0,0.0,0.0,0.0
5,29,612850.0,4325510.0,0.0,0.0,0.0
6,29,615420.0,4325510.0,0.0,0.0,0.0
7,29,617990.0,4325510.0,0.0,0.0,0.0
8,29,620560.0,4325510.0,0.0,0.0,0.0
9,29,623130.0,4325510.0,0.0,0.0,0.0
10,29,625700.0,4325510.0,0.0,0.0,0.0
11,29,628270.0,4325510.0,0.0,0.0,0.0
12,29,630840.0,4325510.0,0.0,0.0,0.0
13,29,633410.0,4325510.0,0.0,0.0,0.0
14,29,635980.0,4325510.0,0.0,0.0,0.0
15,29,638550.0,4325510.0,0.0,0.0,0.0
16,29,641120.0,4325510.0,0.0,0.0,0.0
17,29,643690.0,4325510.0,0.0,0.0,0.0
18,29,646260.0,4325510.0,0.0,0.0,0.0
19,29,648830.0,4325510.0,0.0,0.0,0.0
20,29,651400.0,4325510.0,0.0,0.0,0.0
21,29,653970.0,4325510.0,0.0,0.0,0.0
22,29,656540.0,4325510.0,0.0,0.0,0.0
23,29,659110.0,4325510.0,0.0,0.0,0.0
24,29,661680.0,4325510.0,0.0,0.0,0.0
25,29,664250.0,4325510.0,0.0,0.0,0.0
26,29,666820.0,4325510.0,0.0,0.0,0.0
27,29,669390.0,4325510.0,0.0,0.0,0.0
28,29,671960.0,4325510.0,0.0,0.0,0.0
29,29,674530.0,4325510.0,0.0,0.0,0.0
30,29,677100.0,4325510.0,0.0,0.0,0.0
31,29,679670.0,4325510.0,0.0,0.0,0.0
32,29,682240.0,4325510.0,0.0,0.0,0.0
33,29,684810.0,4325510.0,0.0,0.0,0.0
34,29,687380.0,4325510.0,0.0,0.0,0.0
35,29,689950.0,4325510.0,0.0,0.0,0.0
36,29,692520.0,4325510.0,0.0,0.0,0.0
37,29,695090.0,4325510.0,0.0,0.0,0.0
38,29,697660.0,4325510.0,0.0,0.0,0.0
39,29,700230.0,4325510.0,0.0,0.0,0.0
40,29,702800.0,4325510.0,0.0,0.0,0.0
41,29,705370.0,4325510.0,0.0,0.0,0.0
0,30,600000.0,4322940.0,0.0,0.0,0.0
1,30,602570.0,4322940.0,0.0,0.0,0.0
2,30,605140.0,4322940.0,0.0,0.0,0.0
3,30,607710.0,4322940.0,0.0,0.00036,0.0
4,30,610280.0,4322940.0,0.0,0.0,0.0
5,30,612850.0,4322940.0,0.0,0.0,0.0
6,30,615420.0,4322940.0,0.0,0.0,0.0
7,30,617990.0,4322940.0,0.0,0.0,0.0
8,30,620560.0,4322940.0,0.0,0.0,0.0
9,30,623130.0,4322940.0,0.0,0.0,0.0
10,30,625700.0,4322940.0,0.0,0.0,0.0
11,30,628270.0,4322940.0,0.0,0.0,0.0
12,30,630840.0,4322940.0,0.0,0.0,0.0
13,30,633410.0,4322940.0,0.0,0.0,0.0
14,30,635980.0,4322940.0,0.0,0.0,0.0
15,30,638550.0,4322940.0,0.0,0.0,0.0
16,30,641120.0,4322940.0,0.0,0.0,0.0
17,30,643690.0,4322940.0,0.0,0.0,0.0
18,30,646260.0,4322940.0,0.0,0.0,0.0
19,30,648830.0,4322940.0,0.0,0.0,0.0
20,30,651400.0,4322940.0,0.0,0.0,0.0
21,30,653970.0,4322940.0,0.0,0.0,0.0
22,30,656540.0,4322940.0,0.0,0.0,0.0
23,30,659110.0,4322940.0,0.0,0.0,0.0
24,30,661680.0,4322940.0,0.0,0.0,0.0
25,30,664250.0,4322940.0,0.0,0.0,0.0
26,30,666820.0,4322940.0,0.0,0.0,0.0
27,30,669390.0,4322940.0,0.0,0.0,0.0
28,30,671960.0,4322940.0,0.0,0.0,0.0
29,30,674530.0,4322940.0,0.0,0.0,0.0
30,30,677100.0,4322940.0,0.0,0.0,0.0
31,30,679670.0,4322940.0,0.0,0.0,0.0
32,30,682240.0,4322940.0,0.0,0.0,0.0
33,30,684810.0,4322940.0,0.0,0.0,0.0
34,30,687380.0,4322940.0,0.0,0.0,0.0
35,30,689950.0,4322940.0,0.0,0.0,0.0
36,30,692520.0,4322940.0,0.0,0.0,0.0
37,30,695090.0,4322940.0,0.0,0.0,0.0
38,30,697660.0,4322940.0,0.0,0.0,0.0
39,30,700230.0,4322940.0,0.0,0.0,0.0
40,30,702800.0,4322940.0,0.0,0.0,0.0
41,30,705370.0,4322940.0,0.0,0.0,0.0
0,31,600000.0,4320370.0,2e-05,0.0,0.0
1,31,602570.0,4320370.0,0.0,0.0,0.0
2,31,605140.0,4320370.0,0.0,0.0,0.0
3,31,607710.0,4320370.0,0.0,0.0,0.0
4,31,610280.0,4320370.0,0.0,0.0,0.0
5,31,612850.0,4320370.0,0.0,0.0,0.0
6,31,615420.0,4320370.0,0.0,0.0,0.0
7,31,617990.0,4320370.0,0.0,0.0,0.0
8,31,620560.0,4320370.0,0.0,0.0,0.0
9,31,623130.0,4320370.0,0.0,0.0,0.0
10,31,625700.0,4320370.0,0.0,0.0,0.0
11,31,628270.0,4320370.0,0.0,0.0,0.0
12,31,630840.0,4320370.0,0.0,0.0,0.0
13,31,633410.0,4320370.0,0.0,0.0,0.0
14,31,635980.0,4320370.0,0.0,0.0,0.0
15,31,638550.0,4320370.0,0.0,0.0,0.0
16,31,641120.0,4320370.0,0.0,0.0,0.0
17,31,643690.0,4320370.0,0.0,0.0,0.0
18,31,646260.0,4320370.0,0.0,0.0,0.0
19,31,648830.0,4320370.0,0.0,0.0,0.0
20,31,651400.0,4320370.0,0.0,0.0,0.0
21,31,653970.0,4320370.0,0.0,0.0,0.0
22,31,656540.0,4320370.0,0.0,0.0,0.0
23,31,659110.0,4320370.0,0.0,0.0,0.0
24,31,661680.0,4320370.0,0.0,0.0,0.0
25,31,664250.0,4320370.0,0.0,0.0,0.0
26,31,666820.0,4320370.0,0.0,0.0,0.0
27,31,669390.0,4320370.0,0.0,0.0,0.0
28,31,671960.0,4320370.0,0.0,0.0,0.0
29,31,674530.0,4320370.0,0.0,0.0,0.0
30,31,677100.0,4320370.0,0.0,0.0,0.0
31,31,679670.0,4320370.0,0.0,0.0,0.0
32,31,682240.0,4320370.0,0.0,0.0,0.0
33,31,684810.0,4320370.0,0.0,0.0,0.0
34,31,687380.0,4320370.0,0.0,0.0,0.0
35,31,689950.0,4320370.0,0.0,0.0,0.0
36,31,692520.0,4320370.0,0.0,0.0,0.0
37,31,695090.0,4320370.0,0.0,0.0,0.0
38,31,697660.0,4320370.0,0.0,0.0,0.0
39,31,700230.0,4320370.0,0.0,0.0,0.0
40,31,702800.0,4320370.0,0.0,0.0,0.0
41,31,705370.0,4320370.0,0.0,0.0,0.0
0,32,600000.0,4317800.0,8e-05,0.0,0.0
1,32,602570.0,4317800.0,0.0,0.0,0.0
2,32,605140.0,4317800.0,0.0,0.0,0.0
3,32,607710.0,4317800.0,0.0,0.0,0.0
4,32,610280.0,4317800.0,0.0,0.0,0.0
5,32,612850.0,4317800.0,0.0,0.0,0.0
6,32,615420.0,4317800.0,0.0,0.0,0.0
7,32,617990.0,4317800.0,0.0,0.0,0.0
8,32,620560.0,4317800.0,0.0,0.0,0.0
9,32,623130.0,4317800.0,0.0,0.0,0.0
10,32,625700.0,4317800.0,0.0,0.0,0.0
11,32,628270.0,4317800.0,0.0,0.0,0.0
12,32,630840.0,4317800.0,0.0,0.0,0.0
13,32,633410.0,4317800.0,0.0,0.0,0.0
14,32,635980.0,4317800.0,0.0,0.0,0.0
15,32,638550.0,4317800.0,0.0,0.0,0.0
16,32,641120.0,4317800.0,0.0,0.0,0.0
17,32,643690.0,4317800.0,0.0,0.0,0.0
18,32,646260.0,4317800.0,0.0,0.0,0.0
19,32,648830.0,4317800.0,0.0,0.0,0.0
20,32,651400.0,4317800.0,0.0,0.0,0.0
21,32,653970.0,4317800.0,0.0,0.0,0.0
22,32,656540.0,4317800.0,0.0,0.0,0.0
23,32,659110.0,4317800.0,0.0,0.0,0.0
24,32,661680.0,4317800.0,0.0,0.0,0.0
25,32,664250.0,4317800.0,0.0,0.0,0.0
26,32,666820.0,4317800.0,0.0,0.0,0.0
27,32,669390.0,4317800.0,0.0,0.0,0.0
28,32,671960.0,4317800.0,0.0,0.0,0.0
29,32,674530.0,4317800.0,0.0,0.0,0.0
30,32,677100.0,4317800.0,0.0,0.0,0.0
31,32,679670.0,4317800.0,0.0,0.0,0.0
32,32,682240.0,4317800.0,0.0,0.0,0.0
33,32,684810.0,4317800.0,0.0,0.0,0.0
34,32,687380.0,4317800.0,0.0,0.0,0.0
35,32,689950.0,4317800.0,0.0,0.0,0.0
36,32,692520.0,4317800.0,0.0,0.0,0.0
37,32,695090.0,4317800.0,0.0,0.0,0.0
38,32,697660.0,4317800.0,0.0,0.0,0.0
39,32,700230.0,4317800.0,0.0,0.0,0.0
40,32,702800.0,4317800.0,0.0,0.0,0.0
41,32,705370.0,4317800.0,0.0,0.0,0.0
0,33,600000.0,4315230.0,0.0,0.0,0.0
1,33,602570.0,4315230.0,0.0,0.0,0.0
2,33,605140.0,4315230.0,0.0,0.0,0.0
3,33,607710.0,4315230.0,0.0,0.0,0.0
4,33,610280.0,4315230.0,0.0,0.0,0.0
5,33,612850.0,4315230.0,0.0,0.0,0.0
6,33,615420.0,4315230.0,0.0,0.0,0.0
7,33,617990.0,4315230.0,0.0,0.0,0.0
8,33,620560.0,4315230.0,0.0,0.0,0.0
9,33,623130.0,4315230.0,0.0,0.0,0.0
10,33,625700.0,4315230.0,0.0,0.0,0.0
11,33,628270.0,4315230.0,0.0,0.0,0.0
12,33,630840.0,4315230.0,0.0,0.0,0.0
13,33,633410.0,4315230.0,0.0,0.0,0.0
14,33,635980.0,4315230.0,0.0,0.0,0.0
15,33,638550.0,4315230.0,0.0,0.0,0.0
16,33,641120.0,4315230.0,0.0,0.0,0.0
17,33,643690.0,4315230.0,0.0,0.0,0.0
18,33,646260.0,4315230.0,0.0,0.0,0.0
19,33,648830.0,4315230.0,0.0,0.0,0.0
20,33,651400.0,4315230.0,0.0,0.0,0.0
21,33,653970.0,4315230.0,0.0,0.0,0.0
22,33,656540.0,4315230.0,0.0,0.0,0.0
23,33,659110.0,4315230.0,0.0,0.0,0.0
24,33,661680.0,4315230.0,0.0,0.0,0.0
25,33,664250.0,4315230.0,0.0,0.0,0.0
26,33,666820.0,4315230.0,0.0,0.0,0.0
27,33,669390.0,4315230.0,0.0,0.0,0.0
28,33,671960.0,4315230.0,0.0,0.0,0.0
29,33,674530.0,4315230.0,0.0,0.0,0.0
30,33,677100.0,4315230.0,0.0,0.0,0.0
31,33,679670.0,4315230.0,0.0,0.0,0.0
32,33,682240.0,4315230.0,0.0,0.0,0.0
33,33,684810.0,4315230.0,0.0,0.0,0.0
34,33,687380.0,4315230.0,0.0,0.0,0.0
35,33,689950.0,4315230.0,0.0,0.0,0.0
36,33,692520.0,4315230.0,0.0,0.0,0.0
37,33,695090.0,4315230.0,0.0,0.0,0.0
38,33,697660.0,4315230.0,0.0,0.0,0.0
39,33,700230.0,4315230.0,0.0,0.00024,0.0
40,33,702800.0,4315230.0,0.0,0.0,0.0
41,33,705370.0,4315230.0,0.0,0.0,0.0
0,34,600000.0,4312660.0,0.0,0.0,0.0
1,34,602570.0,4312660.0,0.0,0.0,0.0
2,34,605140.0,4312660.0,0.0,0.0,0.0
3,34,607710.0,4312660.0,0.0,0.0,0.0
4,34,610280.0,4312660.0,2e-05,0.02314,0.0
5,34,612850.0,4312660.0,0.00011,0.07944,0.0
6,34,615420.0,4312660.0,9e-05,0.03497,0.0
7,34,617990.0,4312660.0,0.0,0.01544,0.0
8,34,620560.0,4312660.0,2e-05,0.02704,0.0
9,34,623130.0,4312660.0,0.0,0.0,0.0
10,34,625700.0,4312660.0,0.0,0.0,0.0
11,34,628270.0,4312660.0,0.0,0.0,0.0
12,34,630840.0,4312660.0,0.0,0.0,0.0
13,34,633410.0,4312660.0,0.0,0.0,0.0
14,34,635980.0,4312660.0,0.0,0.0,0.0
15,34,638550.0,4312660.0,0.0,0.0,0.0
16,34,641120.0,4312660.0,0.0,0.0,0.0
17,34,643690.0,4312660.0,0.0,0.0,0.0
18,34,646260.0,4312660.0,0.0,0.0,0.0
19,34,648830.0,4312660.0,0.0,0.0,0.0
20,34,651400.0,4312660.0,0.0,0.0,0.0
21,34,653970.0,4312660.0,0.0,0.0,0.0
22,34,656540.0,4312660.0,0.0,0.0,0.0
23,34,659110.0,4312660.0,0.0,0.0,0.0
24,34,661680.0,4312660.0,0.0,0.0,0.0
25,34,664250.0,4312660.0,0.0,0.0,0.0
26,34,666820.0,4312660.0,0.0,0.0,0.0
27,34,669390.0,4312660.0,0.0,0.0,0.0
28,34,671960.0,4312660.0,0.0,0.0,0.0
29,34,674530.0,4312660.0,0.0,0.0,0.0
30,34,677100.0,4312660.0,0.0,0.0,0.0
31,34,679670.0,4312660.0,0.0,0.0,0.0
32,34,682240.0,4312660.0,0.0,0.0,0.0
33,34,684810.0,4312660.0,0.0,0.0,0.0
34,34,687380.0,4312660.0,0.0,0.0,0.0
35,34,689950.0,4312660.0,0.0,0.0,0.0
36,34,692520.0,4312660.0,0.0,0.0,0.0
37,34,695090.0,4312660.0,0.0,0.0,0.0
38,34,697660.0,4312660.0,0.0,0.0,0.0
39,34,700230.0,4312660.0,0.0,0.0,0.0
40,34,702800.0,4312660.0,0.0,0.0,0.0
41,34,705370.0,4312660.0,0.0,0.0,0.0
0,35,600000.0,4310090.0,0.0,0.0,0.0
1,35,602570.0,4310090.0,0.0,0.0,0.0
2,35,605140.0,4310090.0,0.0,0.0,0.0
3,35,607710.0,4310090.0,0.0,0.0,0.0
4,35,610280.0,4310090.0,0.0,0.0,0.0
5,35,612850.0,4310090.0,0.0,0.0,0.0
6,35,615420.0,4310090.0,0.0,0.00463,0.0
7,35,617990.0,4310090.0,0.0,0.03918,0.0
8,35,620560.0,4310090.0,0.00011,0.13809,0.0
9,35,623130.0,4310090.0,0.0,0.0,0.0
10,35,625700.0,4310090.0,0.0,0.0,0.0
11,35,628270.0,4310090.0,0.0,0.0,0.0
12,35,630840.0,4310090.0,0.0,0.0,0.0
13,35,633410.0,4310090.0,0.0,0.0,0.0
14,35,635980.0,4310090.0,0.0,0.0,0.0
15,35,638550.0,4310090.0,0.0,0.0,0.0
16,35,641120.0,4310090.0,0.0,0.0,0.0
17,35,643690.0,4310090.0,0.0,0.0,0.0
18,35,646260.0,4310090.0,0.0,0.0,0.0
19,35,648830.0,4310090.0,0.0,0.0,0.0
20,35,651400.0,4310090.0,0.0,0.0,0.0
21,35,653970.0,4310090.0,0.0,0.0,0.0
22,35,656540.0,4310090.0,0.0,0.0,0.0
23,35,659110.0,4310090.0,0.0,0.0,0.0
24,35,661680.0,4310090.0,0.0,0.0,0.0
25,35,664250.0,4310090.0,0.0,0.0,0.0
26,35,666820.0,4310090.0,0.0,0.0,0.0
27,35,669390.0,4310090.0,0.0,0.0,0.0
28,35,671960.0,4310090.0,0.0,0.0,0.0
29,35,674530.0,4310090.0,0.0,0.0,0.0
30,35,677100.0,4310090.0,0.0,0.0,0.0
31,35,679670.0,4310090.0,0.0,0.0,0.0
32,35,682240.0,4310090.0,0.0,0.0,0.0
33,35,684810.0,4310090.0,0.0,0.0,0.0
34,35,687380.0,4310090.0,0.0,0.0,0.0
35,35,689950.0,4310090.0,0.0,0.0,0.0
36,35,692520.0,4310090.0,0.0,0.0,0.0
37,35,695090.0,4310090.0,0.0,0.0,0.0
38,35,697660.0,4310090.0,0.0,0.0,0.0
39,35,700230.0,4310090.0,0.0,0.0,0.0
40,35,702800.0,4310090.0,0.0,0.0,0.0
41,35,705370.0,4310090.0,0.0,0.0,0.0
0,36,600000.0,4307520.0,0.0,0.0,0.0
1,36,602570.0,4307520.0,0.0,0.0,0.0
2,36,605140.0,4307520.0,0.0,0.0,0.0
3,36,607710.0,4307520.0,0.0,0.0,0.0
4,36,610280.0,4307520.0,0.0,0.0,0.0
5,36,612850.0,4307520.0,0.0,0.0,0.0
6,36,615420.0,4307520.0,0.0,0.0,0.0
7,36,617990.0,4307520.0,0.0,0.0,0.0
8,36,620560.0,4307520.0,0.0,0.0,0.0
9,36,623130.0,4307520.0,0.0,0.0,0.0
10,36,625700.0,4307520.0,0.0,0.0,0.0
11,36,628270.0,4307520.0,0.0,0.0,0.0
12,36,630840.0,4307520.0,0.0,0.0,0.0
13,36,633410.0,4307520.0,0.0,0.0,0.0
14,36,635980.0,4307520.0,0.0,0.0,0.0
15,36,638550.0,4307520.0,0.0,0.0,0.0
16,36,641120.0,4307520.0,0.0,0.0,0.0
17,36,643690.0,4307520.0,0.0,0.0,0.0
18,36,646260.0,4307520.0,0.0,0.0,0.0
19,36,648830.0,4307520.0,0.0,0.0,0.0
20,36,651400.0,4307520.0,0.0,0.0,0.0
21,36,653970.0,4307520.0,0.0,0.0,0.0
22,36,656540.0,4307520.0,0.0,0.0,0.0
23,36,659110.0,4307520.0,0.0,0.0,0.0
24,36,661680.0,4307520.0,0.0,0.0,0.0
25,36,664250.0,4307520.0,0.0,0.0,0.0
26,36,666820.0,4307520.0,0.0,0.0,0.0
27,36,669390.0,4307520.0,0.0,0.0,0.0
28,36,671960.0,4307520.0,0.0,0.0,0.0
29,36,674530.0,4307520.0,0.0,0.0,0.0
30,36,677100.0,4307520.0,0.0,0.0,0.0
31,36,679670.0,4307520.0,0.0,0.0,0.0
32,36,682240.0,4307520.0,0.0,0.0,0.0
33,36,684810.0,4307520.0,0.0,0.0,0.0
34,36,687380.0,4307520.0,0.0,0.0,0.0
35,36,689950.0,4307520.0,0.0,0.0,0.0
36,36,692520.0,4307520.0,0.0,0.0,0.0
37,36,695090.0,4307520.0,0.0,0.0,0.0
38,36,697660.0,4307520.0,0.0,0.0,0.0
39,36,700230.0,4307520.0,0.0,0.0,0.0
40,36,702800.0,4307520.0,0.0,0.0,0.0
41,36,705370.0,4307520.0,0.0,0.0,0.0
0,37,600000.0,4304950.0,0.0,0.0,0.0
1,37,602570.0,4304950.0,0.0,0.0,0.0
2,37,605140.0,4304950.0,0.0,0.0,0.0
3,37,607710.0,4304950.0,0.0,0.0,0.0
4,37,610280.0,4304950.0,0.0,0.0,0.0
5,37,612850.0,4304950.0,0.0,0.0,0.0
6,37,615420.0,4304950.0,0.0,0.0,0.0
7,37,617990.0,4304950.0,0.0,0.0,0.0
8,37,620560.0,4304950.0,0.0,0.0,0.0
9,37,623130.0,4304950.0,0.0,0.0,0.0
10,37,625700.0,4304950.0,0.0,0.0,0.0
11,37,628270.0,4304950.0,0.0,0.0,0.0
12,37,630840.0,4304950.0,0.0,0.0,0.0
13,37,633410.0,4304950.0,0.0,0.00463,0.0
14,37,635980.0,4304950.0,0.0,0.0,0.0
15,37,638550.0,4304950.0,0.0,0.0,0.0
16,37,641120.0,4304950.0,0.0,0.0,0.0
17,37,643690.0,4304950.0,0.0,0.0,0.0
18,37,646260.0,4304950.0,0.0,0.0,0.0
19,37,648830.0,4304950.0,0.0,0.0,0.0
20,37,651400.0,4304950.0,0.0,0.0,0.0
21,37,653970.0,4304950.0,0.0,0.0,0.0
22,37,656540.0,4304950.0,0.0,0.0,0.0
23,37,659110.0,4304950.0,0.0,0.0,0.0
24,37,661680.0,4304950.0,0.0,0.0,0.0
25,37,664250.0,4304950.0,0.0,0.0,0.0
26,37,666820.0,4304950.0,0.0,0.0,0.0
27,37,669390.0,4304950.0,0.0,0.0,0.0
28,37,671960.0,4304950.0,0.0,0.0,0.0
29,37,674530.0,4304950.0,0.0,0.0,0.0
30,37,677100.0,4304950.0,0.0,0.0,0.0
31,37,679670.0,4304950.0,0.0,0.0,0.0
32,37,682240.0,4304950.0,0.0,0.0,0.0
33,37,684810.0,4304950.0,0.0,0.0,0.0
34,37,687380.0,4304950.0,0.0,0.0,0.0
35,37,689950.0,4304950.0,0.0,0.0,0.0
36,37,692520.0,4304950.0,0.0,0.0,0.0
37,37,695090.0,4304950.0,2e-05,0.0,0.0
38,37,697660.0,4304950.0,0.0,0.0,0.0
39,37,700230.0,4304950.0,0.0,0.0,0.0
40,37,702800.0,4304950.0,0.0,0.0,0.0
41,37,705370.0,4304950.0,0.0,0.0,0.0
0,38,600000.0,4302380.0,0.0,0.0,0.0
1,38,602570.0,4302380.0,0.0,0.0,0.0
2,38,605140.0,4302380.0,0.0,0.0,0.0
3,38,607710.0,4302380.0,0.0,0.0,0.0
4,38,610280.0,4302380.0,0.0,0.0,0.0
5,38,612850.0,4302380.0,0.0,0.0,0.0
6,38,615420.0,4302380.0,3e-05,0.0,0.0
7,38,617990.0,4302380.0,0.0,0.0,0.0
8,38,620560.0,4302380.0,0.0,0.0,0.0
9,38,623130.0,4302380.0,0.0,0.0,0.0
10,38,625700.0,4302380.0,0.0,0.0,0.0
11,38,628270.0,4302380.0,0.0,0.0,0.0
12,38,630840.0,4302380.0,0.0,0.0,0.0
13,38,633410.0,4302380.0,0.0,0.0,0.0
14,38,635980.0,4302380.0,0.0,0.0,0.0
15,38,638550.0,4302380.0,0.0,0.0,0.0
16,38,641120.0,4302380.0,0.0,0.0,0.0
17,38,643690.0,4302380.0,0.0,0.0,0.0
18,38,646260.0,4302380.0,0.0,0.0,0.0
19,38,648830.0,4302380.0,0.0,0.0,0.0
20,38,651400.0,4302380.0,0.0,0.0,0.0
21,38,653970.0,4302380.0,0.0,0.0,0.0
22,38,656540.0,4302380.0,0.0,0.0,0.0
23,38,659110.0,4302380.0,0.0,0.0,0.0
24,38,661680.0,4302380.0,0.0,0.0,0.0
25,38,664250.0,4302380.0,0.0,0.0,0.0
26,38,666820.0,4302380.0,0.0,0.0,0.0
27,38,669390.0,4302380.0,0.0,0.0,0.0
28,38,671960.0,4302380.0,0.0,0.0,0.0
29,38,674530.0,4302380.0,0.0,0.0,0.0
30,38,677100.0,4302380.0,0.0,0.0,0.0
31,38,679670.0,4302380.0,0.0,0.0,0.0
32,38,682240.0,4302380.0,0.0,0.0,0.0
33,38,684810.0,4302380.0,0.0,0.0,0.0
34,38,687380.0,4302380.0,0.0,0.0,0.0
35,38,689950.0,4302380.0,0.0,0.0,0.0
36,38,692520.0,4302380.0,0.0,0.0,0.0
37,38,695090.0,4302380.0,0.0,0.0,0.0
38,38,697660.0,4302380.0,0.0,0.0,0.0
39,38,700230.0,4302380.0,0.0,0.0,0.0
40,38,702800.0,4302380.0,0.0,0.0,0.0
41,38,705370.0,4302380.0,0.0,0.0,0.0
0,39,600000.0,4299810.0,0.0,0.0,0.0
1,39,602570.0,4299810.0,0.0,0.0,0.0
2,39,605140.0,4299810.0,0.0,0.0,0.0
3,39,607710.0,4299810.0,0.0,0.0,0.0
4,39,610280.0,4299810.0,0.0,0.0,0.0
5,39,612850.0,4299810.0,0.0,0.0,0.0
6,39,615420.0,4299810.0,0.0,0.0,0.0
7,39,617990.0,4299810.0,0.0,0.0,0.0
8,39,620560.0,4299810.0,0.0,0.0,0.0
9,39,623130.0,4299810.0,0.0,0.0,0.0
10,39,625700.0,4299810.0,0.0,0.0,0.0
11,39,628270.0,4299810.0,0.0,0.0,0.0
12,39,630840.0,4299810.0,0.0,0.0,0.0
13,39,633410.0,4299810.0,0.0,0.0,0.0
14,39,635980.0,4299810.0,0.0,0.0,0.0
15,39,638550.0,4299810.0,0.0,0.0,0.0
16,39,641120.0,4299810.0,0.0,0.0,0.0
17,39,643690.0,4299810.0,0.0,0.0,0.0
18,39,646260.0,4299810.0,0.0,0.0,0.0
19,39,648830.0,4299810.0,0.0,0.0,0.0
20,39,651400.0,4299810.0,0.0,0.0,0.0
21,39,653970.0,4299810.0,0.0,0.0,0.0
22,39,656540.0,4299810.0,0.0,0.0,0.0
23,39,659110.0,4299810.0,0.0,0.0,0.0
24,39,661680.0,4299810.0,0.0,0.0,0.0
25,39,664250.0,4299810.0,0.0,0.0,0.0
26,39,666820.0,4299810.0,0.0,0.0,0.0
27,39,669390.0,4299810.0,0.0,0.0,0.0
28,39,671960.0,4299810.0,0.0,0.0,0.0
29,39,674530.0,4299810.0,0.0,0.0,0.0
30,39,677100.0,4299810.0,0.0,0.0,0.0
31,39,679670.0,4299810.0,0.0,0.0,0.0
32,39,682240.0,4299810.0,0.0,0.0,0.0
33,39,684810.0,4299810.0,0.0,0.0,0.0
34,39,687380.0,4299810.0,0.0,0.0,0.0
35,39,689950.0,4299810.0,0.0,0.0,0.0
36,39,692520.0,4299810.0,0.0,0.0,0.0
37,39,695090.0,4299810.0,0.0,0.0,0.0
38,39,697660.0,4299810.0,0.0,0.0,0.0
39,39,700230.0,4299810.0,0.0,0.0,0.0
40,39,702800.0,4299810.0,0.0,0.0,0.0
41,39,705370.0,4299810.0,0.0,0.0,0.0
0,40,600000.0,4297240.0,0.0,0.0,0.0
1,40,602570.0,4297240.0,0.0,0.0,0.0
2,40,605140.0,4297240.0,0.0,0.0,0.0
3,40,607710.0,4297240.0,0.0,0.0,0.0
4,40,610280.0,4297240.0,0.0,0.0,0.0
5,40,612850.0,4297240.0,0.0,0.0,0.0
6,40,615420.0,4297240.0,0.0,0.0,0.0
7,40,617990.0,4297240.0,0.0,0.0,0.0
8,40,620560.0,4297240.0,0.0,0.0,0.0
9,40,623130.0,4297240.0,0.0,0.0,0.0
10,40,625700.0,4297240.0,0.0,0.0,0.0
11,40,628270.0,4297240.0,0.0,0.0,0.0
12,40,630840.0,4297240.0,0.0,0.0,0.0
13,40,633410.0,4297240.0,0.0,0.0,0.0
14,40,635980.0,4297240.0,0.0,0.0,0.0
15,40,638550.0,4297240.0,0.0,0.0,0.0
16,40,641120.0,4297240.0,0.0,0.0,0.0
17,40,643690.0,4297240.0,0.0,0.0,0.0
18,40,646260.0,4297240.0,0.0,0.0,0.0
19,40,648830.0,4297240.0,0.0,0.0,0.0
20,40,651400.0,4297240.0,0.0,0.0,0.0
21,40,653970.0,4297240.0,0.0,0.0,0.0
22,40,656540.0,4297240.0,0.0,0.0,0.0
23,40,659110.0,4297240.0,0.0,0.0,0.0
24,40,661680.0,4297240.0,0.0,0.0,0.0
25,40,664250.0,4297240.0,0.0,0.0,0.0
26,40,666820.0,4297240.0,0.0,0.0,0.0
27,40,669390.0,4297240.0,0.0,0.0,0.0
28,40,671960.0,4297240.0,3e-05,0.0,0.0
29,40,674530.0,4297240.0,0.0,0.0,0.0
30,40,677100.0,4297240.0,0.0,0.0,0.0
31,40,679670.0,4297240.0,0.0,0.0,0.0
32,40,682240.0,4297240.0,0.0,0.0,0.0
33,40,684810.0,4297240.0,0.0,0.0,0.0
34,40,687380.0,4297240.0,0.0,0.0,0.0
35,40,689950.0,4297240.0,0.0,0.0,0.0
36,40,692520.0,4297240.0,0.0,0.0,0.0
37,40,695090.0,4297240.0,0.0,0.0,0.0
38,40,697660.0,4297240.0,0.0,0.0,0.0
39,40,700230.0,4297240.0,0.0,0.0,0.0
40,40,702800.0,4297240.0,0.0,0.0,0.0
41,40,705370.0,4297240.0,0.0,0.0,0.0
0,41,600000.0,4294670.0,0.0,0.0,0.0
1,41,602570.0,4294670.0,0.0,0.0,0.0
2,41,605140.0,4294670.0,0.0,0.0,0.0
3,41,607710.0,4294670.0,0.0,0.0,0.0
4,41,610280.0,4294670.0,0.0,0.0,0.0
5,41,612850.0,4294670.0,0.0,0.0,0.0
6,41,615420.0,4294670.0,0.0,0.0,0.0
7,41,617990.0,4294670.0,0.0,0.0,0.0
8,41,620560.0,4294670.0,0.0,0.0,0.0
9,41,623130.0,4294670.0,0.0,0.0,0.0
10,41,625700.0,4294670.0,0.0,0.0,0.0
11,41,628270.0,4294670.0,0.0,0.0,0.0
12,41,630840.0,4294670.0,0.0,0.0,0.0
13,41,633410.0,4294670.0,0.0,0.0,0.0
14,41,635980.0,4294670.0,8e-05,0.0,0.0
15,41,638550.0,4294670.0,0.0,0.0,0.0
16,41,641120.0,4294670.0,0.0,0.0,0.0
17,41,643690.0,4294670.0,0.0,0.0,0.0
18,41,646260.0,4294670.0,0.0,0.0,0.0
19,41,648830.0,4294670.0,0.0,0.0,0.0
20,41,651400.0,4294670.0,0.0,0.0,0.0
21,41,653970.0,4294670.0,0.0,0.0,0.0
22,41,656540.0,4294670.0,0.0,0.0,0.0
23,41,659110.0,4294670.0,0.0,0.0,0.0
24,41,661680.0,4294670.0,0.0,0.0,0.0
25,41,664250.0,4294670.0,0.0,0.0,0.0
26,41,666820.0,4294670.0,0.0,0.0,0.0
27,41,669390.0,4294670.0,5e-05,0.0,0.0
28,41,671960.0,4294670.0,0.0,0.0,0.0
29,41,674530.0,4294670.0,0.0,0.0,0.0
30,41,677100.0,4294670.0,0.0,0.0,0.0
31,41,679670.0,4294670.0,0.0,0.0,0.0
32,41,682240.0,4294670.0,0.0,0.0,0.0
33,41,684810.0,4294670.0,0.0,0.0,0.0
34,41,687380.0,4294670.0,0.0,0.0,0.0
35,41,689950.0,4294670.0,0.0,0.0,0.0
36,41,692520.0,4294670.0,0.0,0.0,0.0
37,41,695090.0,4294670.0,0.0,0.0,0.0
38,41,697660.0,4294670.0,0.0,0.0,0.0
39,41,700230.0,4294670.0,0.0,0.01142,0.0
40,41,702800.0,4294670.0,0.0,0.0,0.0
41,41,705370.0,4294670.0,0.0,0.0,0.0
