stem,silent_frac,ref_edge,pretrained,C2
ank_0_10,0.8282740843336411,0.6075434888635994,1.2495125960472495,0.09430788638709431
ank_0_16,0.6485072329947676,0.8831276696725202,0.8781741233373639,0.2555085315061131
ank_0_30,0.9586218836565097,0.84460096723055,0.8927035567487942,0.1294399961985317
ank_0_41,0.9380001538935057,0.837370029326716,1.1071244887462959,0.4011657809017658
ank_10_1,0.7575600184672207,0.5788070389274015,1.2177327366850927,0.14749495481267003
ank_11_14,0.7892236072637735,0.5514904818777878,1.4364006010784052,0.1376734729956687
ank_12_21,0.9719721452754694,0.6283373245987294,1.0621141489227668,0.0888874889756835
ank_12_28,0.9538896583564174,0.7784701635509307,0.956867519817626,0.10789596393969225
ank_12_35,0.8380847953216374,0.8732297381045286,1.0075176111870465,0.5031279571023026
ank_13_12,0.7532702369959988,0.5598600541396395,0.7376271495689458,0.11868813574784472
ank_13_17,0.9257848568790397,0.788534264223081,0.9273762154470474,0.14788268465572216
ank_13_21,0.9445791012619268,0.5831619249333034,1.2819277108433735,0.07361620394621966
ank_13_29,0.9066251154201292,0.8806492679821769,0.8898205035537887,0.1739308517046139
ank_13_34,0.9328062480763312,0.7945598152234435,1.001453450647564,0.03550572296192478
ank_13_6,0.6938288704216682,0.5818731285349895,0.9796540715681135,0.17730023347786722
ank_14_33,0.9412511542012927,0.6874923359901901,1.3232557448200004,0.5225482327060852
ank_14_9,0.7510195444752231,0.7802822673599549,1.0588582871023866,0.2937990348947904
ank_15_22,0.9064712219144352,0.6872373838122321,1.1970108695652173,0.2498147233201581
ank_15_41,0.9984033548784241,0.7820273212462188,0.9989652113925298,0.16736473834630927
ank_15_6,0.7161819021237303,0.6905989793177545,1.079615728676442,0.20508731671269104
ank_16_36,0.9506001846722069,0.6942488262910798,0.9913137260617367,0.08316087095927946
ank_16_9,0.8563211757463836,0.8605413905425138,0.8945623515284413,0.3944187746364894
ank_17_17,0.9187249923053247,0.6143554094516217,1.2190450223237108,0.0755938788725674
ank_17_19,0.8120960295475531,0.6472901269660792,1.079557930176389,0.31801214960111246
ank_17_22,0.851762080640197,0.7991553367360766,0.6926663840610428,0.07777306768404692
ank_17_31,0.9542166820560173,0.9022457866301105,0.9895430678136521,0.6329125237403642
ank_17_32,0.971375807940905,0.6293567807351077,1.2500629326620516,0.3602580239144116
ank_18_16,0.8534164358264081,0.7465737985754215,1.167627789016032,0.1610760544669545
ank_18_27,0.9496191135734072,0.8217968196090347,0.908252810096628,0.19500591599290082
ank_18_29,0.8474338257925516,0.8875899484711597,0.9290299480831693,0.35871205340016876
ank_18_37,0.7458064019698368,0.7532370389476399,1.1211861795021059,0.2449063452385029
ank_18_39,0.8321021852877809,0.7714536711670057,1.0882828888222955,0.29418639496553795
ank_18_7,0.7730455524776855,0.8170009456029463,0.963511208576998,0.24552266081871343
ank_19_15,0.8262157586949831,0.8659138533178115,0.9867709929821731,0.32142184937215995
ank_19_33,0.9989035087719298,0.841180888555087,0.9234890109890109,0.10112179487179487
ank_19_6,0.8849838411819021,0.6214976632974677,1.1472789591494124,0.0693900391717963
ank_19_9,0.8895814096645122,0.8960730040653923,0.907910613446595,0.16311115401322457
ank_1_34,0.8960257002154509,0.790785547134975,1.0774284628332518,0.4412499321279253
ank_20_10,0.884599107417667,0.9170599108404914,0.949443930663252,0.42794811600388893
ank_20_19,0.9560826408125577,0.6830446067483552,1.1714975845410627,0.12201013314480971
ank_20_37,0.6025892582333026,0.9261612130885873,1.0020681097476907,0.6593478560595616
ank_20_6,0.8065366266543552,0.6077706489851409,1.3456165136174554,0.08095910839023623
ank_22_10,0.697329947676208,0.8086896551724138,1.060105747910626,0.36285178236397747
ank_22_16,0.858264081255771,0.73191231845078,0.9983157250038279,0.046332873985607106
ank_22_37,0.8751154201292706,0.9195902576277147,1.0119280967633981,0.5180475211550414
ank_23_14,0.817174515235457,0.8291666666666667,0.7514976009993469,0.07313403174062402
ank_23_28,0.5041551246537396,0.7886523199023199,1.1316948086506362,0.7656877449320237
ank_24_0,0.7024084333641121,0.5229501013309963,1.474050798638387,0.10432050274941085
ank_24_12,0.815597106802093,0.8796877211189207,0.8355899938332843,0.19148993216612598
ank_24_14,0.7818751923668821,0.8632304096444827,0.9873738813201847,0.2103688080715955
ank_24_3,0.9721645121575869,0.7070463224963888,0.4774991604164334,0.0483879995522221
ank_25_1,0.6072637734687596,0.6977318803852002,1.1170434940524836,0.4149187324071552
ank_25_14,0.8640158510310865,0.5195369030390738,1.3610884936790228,0.06638097278765802
ank_25_16,0.9013927362265313,0.8222928848862521,0.37351742752588823,0.07580908878565311
ank_25_37,0.7393621114188981,0.9232210225055288,0.9335193326569721,0.15801487994589108
ank_26_21,0.802670052323792,0.7761347840674879,0.9415161340126601,0.11304616334722864
ank_26_22,0.6986188057863958,0.7504474488531542,1.0270052102443679,0.26873119542085566
ank_26_29,0.24546014158202523,0.8692789968652037,1.0355210962856114,0.8470970068517851
ank_26_3,0.7558287165281625,0.7104680461174314,0.7612036539494895,0.06079168905606305
ank_26_35,0.8763273314866112,0.8574031390626715,0.9960060421413758,0.19706085665275608
ank_26_5,0.5384733764235149,0.7667190625893112,0.9480477122355793,0.27406579069984155
ank_27_14,0.9640851031086488,0.8325119221022806,0.5081130311818421,0.056227979771349135
ank_27_40,0.8781548168667282,0.9024315443592552,0.7437615302456548,0.11474414991746772
ank_28_27,0.8970644813788858,0.728175326485536,1.243661100803958,0.38171805518744295
ank_28_37,0.5071945213911973,0.8646362739892286,1.0590428565162082,0.5831907707154449
ank_28_38,0.8922745460141582,0.8566962745774405,0.9665802652439792,0.07602486347736367
ank_28_9,0.8679786088027085,0.4722634693380023,1.2337979257590688,0.11619503496175324
ank_29_0,0.5865458602646968,0.8380177757371028,1.033695992485911,0.3171963055729493
ank_29_11,0.9960757156048015,0.5458864426419467,0.958678270713932,0.04822047689804004
ank_29_21,0.8362380732533087,0.8828184306779232,0.7760898454803659,0.09586471063397348
ank_29_24,0.8373153277931671,0.8632572885795023,1.0614770459081837,0.6569261477045908
ank_29_26,0.8854839950754079,0.8754100497490821,0.9819336906889021,0.37321322215604524
ank_2_12,0.8373730378578024,0.5757638410291753,0.5948210509516019,0.05155009376371543
ank_2_23,0.9355763311788242,0.8674000205613241,1.079244299056559,0.5867112312141468
ank_30_30,0.38384887657740846,0.7762353412849554,1.13932468203241,0.7633159016075924
ank_30_7,0.5720798707294552,0.6996872793301725,1.0924163783160323,0.30046136101499427
ank_31_32,0.35293551862111416,0.7080721643865482,1.1609575860210914,0.5919482718805327
ank_31_7,0.6704562942443829,0.6443921613634407,0.9887350282737434,0.16786143639520906
ank_32_12,0.8320252385349338,0.6629520022195505,0.631652367998884,0.08509451070656344
ank_32_21,0.7498845798707294,0.9228361808013955,0.8167287485406127,0.2522933229554678
ank_32_37,0.40735610957217605,0.3211654703437854,1.0211733568592856,1.0180855756506397
ank_33_25,0.4989996922129886,0.8902081727062452,1.0082279577342803,0.5246405681621341
ank_33_3,0.5984533702677747,0.5351655416264867,1.203075259775362,0.4347408252747913
ank_33_34,0.2574830717143737,0.7935748972730668,1.1062888344944455,0.4545283374129166
ank_33_36,0.39844952293013236,0.7937044368271134,1.0573600973236008,0.37852798053527975
ank_34_11,0.6464489073561096,0.5706888855825026,1.3215142350610074,0.4255918239649598
ank_34_15,0.5557286857494613,0.7193049257502856,1.0135707410972088,0.23354186717998074
ank_34_21,0.6317905509387504,0.8417318758944067,0.9580756013745705,0.21982275275818414
ank_34_30,0.19336718990458604,0.9516514126541982,0.8822914488814552,0.9664436546100774
ank_35_11,0.6323676515851031,0.5051866273233353,0.8345276088396459,0.30469079303907987
ank_35_28,0.1433518005540166,0.8837895866881375,1.017916793197692,0.7537200121469784
ank_35_39,0.8452216066481995,0.7754563248213392,1.1210378023010097,0.3784339046724583
ank_35_7,0.7424399815327793,0.6750874465604353,1.099251583189407,0.19973133755517172
ank_36_40,0.959314404432133,0.6579839178648058,1.1365922043092678,0.12616950598848017
ank_38_19,0.9170706371191135,0.7887693243555052,1.1549876339653753,0.12889928995026992
ank_38_22,0.43996229609110493,0.7237986970399195,1.2099794611574242,0.6801377310619791
ank_38_24,0.7447291474299784,0.7484372578395413,1.0053149266609145,0.27830888697152717
ank_38_27,0.7543667282240689,0.7844447277827362,1.0744099863467915,0.16146544437942917
ank_38_40,0.9617189904586027,0.8729247509701165,1.0106780321257531,0.3792534543204784
ank_38_9,0.6177092951677439,0.6862134471053533,1.033492171545269,0.17358747447243023
ank_39_1,0.933691135734072,0.5359622555988215,1.5271776735603906,0.0940262935342508
ank_3_13,0.9390196983687289,0.6846806244110296,1.1147746992998624,0.25555023637125246
ank_3_25,0.9328447214527547,0.8778999030787948,0.8119421215822608,0.06631119045381942
ank_3_29,0.9805517082179132,0.8468797206364154,0.9604104892512972,0.038431245366938475
ank_3_34,1.0,0.8070367805478609,1.118275212738064,0.9563320859056563
ank_3_39,0.7832217605417051,0.7581972246100945,1.142371234207969,0.3272108843537415
ank_3_9,0.8222914742997846,0.6858419501239882,1.2029539175222568,0.17883821673431796
ank_40_19,0.7134118190212373,0.7671088820579194,1.0152553692572674,0.2128721571935745
ank_40_2,0.8830409356725146,0.7069100731962357,1.0535901386748843,0.10187981510015406
ank_40_40,0.9452908587257618,0.8773707773707774,0.9010066335761006,0.10314515006726353
ank_41_0,0.9022391505078485,0.7440834079570168,1.0897733459411445,0.1797186165792716
ank_41_1,0.903951215758695,0.5896448256049031,1.3838241663057602,0.1354121553341995
ank_41_19,0.918936595875654,0.7364664015072221,1.2151729626787187,0.23674710781387684
ank_41_40,0.9832448445675592,0.7993856748772328,0.8033725739739103,0.05487163170904819
ank_4_23,0.9364035087719298,0.8832943013270882,0.9015512710189083,0.3156034141916878
ank_4_41,0.9349030470914127,0.6955349794238683,1.0808508120581013,0.3480460314173298
ank_5_12,0.6841143428747307,0.6515479571464725,1.0291743990332742,0.13400371153597168
ank_5_40,0.9738381040320099,0.6241901074589128,1.2702300705718534,0.1402259565176113
ank_5_5,0.7578870421668206,0.5691151835118534,0.38636160913388634,0.06234947819106234
ank_6_10,0.8359495229301324,0.5879510309278351,0.6070841487279843,0.04661448140900196
ank_6_38,1.0,0.6890581717451524,1.2292853154662198,0.3245393634840871
ank_7_36,0.966124192059095,0.7172809270652888,1.0864146124805685,0.1546191427936931
ank_7_8,0.8584756848261004,0.406390749994398,0.9183943537715042,0.10961623290692546
ank_8_19,0.9387503847337643,0.8137295081967213,1.049383026945354,0.1384789725509947
ank_8_22,0.8939481378885811,0.8461190850207656,0.9996439471007121,0.41912512716174977
ank_8_31,0.9998653431825177,0.7568732323912499,0.9474834773767158,1.1442552109811897
ank_8_41,0.997941674361342,0.8633883994833934,1.0811118553248493,0.826166555034606
ank_9_1,0.8282740843336411,0.5693150939452354,1.208216048627259,0.0757557214539224
ank_9_24,0.8833679593721145,0.9116090677467825,0.9650996130141895,0.33037121972194355
ank_9_25,0.9772622345337026,0.8795716704066769,0.9498254408736908,0.3040238116551786
