set,arm,stem,orb,orb_inl,akaze,mi
ank130,pretrained,ank_0_10,,,,8.06225774829855
ank130,pretrained,ank_0_16,,,,1.0
ank130,pretrained,ank_0_30,,,,1.4142135623730951
ank130,pretrained,ank_0_41,,,,2.23606797749979
ank130,pretrained,ank_10_1,1.4411110877990723,10.0,,0.0
ank130,pretrained,ank_11_14,,,,1.0
ank130,pretrained,ank_12_21,,,,8.06225774829855
ank130,pretrained,ank_12_28,,,,8.94427190999916
ank130,pretrained,ank_12_35,2.5560462474823,12.0,,1.0
ank130,pretrained,ank_13_12,,,,0.0
ank130,pretrained,ank_13_17,,,,5.656854249492381
ank130,pretrained,ank_13_21,,,,10.0
ank130,pretrained,ank_13_29,,,,5.830951894845301
ank130,pretrained,ank_13_34,,,,11.313708498984761
ank130,pretrained,ank_13_6,,,,0.0
ank130,pretrained,ank_14_33,,,,1.0
ank130,pretrained,ank_14_9,,,,1.0
ank130,pretrained,ank_15_22,,,,2.23606797749979
ank130,pretrained,ank_15_41,,,,4.242640687119285
ank130,pretrained,ank_15_6,2.7202951908111572,11.0,,1.0
ank130,pretrained,ank_16_36,,,,5.385164807134504
ank130,pretrained,ank_16_9,,,,1.0
ank130,pretrained,ank_17_17,,,,3.0
ank130,pretrained,ank_17_19,,,,9.433981132056603
ank130,pretrained,ank_17_22,,,,2.23606797749979
ank130,pretrained,ank_17_31,,,,1.0
ank130,pretrained,ank_17_32,,,,11.313708498984761
ank130,pretrained,ank_18_16,,,,0.0
ank130,pretrained,ank_18_27,,,,1.0
ank130,pretrained,ank_18_29,,,,1.4142135623730951
ank130,pretrained,ank_18_37,,,,1.0
ank130,pretrained,ank_18_39,,,,7.280109889280518
ank130,pretrained,ank_18_7,,,,1.0
ank130,pretrained,ank_19_15,,,,0.0
ank130,pretrained,ank_19_33,,,,7.280109889280518
ank130,pretrained,ank_19_6,,,,8.602325267042627
ank130,pretrained,ank_19_9,,,,1.0
ank130,pretrained,ank_1_34,,,,10.63014581273465
ank130,pretrained,ank_20_10,3.27531099319458,10.0,,1.0
ank130,pretrained,ank_20_19,,,,9.899494936611665
ank130,pretrained,ank_20_37,,,,1.0
ank130,pretrained,ank_20_6,,,,2.23606797749979
ank130,pretrained,ank_22_10,1.5839996337890625,12.0,,1.4142135623730951
ank130,pretrained,ank_22_16,,,,11.313708498984761
ank130,pretrained,ank_22_37,,,,1.0
ank130,pretrained,ank_23_14,,,,0.0
ank130,pretrained,ank_23_28,,,,1.0
ank130,pretrained,ank_24_0,,,,1.4142135623730951
ank130,pretrained,ank_24_12,,,,9.433981132056603
ank130,pretrained,ank_24_14,,,,1.0
ank130,pretrained,ank_24_3,,,,1.0
ank130,pretrained,ank_25_1,,,,1.4142135623730951
ank130,pretrained,ank_25_14,,,,8.06225774829855
ank130,pretrained,ank_25_16,,,,1.0
ank130,pretrained,ank_25_37,,,,2.23606797749979
ank130,pretrained,ank_26_21,,,,1.4142135623730951
ank130,pretrained,ank_26_22,2.109652042388916,10.0,,1.4142135623730951
ank130,pretrained,ank_26_29,2.036470890045166,17.0,,1.0
ank130,pretrained,ank_26_3,,,,0.0
ank130,pretrained,ank_26_35,,,,8.06225774829855
ank130,pretrained,ank_26_5,,,,1.4142135623730951
ank130,pretrained,ank_27_14,,,,6.324555320336759
ank130,pretrained,ank_27_40,,,,0.0
ank130,pretrained,ank_28_27,,,,2.23606797749979
ank130,pretrained,ank_28_37,,,,10.63014581273465
ank130,pretrained,ank_28_38,,,,11.313708498984761
ank130,pretrained,ank_28_9,,,,8.06225774829855
ank130,pretrained,ank_29_0,,,,0.0
ank130,pretrained,ank_29_11,,,,7.0
ank130,pretrained,ank_29_21,,,,8.246211251235321
ank130,pretrained,ank_29_24,1.7747385501861572,22.0,,2.0
ank130,pretrained,ank_29_26,,,,9.433981132056603
ank130,pretrained,ank_2_12,,,,0.0
ank130,pretrained,ank_2_23,,,,1.0
ank130,pretrained,ank_30_30,3.519009590148926,13.0,1.6768919229507446,1.0
ank130,pretrained,ank_30_7,,,,1.0
ank130,pretrained,ank_31_32,3.86392879486084,12.0,,0.0
ank130,pretrained,ank_31_7,,,,0.0
ank130,pretrained,ank_32_12,,,,2.23606797749979
ank130,pretrained,ank_32_21,,,,0.0
ank130,pretrained,ank_32_37,,,,0.0
ank130,pretrained,ank_33_25,,,,1.0
ank130,pretrained,ank_33_3,,,,1.0
ank130,pretrained,ank_33_34,125.38618469238281,10.0,,0.0
ank130,pretrained,ank_33_36,,,,0.0
ank130,pretrained,ank_34_11,,,,1.0
ank130,pretrained,ank_34_15,,,,1.0
ank130,pretrained,ank_34_21,,,,0.0
ank130,pretrained,ank_34_30,,,,0.0
ank130,pretrained,ank_35_11,,,,1.0
ank130,pretrained,ank_35_28,1.8536458015441895,30.0,2.428388833999634,0.0
ank130,pretrained,ank_35_39,,,,1.0
ank130,pretrained,ank_35_7,,,,1.4142135623730951
ank130,pretrained,ank_36_40,,,,1.0
ank130,pretrained,ank_38_19,,,,9.219544457292887
ank130,pretrained,ank_38_22,,,,1.4142135623730951
ank130,pretrained,ank_38_24,,,,0.0
ank130,pretrained,ank_38_27,,,,4.123105625617661
ank130,pretrained,ank_38_40,56.920997619628906,11.0,,10.63014581273465
ank130,pretrained,ank_38_9,,,,1.0
ank130,pretrained,ank_39_1,,,,11.313708498984761
ank130,pretrained,ank_3_13,,,,1.0
ank130,pretrained,ank_3_25,,,,9.433981132056603
ank130,pretrained,ank_3_29,,,,8.06225774829855
ank130,pretrained,ank_3_34,,,,2.0
ank130,pretrained,ank_3_39,,,,9.433981132056603
ank130,pretrained,ank_3_9,,,,11.313708498984761
ank130,pretrained,ank_40_19,,,,11.313708498984761
ank130,pretrained,ank_40_2,,,,8.602325267042627
ank130,pretrained,ank_40_40,,,,8.94427190999916
ank130,pretrained,ank_41_0,,,,7.0710678118654755
ank130,pretrained,ank_41_1,,,,11.313708498984761
ank130,pretrained,ank_41_19,,,,11.313708498984761
ank130,pretrained,ank_41_40,,,,7.615773105863909
ank130,pretrained,ank_4_23,,,,6.082762530298219
ank130,pretrained,ank_4_41,,,,2.0
ank130,pretrained,ank_5_12,,,,0.0
ank130,pretrained,ank_5_40,,,,10.63014581273465
ank130,pretrained,ank_5_5,,,,0.0
ank130,pretrained,ank_6_10,,,,1.0
ank130,pretrained,ank_6_38,,,,9.219544457292887
ank130,pretrained,ank_7_36,,,,10.63014581273465
ank130,pretrained,ank_7_8,1.5827844142913818,10.0,,1.0
ank130,pretrained,ank_8_19,,,,8.602325267042627
ank130,pretrained,ank_8_22,,,,0.0
ank130,pretrained,ank_8_31,,,,2.0
ank130,pretrained,ank_8_41,2.8799972534179688,11.0,,1.0
ank130,pretrained,ank_9_1,,,,1.0
ank130,pretrained,ank_9_24,,,,9.899494936611665
ank130,pretrained,ank_9_25,,,,2.0
ank130,C1,ank_0_10,,,,0.0
ank130,C1,ank_0_16,1.4142135381698608,14.0,,0.0
ank130,C1,ank_0_30,,,,5.0
ank130,C1,ank_0_41,2.0368003845214844,24.0,,0.0
ank130,C1,ank_10_1,,,,0.0
ank130,C1,ank_11_14,,,,1.0
ank130,C1,ank_12_21,,,,9.899494936611665
ank130,C1,ank_12_28,,,,4.47213595499958
ank130,C1,ank_12_35,1.2324528694152832,18.0,,0.0
ank130,C1,ank_13_12,,,,1.0
ank130,C1,ank_13_17,,,,0.0
ank130,C1,ank_13_21,,,,8.06225774829855
ank130,C1,ank_13_29,,,,10.63014581273465
ank130,C1,ank_13_34,,,,8.06225774829855
ank130,C1,ank_13_6,,,,0.0
ank130,C1,ank_14_33,,,,0.0
ank130,C1,ank_14_9,,,,0.0
ank130,C1,ank_15_22,,,,1.0
ank130,C1,ank_15_41,,,,11.313708498984761
ank130,C1,ank_15_6,1.4271080493927002,16.0,,0.0
ank130,C1,ank_16_36,,,,11.313708498984761
ank130,C1,ank_16_9,,,,0.0
ank130,C1,ank_17_17,,,,3.605551275463989
ank130,C1,ank_17_19,,,,0.0
ank130,C1,ank_17_22,,,,4.0
ank130,C1,ank_17_31,,,,0.0
ank130,C1,ank_17_32,,,,1.0
ank130,C1,ank_18_16,,,,5.0
ank130,C1,ank_18_27,,,,0.0
ank130,C1,ank_18_29,,,,0.0
ank130,C1,ank_18_37,,,,0.0
ank130,C1,ank_18_39,1.2000045776367188,32.0,0.7362968921661377,0.0
ank130,C1,ank_18_7,,,,0.0
ank130,C1,ank_19_15,2.036470890045166,11.0,,0.0
ank130,C1,ank_19_33,,,,7.0710678118654755
ank130,C1,ank_19_6,,,,0.0
ank130,C1,ank_19_9,,,,0.0
ank130,C1,ank_1_34,1.4142135381698608,11.0,,0.0
ank130,C1,ank_20_10,1.4142135381698608,19.0,1.3148423433303833,0.0
ank130,C1,ank_20_19,,,,9.433981132056603
ank130,C1,ank_20_37,1.5680170059204102,14.0,,0.0
ank130,C1,ank_20_6,,,,1.0
ank130,C1,ank_22_10,,,,0.0
ank130,C1,ank_22_16,,,,1.0
ank130,C1,ank_22_37,,,,0.0
ank130,C1,ank_23_14,,,,0.0
ank130,C1,ank_23_28,1.4399871826171875,17.0,,0.0
ank130,C1,ank_24_0,,,,0.0
ank130,C1,ank_24_12,,,,1.4142135623730951
ank130,C1,ank_24_14,,,,0.0
ank130,C1,ank_24_3,,,,11.313708498984761
ank130,C1,ank_25_1,2.130654811859131,10.0,,0.0
ank130,C1,ank_25_14,,,,11.313708498984761
ank130,C1,ank_25_16,,,,0.0
ank130,C1,ank_25_37,,,,1.0
ank130,C1,ank_26_21,,,,1.0
ank130,C1,ank_26_22,,,,0.0
ank130,C1,ank_26_29,1.7125270366668701,70.0,1.5952199697494507,0.0
ank130,C1,ank_26_3,2.056018829345703,14.0,,0.0
ank130,C1,ank_26_35,,,,8.94427190999916
ank130,C1,ank_26_5,2.9295642375946045,17.0,,0.0
ank130,C1,ank_27_14,,,,7.0710678118654755
ank130,C1,ank_27_40,,,,8.54400374531753
ank130,C1,ank_28_27,,,,1.4142135623730951
ank130,C1,ank_28_37,,,,0.0
ank130,C1,ank_28_38,,,,8.602325267042627
ank130,C1,ank_28_9,,,,6.324555320336759
ank130,C1,ank_29_0,,,,0.0
ank130,C1,ank_29_11,,,,11.313708498984761
ank130,C1,ank_29_21,,,,9.899494936611665
ank130,C1,ank_29_24,1.568524718284607,22.0,,1.0
ank130,C1,ank_29_26,,,,0.0
ank130,C1,ank_2_12,,,,0.0
ank130,C1,ank_2_23,,,,0.0
ank130,C1,ank_30_30,1.6631133556365967,112.0,1.3788721561431885,0.0
ank130,C1,ank_30_7,1.4480094909667969,18.0,,0.0
ank130,C1,ank_31_32,2.399993896484375,31.0,1.0301015377044678,0.0
ank130,C1,ank_31_7,,,,0.0
ank130,C1,ank_32_12,,,,0.0
ank130,C1,ank_32_21,,,,0.0
ank130,C1,ank_32_37,1.7622323036193848,15.0,,0.0
ank130,C1,ank_33_25,2.4437618255615234,23.0,1.370025634765625,0.0
ank130,C1,ank_33_3,,,,1.0
ank130,C1,ank_33_34,1.727996826171875,13.0,,0.0
ank130,C1,ank_33_36,1.4142135381698608,50.0,1.379913568496704,0.0
ank130,C1,ank_34_11,2.0736007690429688,19.0,,1.0
ank130,C1,ank_34_15,,,,0.0
ank130,C1,ank_34_21,,,,0.0
ank130,C1,ank_34_30,,,,0.0
ank130,C1,ank_35_11,,,,1.0
ank130,C1,ank_35_28,1.7125297784805298,48.0,1.6302388906478882,0.0
ank130,C1,ank_35_39,,,,0.0
ank130,C1,ank_35_7,,,,0.0
ank130,C1,ank_36_40,,,,1.4142135623730951
ank130,C1,ank_38_19,,,,9.899494936611665
ank130,C1,ank_38_22,1.4142135381698608,29.0,1.1212685108184814,0.0
ank130,C1,ank_38_24,1.7888578176498413,13.0,2.1229159832000732,0.0
ank130,C1,ank_38_27,,,,0.0
ank130,C1,ank_38_40,,,,1.0
ank130,C1,ank_38_9,,,,0.0
ank130,C1,ank_39_1,,,,10.63014581273465
ank130,C1,ank_3_13,,,,0.0
ank130,C1,ank_3_25,,,,8.06225774829855
ank130,C1,ank_3_29,,,,11.313708498984761
ank130,C1,ank_3_34,1.44000244140625,24.0,1.4320365190505981,0.0
ank130,C1,ank_3_39,,,,0.0
ank130,C1,ank_3_9,,,,0.0
ank130,C1,ank_40_19,,,,0.0
ank130,C1,ank_40_2,4.793968677520752,10.0,,0.0
ank130,C1,ank_40_40,,,,11.313708498984761
ank130,C1,ank_41_0,,,,1.0
ank130,C1,ank_41_1,,,,2.23606797749979
ank130,C1,ank_41_19,,,,10.63014581273465
ank130,C1,ank_41_40,,,,8.94427190999916
ank130,C1,ank_4_23,,,,2.0
ank130,C1,ank_4_41,1.6970546245574951,29.0,,0.0
ank130,C1,ank_5_12,1.1697231531143188,28.0,,0.0
ank130,C1,ank_5_40,,,,6.082762530298219
ank130,C1,ank_5_5,,,,1.0
ank130,C1,ank_6_10,,,,0.0
ank130,C1,ank_6_38,1.9349397420883179,11.0,,0.0
ank130,C1,ank_7_36,,,,10.0
ank130,C1,ank_7_8,,,,0.0
ank130,C1,ank_8_19,,,,8.0
ank130,C1,ank_8_22,,,,0.0
ank130,C1,ank_8_31,2.6832780838012695,11.0,,0.0
ank130,C1,ank_8_41,1.4685354232788086,45.0,1.0882349014282227,0.0
ank130,C1,ank_9_1,,,,0.0
ank130,C1,ank_9_24,,,,0.0
ank130,C1,ank_9_25,4.797697067260742,10.0,,0.0
ank130,C2,ank_0_10,,,,0.0
ank130,C2,ank_0_16,0.8605496287345886,12.0,,0.0
ank130,C2,ank_0_30,,,,0.0
ank130,C2,ank_0_41,1.442219614982605,41.0,,0.0
ank130,C2,ank_10_1,1.7087990045547485,13.0,,0.0
ank130,C2,ank_11_14,,,,0.0
ank130,C2,ank_12_21,,,,0.0
ank130,C2,ank_12_28,,,,0.0
ank130,C2,ank_12_35,1.018402099609375,110.0,0.6594048142433167,0.0
ank130,C2,ank_13_12,1.1999969482421875,15.0,,0.0
ank130,C2,ank_13_17,,,,0.0
ank130,C2,ank_13_21,,,,0.0
ank130,C2,ank_13_29,2.8806872367858887,12.0,,0.0
ank130,C2,ank_13_34,,,,10.63014581273465
ank130,C2,ank_13_6,,,,0.0
ank130,C2,ank_14_33,1.6124439239501953,19.0,,0.0
ank130,C2,ank_14_9,,,,0.0
ank130,C2,ank_15_22,,,,0.0
ank130,C2,ank_15_41,,,,11.313708498984761
ank130,C2,ank_15_6,1.4142135381698608,22.0,,0.0
ank130,C2,ank_16_36,,,,10.0
ank130,C2,ank_16_9,1.0,13.0,,0.0
ank130,C2,ank_17_17,,,,1.0
ank130,C2,ank_17_19,,,,0.0
ank130,C2,ank_17_22,,,,0.0
ank130,C2,ank_17_31,1.4142107963562012,48.0,,0.0
ank130,C2,ank_17_32,1.4142135381698608,22.0,,0.0
ank130,C2,ank_18_16,,,,0.0
ank130,C2,ank_18_27,,,,0.0
ank130,C2,ank_18_29,1.3071072101593018,14.0,,0.0
ank130,C2,ank_18_37,,,,0.0
ank130,C2,ank_18_39,0.5692073106765747,30.0,,0.0
ank130,C2,ank_18_7,1.4142135381698608,17.0,,0.0
ank130,C2,ank_19_15,1.1999969482421875,51.0,,0.0
ank130,C2,ank_19_33,,,,1.0
ank130,C2,ank_19_6,,,,0.0
ank130,C2,ank_19_9,,,,0.0
ank130,C2,ank_1_34,,,,0.0
ank130,C2,ank_20_10,1.0,140.0,0.8642720580101013,0.0
ank130,C2,ank_20_19,,,,11.313708498984761
ank130,C2,ank_20_37,,,,0.0
ank130,C2,ank_20_6,,,,0.0
ank130,C2,ank_22_10,1.200002670288086,50.0,1.0171265602111816,0.0
ank130,C2,ank_22_16,,,,0.0
ank130,C2,ank_22_37,0.9107411503791809,17.0,,0.0
ank130,C2,ank_23_14,,,,0.0
ank130,C2,ank_23_28,1.5639188289642334,30.0,,0.0
ank130,C2,ank_24_0,,,,0.0
ank130,C2,ank_24_12,1.0,10.0,,0.0
ank130,C2,ank_24_14,1.0,41.0,,0.0
ank130,C2,ank_24_3,,,,8.06225774829855
ank130,C2,ank_25_1,1.14621901512146,14.0,,0.0
ank130,C2,ank_25_14,,,,0.0
ank130,C2,ank_25_16,,,,0.0
ank130,C2,ank_25_37,,,,0.0
ank130,C2,ank_26_21,,,,0.0
ank130,C2,ank_26_22,1.7873773574829102,18.0,,0.0
ank130,C2,ank_26_29,1.4142135381698608,85.0,1.4816142320632935,0.0
ank130,C2,ank_26_3,1.092881202697754,23.0,,0.0
ank130,C2,ank_26_35,,,,8.94427190999916
ank130,C2,ank_26_5,1.0,45.0,,0.0
ank130,C2,ank_27_14,,,,1.0
ank130,C2,ank_27_40,,,,0.0
ank130,C2,ank_28_27,,,,0.0
ank130,C2,ank_28_37,1.3002244234085083,12.0,,0.0
ank130,C2,ank_28_38,,,,0.0
ank130,C2,ank_28_9,,,,2.23606797749979
ank130,C2,ank_29_0,,,,0.0
ank130,C2,ank_29_11,,,,1.0
ank130,C2,ank_29_21,,,,0.0
ank130,C2,ank_29_24,1.4142135381698608,48.0,1.434436321258545,0.0
ank130,C2,ank_29_26,1.1999969482421875,35.0,,0.0
ank130,C2,ank_2_12,,,,0.0
ank130,C2,ank_2_23,1.948792815208435,18.0,1.0162479877471924,0.0
ank130,C2,ank_30_30,1.44000244140625,137.0,1.3383551836013794,0.0
ank130,C2,ank_30_7,1.0999984741210938,18.0,,0.0
ank130,C2,ank_31_32,1.1999969482421875,70.0,0.9120898246765137,0.0
ank130,C2,ank_31_7,1.0,34.0,,0.0
ank130,C2,ank_32_12,,,,0.0
ank130,C2,ank_32_21,,,,0.0
ank130,C2,ank_32_37,1.4142135381698608,28.0,1.9187190532684326,0.0
ank130,C2,ank_33_25,1.1999969482421875,40.0,1.3389365673065186,0.0
ank130,C2,ank_33_3,1.3779306411743164,20.0,,0.0
ank130,C2,ank_33_34,1.116137146949768,32.0,1.5254467725753784,0.0
ank130,C2,ank_33_36,1.4195802211761475,76.0,1.000150442123413,0.0
ank130,C2,ank_34_11,1.1999969482421875,29.0,,0.0
ank130,C2,ank_34_15,,,,0.0
ank130,C2,ank_34_21,,,,0.0
ank130,C2,ank_34_30,,,,0.0
ank130,C2,ank_35_11,1.0759963989257812,22.0,,0.0
ank130,C2,ank_35_28,1.44000244140625,66.0,1.3687224388122559,0.0
ank130,C2,ank_35_39,,,,0.0
ank130,C2,ank_35_7,,,,0.0
ank130,C2,ank_36_40,,,,0.0
ank130,C2,ank_38_19,,,,7.810249675906654
ank130,C2,ank_38_22,1.1999969482421875,39.0,1.14146089553833,0.0
ank130,C2,ank_38_24,1.2000045776367188,35.0,1.9252445697784424,0.0
ank130,C2,ank_38_27,,,,0.0
ank130,C2,ank_38_40,,,,1.0
ank130,C2,ank_38_9,0.0,11.0,,0.0
ank130,C2,ank_39_1,,,,0.0
ank130,C2,ank_3_13,,,,0.0
ank130,C2,ank_3_25,,,,0.0
ank130,C2,ank_3_29,,,,8.54400374531753
ank130,C2,ank_3_34,1.200002670288086,78.0,1.483400821685791,0.0
ank130,C2,ank_3_39,,,,0.0
ank130,C2,ank_3_9,,,,0.0
ank130,C2,ank_40_19,,,,0.0
ank130,C2,ank_40_2,,,,0.0
ank130,C2,ank_40_40,,,,7.280109889280518
ank130,C2,ank_41_0,,,,0.0
ank130,C2,ank_41_1,,,,11.313708498984761
ank130,C2,ank_41_19,,,,10.63014581273465
ank130,C2,ank_41_40,,,,11.313708498984761
ank130,C2,ank_4_23,,,,0.0
ank130,C2,ank_4_41,1.4399986267089844,35.0,1.8758645057678223,0.0
ank130,C2,ank_5_12,1.1999969482421875,62.0,,0.0
ank130,C2,ank_5_40,,,,1.4142135623730951
ank130,C2,ank_5_5,1.0123064517974854,10.0,,0.0
ank130,C2,ank_6_10,,,,0.0
ank130,C2,ank_6_38,,,,0.0
ank130,C2,ank_7_36,,,,8.94427190999916
ank130,C2,ank_7_8,,,,0.0
ank130,C2,ank_8_19,,,,1.0
ank130,C2,ank_8_22,1.2000045776367188,17.0,,0.0
ank130,C2,ank_8_31,,,,0.0
ank130,C2,ank_8_41,1.1464390754699707,84.0,0.9777581691741943,0.0
ank130,C2,ank_9_1,,,,0.0
ank130,C2,ank_9_24,1.0,27.0,,0.0
ank130,C2,ank_9_25,1.1999969482421875,23.0,,0.0
eu150,C1,30SVJ_0796_00,,,,8.0
eu150,C1,30SVJ_1711_00,,,,11.313708498984761
eu150,C1,30TVK_0841_00,,,,9.433981132056603
eu150,C1,30TVK_1026_00,7.73573112487793,10.0,,8.54400374531753
eu150,C1,30TVK_1126_00,,,,11.313708498984761
eu150,C1,30TVK_1289_00,,,,2.8284271247461903
eu150,C1,30TVK_1386_00,,,,7.810249675906654
eu150,C1,30TVK_1390_00,,,,8.06225774829855
eu150,C1,30TVK_1486_00,,,,3.605551275463989
eu150,C1,30TVK_1697_00,,,,10.0
eu150,C1,30TVK_2306_00,,,,8.06225774829855
eu150,C1,30TVK_2317_00,3.2062416076660156,11.0,,0.0
eu150,C1,30TVK_2377_00,,,,1.4142135623730951
eu150,C1,30TVK_2512_00,,,,4.123105625617661
eu150,C1,30TXP_0408_00,,,,1.0
eu150,C1,30TXP_0411_00,,,,8.94427190999916
eu150,C1,30TXP_0787_00,,,,1.0
eu150,C1,30TXP_1048_00,,,,1.0
eu150,C1,30TXQ_0830_00,,,,11.313708498984761
eu150,C1,30TXQ_0896_00,,,,0.0
eu150,C1,30TXQ_0902_00,1.7280044555664062,15.0,,1.4142135623730951
eu150,C1,30TXQ_0911_00,,,,1.0
eu150,C1,30TXQ_0934_00,,,,1.4142135623730951
eu150,C1,30TYQ_1071_00,,,,6.082762530298219
eu150,C1,30UYC_0046_00,2.2582058906555176,24.0,2.766317844390869,0.0
eu150,C1,30UYC_0100_00,,,,1.0
eu150,C1,30UYC_0245_00,,,,0.0
eu150,C1,30UYC_0687_00,,,,9.219544457292887
eu150,C1,30UYC_0725_00,,,,1.4142135623730951
eu150,C1,30UYD_0119_00,,,,3.1622776601683795
eu150,C1,30UYD_1432_00,,,,0.0
eu150,C1,31TCJ_0091_00,,,,9.433981132056603
eu150,C1,31TCJ_0672_00,,,,1.0
eu150,C1,31TCJ_1037_00,,,,1.0
eu150,C1,31TCJ_1340_00,,,,1.4142135623730951
eu150,C1,31TCJ_1353_00,,,,0.0
eu150,C1,31TCJ_1375_00,,,,1.0
eu150,C1,31TCM_0023_00,,,,0.0
eu150,C1,31TCM_0853_00,1.7280044555664062,26.0,,1.0
eu150,C1,31TCM_1060_00,,,,1.0
eu150,C1,31TCM_1094_00,1.4142135381698608,17.0,,0.0
eu150,C1,31TCM_1192_00,,,,2.23606797749979
eu150,C1,31TCM_1717_00,,,,1.4142135623730951
eu150,C1,31TCM_1743_00,,,,0.0
eu150,C1,31TCM_2040_00,,,,1.0
eu150,C1,31TCN_1555_00,,,,0.0
eu150,C1,31TCN_1803_00,,,,9.433981132056603
eu150,C1,31TFH_0022_00,1.7859500646591187,18.0,,0.0
eu150,C1,31TFJ_1359_00,2.1180338859558105,22.0,,1.0
eu150,C1,31TGH_0053_00,1.7280120849609375,17.0,,0.0
eu150,C1,31TGH_0153_00,,,,0.0
eu150,C1,31TGJ_0274_00,2.036468267440796,22.0,,1.0
eu150,C1,31TGJ_0550_00,,,,1.0
eu150,C1,31TGJ_0811_00,,,,1.0
eu150,C1,31TGJ_0814_00,,,,8.94427190999916
eu150,C1,31TGJ_0831_00,,,,1.0
eu150,C1,31TGJ_1054_00,,,,1.0
eu150,C1,31TGJ_1156_00,,,,0.0
eu150,C1,31TGJ_1189_00,,,,1.0
eu150,C1,31TGK_0015_00,,,,2.0
eu150,C1,31TGK_1163_00,,,,5.0
eu150,C1,31UCQ_0211_00,,,,0.0
eu150,C1,31UCQ_0249_00,,,,0.0
eu150,C1,31UCQ_1476_00,,,,9.433981132056603
eu150,C1,31UDP_0247_00,,,,10.63014581273465
eu150,C1,31UDQ_0751_00,,,,2.23606797749979
eu150,C1,31UDQ_1914_00,,,,0.0
eu150,C1,31UDQ_2521_00,,,,1.0
eu150,C1,31UFQ_0566_00,,,,1.4142135623730951
eu150,C1,31UFQ_0574_00,,,,2.23606797749979
eu150,C1,31UFQ_1482_00,,,,1.0
eu150,C1,31UFS_0030_00,,,,1.0
eu150,C1,31UFS_0938_00,,,,0.0
eu150,C1,31UFS_1028_00,,,,0.0
eu150,C1,31UFS_1127_00,,,,0.0
eu150,C1,31UFS_2358_00,,,,0.0
eu150,C1,32ULA_0661_00,2.4883193969726562,14.0,,0.0
eu150,C1,32ULC_1573_00,2.8800048828125,11.0,,1.0
eu150,C1,32UMA_0976_00,3.5169119834899902,10.0,,0.0
eu150,C1,32UMC_0051_00,3.4796066284179688,10.0,,1.0
eu150,C1,32UMC_0836_00,1.7125327587127686,14.0,,0.0
eu150,C1,32UMC_1241_00,,,,0.0
eu150,C1,32UMC_1688_00,,,,0.0
eu150,C1,32UMC_2029_00,,,,0.0
eu150,C1,32UNE_1359_00,,,,1.0
eu150,C1,32UNE_1364_00,,,,1.0
eu150,C1,32UNE_2091_00,1.61690354347229,14.0,,0.0
eu150,C1,32UNE_2132_00,1.5839996337890625,14.0,,1.0
eu150,C1,32UPA_0047_00,,,,3.1622776601683795
eu150,C1,32UPA_1016_00,2.5296497344970703,16.0,,1.4142135623730951
eu150,C1,32UPA_1036_00,,,,0.0
eu150,C1,32UPA_1085_00,,,,1.0
eu150,C1,32UPA_1861_00,,,,0.0
eu150,C1,32UPA_1883_00,,,,1.0
eu150,C1,32UPA_1911_00,,,,0.0
eu150,C1,32UPA_2227_00,,,,0.0
eu150,C1,32UPB_1109_00,1.44000244140625,23.0,1.6558579206466675,0.0
eu150,C1,33TVN_1850_00,1.7280044555664062,26.0,,0.0
eu150,C1,33TWE_1260_00,1.44000244140625,15.0,,1.0
eu150,C1,33TWF_0539_00,32.056915283203125,10.0,,6.708203932499369
eu150,C1,33TWF_1076_00,,,,1.0
eu150,C1,33TWF_1157_00,2.2360680103302,19.0,,0.0
eu150,C1,33TWF_1161_00,,,,10.0
eu150,C1,33TWF_1416_00,,,,8.94427190999916
eu150,C1,33UWS_0309_00,1.720001220703125,12.0,,0.0
eu150,C1,33UWT_0062_00,,,,0.0
eu150,C1,33UWT_0167_00,,,,0.0
eu150,C1,33UWT_0872_00,1.9007987976074219,16.0,,1.0
eu150,C1,33UWT_0956_00,,,,0.0
eu150,C1,33UWT_1630_00,2.2360680103302,14.0,,1.0
eu150,C1,33UWT_2290_00,,,,10.63014581273465
eu150,C1,33UWT_2410_00,,,,1.0
eu150,C1,33VXG_1377_00,,,,2.0
eu150,C1,34TCR_0072_00,2.036468267440796,14.0,,5.0990195135927845
eu150,C1,34TCR_0106_00,,,,0.0
eu150,C1,34TCR_0112_00,,,,5.385164807134504
eu150,C1,34TCR_0339_00,,,,0.0
eu150,C1,34TCR_0343_00,,,,1.4142135623730951
eu150,C1,34TCR_0361_00,,,,10.0
eu150,C1,34TCR_0369_00,2.718052864074707,14.0,,0.0
eu150,C1,34TCR_0421_00,,,,0.0
eu150,C1,34TCR_0769_00,,,,5.0990195135927845
eu150,C1,34TCR_0850_00,,,,1.4142135623730951
eu150,C1,34TCR_1120_00,,,,8.06225774829855
eu150,C1,34TCR_1124_00,,,,1.0
eu150,C1,34TCR_1129_00,,,,1.4142135623730951
eu150,C1,34TCR_1162_00,2.2360680103302,17.0,,0.0
eu150,C1,34TCR_1204_00,,,,8.94427190999916
eu150,C1,34TCR_1346_00,,,,1.4142135623730951
eu150,C1,34TCR_1412_00,,,,8.246211251235321
eu150,C1,34TCS_0235_00,2.2360680103302,12.0,,1.0
eu150,C1,34TCS_0241_00,,,,11.313708498984761
eu150,C1,34TCT_0129_00,3.104828357696533,15.0,,0.0
eu150,C1,34TCT_0362_00,,,,7.0
eu150,C1,34TCT_0468_00,,,,1.0
eu150,C1,34TCT_0686_00,,,,8.246211251235321
eu150,C1,34TCT_0701_00,,,,11.313708498984761
eu150,C1,34TCT_0757_00,,,,11.313708498984761
eu150,C1,34TCT_0853_00,1.6702251434326172,32.0,1.641754388809204,0.0
eu150,C1,34TCT_0997_00,,,,7.810249675906654
eu150,C1,34TCT_1134_00,2.4437673091888428,11.0,,0.0
eu150,C1,34TCT_1281_00,,,,1.0
eu150,C1,34TCT_1282_00,,,,1.0
eu150,C1,34TCT_1573_00,,,,11.313708498984761
eu150,C1,34TCT_1595_00,,,,8.94427190999916
eu150,C1,34TCT_1673_00,,,,8.0
eu150,C1,34TCT_1710_00,,,,3.1622776601683795
eu150,C1,34TCT_1726_00,,,,10.63014581273465
eu150,C1,34TCT_1903_00,,,,10.63014581273465
eu150,C1,34TCT_2072_00,,,,8.602325267042627
eu150,C2,30SVJ_0796_00,,,,5.656854249492381
eu150,C2,30SVJ_1711_00,,,,9.219544457292887
eu150,C2,30TVK_0841_00,,,,9.433981132056603
eu150,C2,30TVK_1026_00,,,,1.4142135623730951
eu150,C2,30TVK_1126_00,,,,9.433981132056603
eu150,C2,30TVK_1289_00,,,,2.23606797749979
eu150,C2,30TVK_1386_00,,,,5.0
eu150,C2,30TVK_1390_00,,,,1.0
eu150,C2,30TVK_1486_00,4.440123558044434,10.0,,1.4142135623730951
eu150,C2,30TVK_1697_00,,,,8.246211251235321
eu150,C2,30TVK_2306_00,,,,3.1622776601683795
eu150,C2,30TVK_2317_00,3.600006103515625,13.0,,0.0
eu150,C2,30TVK_2377_00,,,,2.8284271247461903
eu150,C2,30TVK_2512_00,,,,11.313708498984761
eu150,C2,30TXP_0408_00,,,,0.0
eu150,C2,30TXP_0411_00,,,,8.94427190999916
eu150,C2,30TXP_0787_00,,,,1.0
eu150,C2,30TXP_1048_00,,,,11.313708498984761
eu150,C2,30TXQ_0830_00,,,,11.313708498984761
eu150,C2,30TXQ_0896_00,,,,0.0
eu150,C2,30TXQ_0902_00,1.513334035873413,26.0,,1.4142135623730951
eu150,C2,30TXQ_0911_00,1.4411174058914185,48.0,,1.0
eu150,C2,30TXQ_0934_00,2.5025081634521484,42.0,,1.4142135623730951
eu150,C2,30TYQ_1071_00,,,,1.4142135623730951
eu150,C2,30UYC_0046_00,1.200005292892456,80.0,1.3241757154464722,0.0
eu150,C2,30UYC_0100_00,,,,1.0
eu150,C2,30UYC_0245_00,,,,1.0
eu150,C2,30UYC_0687_00,,,,0.0
eu150,C2,30UYC_0725_00,,,,0.0
eu150,C2,30UYD_0119_00,,,,1.0
eu150,C2,30UYD_1432_00,,,,2.23606797749979
eu150,C2,31TCJ_0091_00,,,,9.899494936611665
eu150,C2,31TCJ_0672_00,,,,0.0
eu150,C2,31TCJ_1037_00,,,,1.0
eu150,C2,31TCJ_1340_00,,,,1.4142135623730951
eu150,C2,31TCJ_1353_00,1.4142135381698608,20.0,,0.0
eu150,C2,31TCJ_1375_00,,,,0.0
eu150,C2,31TCM_0023_00,,,,0.0
eu150,C2,31TCM_0853_00,1.44000244140625,36.0,,0.0
eu150,C2,31TCM_1060_00,1.1999969482421875,19.0,,1.4142135623730951
eu150,C2,31TCM_1094_00,2.036470890045166,17.0,,0.0
eu150,C2,31TCM_1192_00,,,,1.4142135623730951
eu150,C2,31TCM_1717_00,,,,1.4142135623730951
eu150,C2,31TCM_1743_00,1.4142135381698608,13.0,,1.0
eu150,C2,31TCM_2040_00,,,,0.0
eu150,C2,31TCN_1555_00,2.443756580352783,15.0,,0.0
eu150,C2,31TCN_1803_00,,,,1.0
eu150,C2,31TFH_0022_00,1.6970573663711548,44.0,1.120754599571228,0.0
eu150,C2,31TFJ_1359_00,1.4142135381698608,33.0,1.2967180013656616,0.0
eu150,C2,31TGH_0053_00,1.6970546245574951,37.0,,0.0
eu150,C2,31TGH_0153_00,,,,0.0
eu150,C2,31TGJ_0274_00,1.4142135381698608,56.0,1.7470388412475586,1.0
eu150,C2,31TGJ_0550_00,,,,1.0
eu150,C2,31TGJ_0811_00,,,,0.0
eu150,C2,31TGJ_0814_00,,,,1.4142135623730951
eu150,C2,31TGJ_0831_00,,,,0.0
eu150,C2,31TGJ_1054_00,,,,0.0
eu150,C2,31TGJ_1156_00,1.0,27.0,,0.0
eu150,C2,31TGJ_1189_00,1.2324528694152832,26.0,,1.0
eu150,C2,31TGK_0015_00,1.6970627307891846,13.0,,1.4142135623730951
eu150,C2,31TGK_1163_00,,,,1.0
eu150,C2,31UCQ_0211_00,1.4142135381698608,10.0,,0.0
eu150,C2,31UCQ_0249_00,,,,0.0
eu150,C2,31UCQ_1476_00,,,,0.0
eu150,C2,31UDP_0247_00,,,,1.0
eu150,C2,31UDQ_0751_00,,,,1.4142135623730951
eu150,C2,31UDQ_1914_00,,,,0.0
eu150,C2,31UDQ_2521_00,,,,0.0
eu150,C2,31UFQ_0566_00,,,,1.4142135623730951
eu150,C2,31UFQ_0574_00,,,,1.4142135623730951
eu150,C2,31UFQ_1482_00,,,,0.0
eu150,C2,31UFS_0030_00,,,,1.0
eu150,C2,31UFS_0938_00,,,,1.0
eu150,C2,31UFS_1028_00,,,,0.0
eu150,C2,31UFS_1127_00,3.0371012687683105,15.0,,0.0
eu150,C2,31UFS_2358_00,,,,1.0
eu150,C2,32ULA_0661_00,1.1830965280532837,16.0,,0.0
eu150,C2,32ULC_1573_00,2.0,13.0,,1.0
eu150,C2,32UMA_0976_00,1.7280044555664062,21.0,,0.0
eu150,C2,32UMC_0051_00,1.44000244140625,29.0,,0.0
eu150,C2,32UMC_0836_00,2.0,25.0,,0.0
eu150,C2,32UMC_1241_00,,,,0.0
eu150,C2,32UMC_1688_00,1.5839996337890625,12.0,,0.0
eu150,C2,32UMC_2029_00,,,,0.0
eu150,C2,32UNE_1359_00,,,,1.4142135623730951
eu150,C2,32UNE_1364_00,3.4090609550476074,10.0,,0.0
eu150,C2,32UNE_2091_00,1.2165640592575073,17.0,,0.0
eu150,C2,32UNE_2132_00,1.1999988555908203,40.0,,0.0
eu150,C2,32UPA_0047_00,,,,1.0
eu150,C2,32UPA_1016_00,1.414222240447998,21.0,,1.0
eu150,C2,32UPA_1036_00,,,,0.0
eu150,C2,32UPA_1085_00,,,,1.0
eu150,C2,32UPA_1861_00,,,,0.0
eu150,C2,32UPA_1883_00,,,,0.0
eu150,C2,32UPA_1911_00,,,,0.0
eu150,C2,32UPA_2227_00,3.32643723487854,10.0,,0.0
eu150,C2,32UPB_1109_00,1.6970627307891846,41.0,1.8201179504394531,0.0
eu150,C2,33TVN_1850_00,1.4142135381698608,55.0,,0.0
eu150,C2,33TWE_1260_00,1.2109395265579224,14.0,,0.0
eu150,C2,33TWF_0539_00,,,,5.830951894845301
eu150,C2,33TWF_1076_00,,,,1.0
eu150,C2,33TWF_1157_00,1.0,54.0,,0.0
eu150,C2,33TWF_1161_00,,,,0.0
eu150,C2,33TWF_1416_00,1.307105302810669,30.0,1.5950109958648682,0.0
eu150,C2,33UWS_0309_00,1.7117656469345093,20.0,,1.0
eu150,C2,33UWT_0062_00,,,,0.0
eu150,C2,33UWT_0167_00,,,,0.0
eu150,C2,33UWT_0872_00,1.3318824768066406,20.0,,0.0
eu150,C2,33UWT_0956_00,,,,0.0
eu150,C2,33UWT_1630_00,1.4271042346954346,20.0,,0.0
eu150,C2,33UWT_2290_00,,,,0.0
eu150,C2,33UWT_2410_00,,,,1.0
eu150,C2,33VXG_1377_00,,,,1.4142135623730951
eu150,C2,34TCR_0072_00,1.44000244140625,11.0,,0.0
eu150,C2,34TCR_0106_00,,,,0.0
eu150,C2,34TCR_0112_00,,,,1.0
eu150,C2,34TCR_0339_00,,,,0.0
eu150,C2,34TCR_0343_00,,,,0.0
eu150,C2,34TCR_0361_00,,,,3.1622776601683795
eu150,C2,34TCR_0369_00,1.4399871826171875,25.0,,0.0
eu150,C2,34TCR_0421_00,,,,0.0
eu150,C2,34TCR_0769_00,,,,0.0
eu150,C2,34TCR_0850_00,,,,2.0
eu150,C2,34TCR_1120_00,,,,1.0
eu150,C2,34TCR_1124_00,,,,0.0
eu150,C2,34TCR_1129_00,,,,6.0
eu150,C2,34TCR_1162_00,5.789419174194336,12.0,,0.0
eu150,C2,34TCR_1204_00,,,,8.94427190999916
eu150,C2,34TCR_1346_00,,,,1.4142135623730951
eu150,C2,34TCR_1412_00,,,,1.0
eu150,C2,34TCS_0235_00,1.1082797050476074,10.0,,1.0
eu150,C2,34TCS_0241_00,,,,11.313708498984761
eu150,C2,34TCT_0129_00,3.300178050994873,30.0,,0.0
eu150,C2,34TCT_0362_00,,,,8.94427190999916
eu150,C2,34TCT_0468_00,,,,1.0
eu150,C2,34TCT_0686_00,,,,0.0
eu150,C2,34TCT_0701_00,,,,0.0
eu150,C2,34TCT_0757_00,,,,8.48528137423857
eu150,C2,34TCT_0853_00,1.4142135381698608,48.0,1.3029240369796753,0.0
eu150,C2,34TCT_0997_00,,,,0.0
eu150,C2,34TCT_1134_00,1.7472327947616577,17.0,,0.0
eu150,C2,34TCT_1281_00,,,,1.0
eu150,C2,34TCT_1282_00,,,,0.0
eu150,C2,34TCT_1573_00,,,,1.0
eu150,C2,34TCT_1595_00,,,,10.63014581273465
eu150,C2,34TCT_1673_00,,,,0.0
eu150,C2,34TCT_1710_00,,,,1.0
eu150,C2,34TCT_1726_00,,,,1.0
eu150,C2,34TCT_1903_00,,,,1.0
eu150,C2,34TCT_2072_00,,,,1.0
ank30_prod,pretrained,ank_0_30,,,,2.8284271247461903
ank30_prod,pretrained,ank_13_34,,,,10.0
ank30_prod,pretrained,ank_13_6,,,,0.0
ank30_prod,pretrained,ank_17_22,,,,2.8284271247461903
ank30_prod,pretrained,ank_18_7,,,,1.0
ank30_prod,pretrained,ank_20_6,,,,3.1622776601683795
ank30_prod,pretrained,ank_22_16,,,,8.06225774829855
ank30_prod,pretrained,ank_22_37,,,,1.0
ank30_prod,pretrained,ank_24_3,,,,1.4142135623730951
ank30_prod,pretrained,ank_25_16,,,,0.0
ank30_prod,pretrained,ank_26_3,,,,6.082762530298219
ank30_prod,pretrained,ank_26_5,,,,1.0
ank30_prod,pretrained,ank_27_14,,,,7.280109889280518
ank30_prod,pretrained,ank_29_21,,,,1.0
ank30_prod,pretrained,ank_2_12,,,,1.0
ank30_prod,pretrained,ank_33_3,,,,0.0
ank30_prod,pretrained,ank_33_34,1.658156394958496,12.0,,0.0
ank30_prod,pretrained,ank_34_11,,,,1.0
ank30_prod,pretrained,ank_35_11,,,,1.0
ank30_prod,pretrained,ank_38_22,,,,1.4142135623730951
ank30_prod,pretrained,ank_3_13,,,,1.0
ank30_prod,pretrained,ank_4_41,,,,2.0
ank30_prod,pretrained,ank_5_12,,,,1.0
ank30_prod,pretrained,ank_5_5,,,,0.0
ank30_prod,pretrained,ank_6_10,,,,1.4142135623730951
ank30_prod,pretrained,ank_7_36,,,,10.63014581273465
ank30_prod,pretrained,ank_7_8,,,,2.23606797749979
ank30_prod,pretrained,ank_8_31,,,,2.0
ank30_prod,pretrained,ank_9_1,,,,1.0
ank30_prod,pretrained,ank_9_25,,,,2.0
ank30_prod,C1,ank_0_30,,,,5.385164807134504
ank30_prod,C1,ank_13_34,,,,8.06225774829855
ank30_prod,C1,ank_13_6,,,,0.0
ank30_prod,C1,ank_17_22,,,,11.313708498984761
ank30_prod,C1,ank_18_7,,,,0.0
ank30_prod,C1,ank_20_6,,,,7.0710678118654755
ank30_prod,C1,ank_22_16,,,,11.313708498984761
ank30_prod,C1,ank_22_37,,,,0.0
ank30_prod,C1,ank_24_3,,,,11.313708498984761
ank30_prod,C1,ank_25_16,,,,0.0
ank30_prod,C1,ank_26_3,,,,7.615773105863909
ank30_prod,C1,ank_26_5,,,,0.0
ank30_prod,C1,ank_27_14,,,,6.082762530298219
ank30_prod,C1,ank_29_21,,,,1.0
ank30_prod,C1,ank_2_12,,,,8.06225774829855
ank30_prod,C1,ank_33_3,,,,1.0
ank30_prod,C1,ank_33_34,,,1.7852367162704468,0.0
ank30_prod,C1,ank_34_11,,,,0.0
ank30_prod,C1,ank_35_11,,,,1.4142135623730951
ank30_prod,C1,ank_38_22,1.4142135381698608,39.0,1.435495376586914,0.0
ank30_prod,C1,ank_3_13,,,,1.0
ank30_prod,C1,ank_4_41,1.8822317123413086,28.0,,0.0
ank30_prod,C1,ank_5_12,,,,11.313708498984761
ank30_prod,C1,ank_5_5,,,,0.0
ank30_prod,C1,ank_6_10,,,,8.246211251235321
ank30_prod,C1,ank_7_36,,,,5.385164807134504
ank30_prod,C1,ank_7_8,,,,8.94427190999916
ank30_prod,C1,ank_8_31,2.737152099609375,12.0,,1.0
ank30_prod,C1,ank_9_1,,,,4.123105625617661
ank30_prod,C1,ank_9_25,2.0,19.0,,0.0
ank30_prod,C2,ank_0_30,,,,0.0
ank30_prod,C2,ank_13_34,,,,5.830951894845301
ank30_prod,C2,ank_13_6,,,,0.0
ank30_prod,C2,ank_17_22,,,,0.0
ank30_prod,C2,ank_18_7,1.2902052402496338,20.0,,0.0
ank30_prod,C2,ank_20_6,,,,0.0
ank30_prod,C2,ank_22_16,,,,0.0
ank30_prod,C2,ank_22_37,1.7280006408691406,17.0,,0.0
ank30_prod,C2,ank_24_3,,,,8.06225774829855
ank30_prod,C2,ank_25_16,,,,0.0
ank30_prod,C2,ank_26_3,,,,10.63014581273465
ank30_prod,C2,ank_26_5,,,,0.0
ank30_prod,C2,ank_27_14,,,,1.0
ank30_prod,C2,ank_29_21,,,,0.0
ank30_prod,C2,ank_2_12,,,,8.54400374531753
ank30_prod,C2,ank_33_3,,,,0.0
ank30_prod,C2,ank_33_34,1.0999977588653564,28.0,1.4454213380813599,0.0
ank30_prod,C2,ank_34_11,,,,0.0
ank30_prod,C2,ank_35_11,,,,0.0
ank30_prod,C2,ank_38_22,1.44000244140625,39.0,1.0324969291687012,0.0
ank30_prod,C2,ank_3_13,,,,0.0
ank30_prod,C2,ank_4_41,1.4142135381698608,35.0,1.646030068397522,0.0
ank30_prod,C2,ank_5_12,,,,0.0
ank30_prod,C2,ank_5_5,1.2000045776367188,12.0,,0.0
ank30_prod,C2,ank_6_10,,,,1.0
ank30_prod,C2,ank_7_36,,,,11.313708498984761
ank30_prod,C2,ank_7_8,,,,1.0
ank30_prod,C2,ank_8_31,31.364286422729492,10.0,,0.0
ank30_prod,C2,ank_9_1,,,,1.0
ank30_prod,C2,ank_9_25,1.2924351692199707,25.0,,0.0
ank30_prod,C3,ank_0_30,,,,1.4142135623730951
ank30_prod,C3,ank_13_34,,,,0.0
ank30_prod,C3,ank_13_6,,,,0.0
ank30_prod,C3,ank_17_22,,,,0.0
ank30_prod,C3,ank_18_7,,,,0.0
ank30_prod,C3,ank_20_6,,,,0.0
ank30_prod,C3,ank_22_16,,,,0.0
ank30_prod,C3,ank_22_37,,,,0.0
ank30_prod,C3,ank_24_3,,,,1.0
ank30_prod,C3,ank_25_16,,,,0.0
ank30_prod,C3,ank_26_3,,,,8.54400374531753
ank30_prod,C3,ank_26_5,,,,0.0
ank30_prod,C3,ank_27_14,,,,2.0
ank30_prod,C3,ank_29_21,,,,0.0
ank30_prod,C3,ank_2_12,,,,9.433981132056603
ank30_prod,C3,ank_33_3,,,,0.0
ank30_prod,C3,ank_33_34,1.2000007629394531,27.0,1.1581312417984009,0.0
ank30_prod,C3,ank_34_11,,,,0.0
ank30_prod,C3,ank_35_11,,,,0.0
ank30_prod,C3,ank_38_22,1.339561104774475,36.0,1.1216968297958374,0.0
ank30_prod,C3,ank_3_13,,,,0.0
ank30_prod,C3,ank_4_41,1.4400005340576172,40.0,1.510450005531311,0.0
ank30_prod,C3,ank_5_12,,,,0.0
ank30_prod,C3,ank_5_5,1.0999984741210938,10.0,,0.0
ank30_prod,C3,ank_6_10,,,,1.0
ank30_prod,C3,ank_7_36,,,,8.94427190999916
ank30_prod,C3,ank_7_8,,,,1.0
ank30_prod,C3,ank_8_31,,,,0.0
ank30_prod,C3,ank_9_1,,,,1.0
ank30_prod,C3,ank_9_25,1.1999969482421875,32.0,0.8378061056137085,0.0
ank30_ovp,pretrained,ank_0_30,,,,2.0
ank30_ovp,pretrained,ank_13_34,,,,2.23606797749979
ank30_ovp,pretrained,ank_13_6,,,,0.0
ank30_ovp,pretrained,ank_17_22,,,,3.605551275463989
ank30_ovp,pretrained,ank_18_7,,,,1.0
ank30_ovp,pretrained,ank_20_6,,,,2.23606797749979
ank30_ovp,pretrained,ank_22_16,,,,10.63014581273465
ank30_ovp,pretrained,ank_22_37,,,,2.0
ank30_ovp,pretrained,ank_24_3,,,,1.4142135623730951
ank30_ovp,pretrained,ank_25_16,,,,0.0
ank30_ovp,pretrained,ank_26_3,,,,0.0
ank30_ovp,pretrained,ank_26_5,,,,1.0
ank30_ovp,pretrained,ank_27_14,,,,8.06225774829855
ank30_ovp,pretrained,ank_29_21,,,,1.0
ank30_ovp,pretrained,ank_2_12,,,,0.0
ank30_ovp,pretrained,ank_33_3,,,,1.0
ank30_ovp,pretrained,ank_33_34,,,,0.0
ank30_ovp,pretrained,ank_34_11,,,,2.0
ank30_ovp,pretrained,ank_35_11,,,,1.0
ank30_ovp,pretrained,ank_38_22,,,,1.4142135623730951
ank30_ovp,pretrained,ank_3_13,,,,1.0
ank30_ovp,pretrained,ank_4_41,,,,2.23606797749979
ank30_ovp,pretrained,ank_5_12,,,,0.0
ank30_ovp,pretrained,ank_5_5,,,,0.0
ank30_ovp,pretrained,ank_6_10,,,,1.0
ank30_ovp,pretrained,ank_7_36,,,,10.63014581273465
ank30_ovp,pretrained,ank_7_8,1.4685114622116089,11.0,,1.0
ank30_ovp,pretrained,ank_8_31,,,,2.0
ank30_ovp,pretrained,ank_9_1,,,,1.0
ank30_ovp,pretrained,ank_9_25,,,,2.0
ank30_ovp,C1,ank_0_30,,,,6.324555320336759
ank30_ovp,C1,ank_13_34,,,,3.605551275463989
ank30_ovp,C1,ank_13_6,,,,0.0
ank30_ovp,C1,ank_17_22,,,,11.313708498984761
ank30_ovp,C1,ank_18_7,,,,0.0
ank30_ovp,C1,ank_20_6,,,,1.0
ank30_ovp,C1,ank_22_16,,,,11.313708498984761
ank30_ovp,C1,ank_22_37,,,,0.0
ank30_ovp,C1,ank_24_3,,,,11.313708498984761
ank30_ovp,C1,ank_25_16,,,,0.0
ank30_ovp,C1,ank_26_3,1.4123650789260864,14.0,,0.0
ank30_ovp,C1,ank_26_5,1.6886227130889893,16.0,,0.0
ank30_ovp,C1,ank_27_14,,,,6.708203932499369
ank30_ovp,C1,ank_29_21,,,,0.0
ank30_ovp,C1,ank_2_12,,,,1.0
ank30_ovp,C1,ank_33_3,,,,1.0
ank30_ovp,C1,ank_33_34,,,,0.0
ank30_ovp,C1,ank_34_11,2.214707851409912,16.0,,0.0
ank30_ovp,C1,ank_35_11,,,,1.0
ank30_ovp,C1,ank_38_22,1.4142135381698608,36.0,1.4057574272155762,0.0
ank30_ovp,C1,ank_3_13,,,,0.0
ank30_ovp,C1,ank_4_41,1.9857048988342285,18.0,,0.0
ank30_ovp,C1,ank_5_12,1.2201664447784424,28.0,,0.0
ank30_ovp,C1,ank_5_5,,,,0.0
ank30_ovp,C1,ank_6_10,,,,0.0
ank30_ovp,C1,ank_7_36,,,,9.433981132056603
ank30_ovp,C1,ank_7_8,,,,0.0
ank30_ovp,C1,ank_8_31,2.8800048828125,11.0,,0.0
ank30_ovp,C1,ank_9_1,,,,0.0
ank30_ovp,C1,ank_9_25,,,,1.0
ank30_ovp,C2,ank_0_30,,,,0.0
ank30_ovp,C2,ank_13_34,,,,8.602325267042627
ank30_ovp,C2,ank_13_6,,,,0.0
ank30_ovp,C2,ank_17_22,,,,0.0
ank30_ovp,C2,ank_18_7,1.3533251285552979,18.0,,0.0
ank30_ovp,C2,ank_20_6,,,,0.0
ank30_ovp,C2,ank_22_16,,,,0.0
ank30_ovp,C2,ank_22_37,1.2000007629394531,15.0,,0.0
ank30_ovp,C2,ank_24_3,,,,6.0
ank30_ovp,C2,ank_25_16,,,,0.0
ank30_ovp,C2,ank_26_3,1.077033519744873,19.0,,0.0
ank30_ovp,C2,ank_26_5,1.1999969482421875,37.0,,0.0
ank30_ovp,C2,ank_27_14,,,,10.63014581273465
ank30_ovp,C2,ank_29_21,,,,0.0
ank30_ovp,C2,ank_2_12,,,,0.0
ank30_ovp,C2,ank_33_3,1.3416476249694824,17.0,,0.0
ank30_ovp,C2,ank_33_34,1.199998140335083,26.0,,0.0
ank30_ovp,C2,ank_34_11,1.0,25.0,,0.0
ank30_ovp,C2,ank_35_11,1.1759967803955078,18.0,,0.0
ank30_ovp,C2,ank_38_22,1.3199958801269531,36.0,1.1934189796447754,0.0
ank30_ovp,C2,ank_3_13,,,,0.0
ank30_ovp,C2,ank_4_41,1.4142135381698608,43.0,1.6889569759368896,0.0
ank30_ovp,C2,ank_5_12,1.0937267541885376,60.0,,0.0
ank30_ovp,C2,ank_5_5,1.0123140811920166,12.0,,0.0
ank30_ovp,C2,ank_6_10,,,,0.0
ank30_ovp,C2,ank_7_36,,,,8.94427190999916
ank30_ovp,C2,ank_7_8,,,,0.0
ank30_ovp,C2,ank_8_31,31.364286422729492,10.0,,0.0
ank30_ovp,C2,ank_9_1,,,,0.0
ank30_ovp,C2,ank_9_25,1.0770363807678223,21.0,,0.0
ank30_ovp,C3,ank_0_30,,,,0.0
ank30_ovp,C3,ank_13_34,,,,0.0
ank30_ovp,C3,ank_13_6,1.2000045776367188,12.0,,0.0
ank30_ovp,C3,ank_17_22,,,,0.0
ank30_ovp,C3,ank_18_7,1.427100419998169,14.0,,0.0
ank30_ovp,C3,ank_20_6,,,,0.0
ank30_ovp,C3,ank_22_16,,,,0.0
ank30_ovp,C3,ank_22_37,1.478948950767517,10.0,,0.0
ank30_ovp,C3,ank_24_3,,,,4.242640687119285
ank30_ovp,C3,ank_25_16,,,,0.0
ank30_ovp,C3,ank_26_3,1.307105302810669,14.0,,0.0
ank30_ovp,C3,ank_26_5,1.046445369720459,36.0,,0.0
ank30_ovp,C3,ank_27_14,,,,9.433981132056603
ank30_ovp,C3,ank_29_21,,,,0.0
ank30_ovp,C3,ank_2_12,,,,0.0
ank30_ovp,C3,ank_33_3,1.4271080493927002,14.0,,0.0
ank30_ovp,C3,ank_33_34,1.44000244140625,23.0,1.3951892852783203,0.0
ank30_ovp,C3,ank_34_11,1.0,19.0,,0.0
ank30_ovp,C3,ank_35_11,,,,0.0
ank30_ovp,C3,ank_38_22,1.4271061420440674,44.0,1.0467687845230103,0.0
ank30_ovp,C3,ank_3_13,,,,0.0
ank30_ovp,C3,ank_4_41,1.3071072101593018,36.0,1.523030161857605,0.0
ank30_ovp,C3,ank_5_12,1.0,55.0,,0.0
ank30_ovp,C3,ank_5_5,,,,0.0
ank30_ovp,C3,ank_6_10,,,,1.0
ank30_ovp,C3,ank_7_36,,,,8.94427190999916
ank30_ovp,C3,ank_7_8,,,,0.0
ank30_ovp,C3,ank_8_31,,,,0.0
ank30_ovp,C3,ank_9_1,,,,0.0
ank30_ovp,C3,ank_9_25,1.1999969482421875,31.0,,0.0
