stem,silent_frac,ref_edge,pretrained,C2,C5
ank_0_10,0.8282740843336411,0.6075434888635994,1.2495125960472495,0.09430788638709431,1.3352192362093351
ank_0_16,0.6485072329947676,0.8831276696725202,0.8781741233373639,0.25006717721348914,0.9561332795915625
ank_0_30,0.9586218836565097,0.84460096723055,0.8927035567487942,0.127990686402623,1.0555727149611538
ank_0_41,0.9380001538935057,0.837370029326716,1.1071244887462959,0.4182851264970243,1.0398226837451936
ank_10_1,0.7575600184672207,0.5788070389274015,1.2177327366850927,0.11875932262876196,1.3861981223128896
ank_11_14,0.7892236072637735,0.5514904818777878,1.4364006010784052,0.13754088217095378,1.550428710333245
ank_12_21,0.9719721452754694,0.6283373245987294,1.0621141489227668,0.08444626433161144,1.4335391205745245
ank_12_28,0.9538896583564174,0.7784701635509307,0.956867519817626,0.11178177296513134,1.1542666183099322
ank_12_35,0.8380847953216374,0.8732297381045286,1.0075176111870465,0.5039953737777311,1.0553832404584165
ank_13_12,0.7532702369959988,0.5598600541396395,0.7376271495689458,0.10564247593851206,1.1725585002052636
ank_13_17,0.9257848568790397,0.788534264223081,0.9273762154470474,0.15122928140398958,1.137869245566418
ank_13_21,0.9445791012619268,0.5831619249333034,1.2819277108433735,0.0709271870089052,1.5423432861882314
ank_13_29,0.9066251154201292,0.8806492679821769,0.8898205035537887,0.1735453559812071,0.979785568003855
ank_13_34,0.9328062480763312,0.7945598152234435,1.001453450647564,0.034415634976251656,1.1154455085779542
ank_13_6,0.6938288704216682,0.5818731285349895,0.9796540715681135,0.16352980416448276,1.2890837184924
ank_14_33,0.9412511542012927,0.6874923359901901,1.3232557448200004,0.5163946609590059,1.290228603704034
ank_14_9,0.7510195444752231,0.7802822673599549,1.0588582871023866,0.2926829268292683,1.109608377375833
ank_15_22,0.9064712219144352,0.6872373838122321,1.1970108695652173,0.2444416996047431,1.271677371541502
ank_15_41,0.9984033548784241,0.7820273212462188,0.9989652113925298,0.1677835813540948,1.1584704838868631
ank_15_6,0.7161819021237303,0.6905989793177545,1.079615728676442,0.2025592158998094,1.1632764186534945
ank_16_36,0.9506001846722069,0.6942488262910798,0.9913137260617367,0.07470778558311715,1.326114204098289
ank_16_9,0.8563211757463836,0.8605413905425138,0.8945623515284413,0.3854909024460281,1.0084840890698827
ank_17_17,0.9187249923053247,0.6143554094516217,1.2190450223237108,0.077536552946389,1.3937152789611804
ank_17_19,0.8120960295475531,0.6472901269660792,1.079557930176389,0.29726268023128155,1.3601332064700284
ank_17_22,0.851762080640197,0.7991553367360766,0.6926663840610428,0.07135792002260845,1.046375582874099
ank_17_31,0.9542166820560173,0.9022457866301105,0.9895430678136521,0.6255613897888505,1.0375823930287118
ank_17_32,0.971375807940905,0.6293567807351077,1.2500629326620516,0.3606985525487728,1.444933920704846
ank_18_16,0.8534164358264081,0.7465737985754215,1.167627789016032,0.15286374203677425,1.113100449865644
ank_18_27,0.9496191135734072,0.8217968196090347,0.908252810096628,0.20134095839084995,1.0946805363833565
ank_18_29,0.8474338257925516,0.8875899484711597,0.9290299480831693,0.35651262116058413,0.9984143628040204
ank_18_37,0.7458064019698368,0.7532370389476399,1.1211861795021059,0.23463342807245832,1.1948772386398656
ank_18_39,0.8321021852877809,0.7714536711670057,1.0882828888222955,0.2908600539406653,1.1849565477974229
ank_18_7,0.7730455524776855,0.8170009456029463,0.963511208576998,0.1897843567251462,1.0684088693957114
ank_19_15,0.8262157586949831,0.8659138533178115,0.9867709929821731,0.3184103680998091,0.9932510553628566
ank_19_33,0.9989035087719298,0.841180888555087,0.9234890109890109,0.0996565934065934,1.081135531135531
ank_19_6,0.8849838411819021,0.6214976632974677,1.1472789591494124,0.06711667599328483,1.3387660884163401
ank_19_9,0.8895814096645122,0.8960730040653923,0.907910613446595,0.16977170712872242,1.0190646266711714
ank_1_34,0.8960257002154509,0.790785547134975,1.0774284628332518,0.39634576749742084,1.0652929358744638
ank_20_10,0.884599107417667,0.9170599108404914,0.949443930663252,0.42877807023784115,0.9991700457660477
ank_20_19,0.9560826408125577,0.6830446067483552,1.1714975845410627,0.1183574879227053,1.3368386944739012
ank_20_37,0.6025892582333026,0.9261612130885873,1.0020681097476907,0.6728250379153453,1.007272852612712
ank_20_6,0.8065366266543552,0.6077706489851409,1.3456165136174554,0.07189388588022917,1.3633937681500667
ank_22_10,0.697329947676208,0.8086896551724138,1.060105747910626,0.3724373187787822,1.0143612485075901
ank_22_16,0.858264081255771,0.73191231845078,0.9983157250038279,0.04832338079926504,1.0898177920685959
ank_22_37,0.8751154201292706,0.9195902576277147,1.0119280967633981,0.5155854089974662,1.0020796481330976
ank_23_14,0.817174515235457,0.8291666666666667,0.7514976009993469,0.06450330749794168,0.8638957499361212
ank_23_28,0.5041551246537396,0.7886523199023199,1.1316948086506362,0.6816004644636896,1.1527892012192171
ank_24_0,0.7024084333641121,0.5229501013309963,1.474050798638387,0.09866457187745484,1.5506677140612728
ank_24_12,0.815597106802093,0.8796877211189207,0.8355899938332843,0.17891519425154837,0.8999115210338634
ank_24_14,0.7818751923668821,0.8632304096444827,0.9873738813201847,0.204725531551046,0.9786524539702446
ank_24_3,0.9721645121575869,0.7070463224963888,0.4774991604164334,0.04041195566998768,0.8345460651516848
ank_25_1,0.6072637734687596,0.6977318803852002,1.1170434940524836,0.3784618178516299,1.0834468355579772
ank_25_14,0.8640158510310865,0.5195369030390738,1.3610884936790228,0.06038140132847653,1.668395114634669
ank_25_16,0.9013927362265313,0.8222928848862521,0.37351742752588823,0.06882769717889492,0.7441800109003139
ank_25_37,0.7393621114188981,0.9232210225055288,0.9335193326569721,0.1536185322962462,0.946680193890204
ank_26_21,0.802670052323792,0.7761347840674879,0.9415161340126601,0.1025783541763162,1.1380886212752817
ank_26_22,0.6986188057863958,0.7504474488531542,1.0270052102443679,0.268914654729581,1.1135980039627211
ank_26_29,0.24546014158202523,0.8692789968652037,1.0355210962856114,0.8433104940497655,1.0459790840245222
ank_26_3,0.7558287165281625,0.7104680461174314,0.7612036539494895,0.05896471431130217,0.8912412681354112
ank_26_35,0.8763273314866112,0.8574031390626715,0.9960060421413758,0.1936301492613738,1.024066156327607
ank_26_5,0.5384733764235149,0.7667190625893112,0.9480477122355793,0.2688938589134284,1.013978194017333
ank_27_14,0.9640851031086488,0.8325119221022806,0.5081130311818421,0.053016321932746927,0.9056875104858233
ank_27_40,0.8781548168667282,0.9024315443592552,0.7437615302456548,0.10493737256044276,0.982546849208661
ank_28_27,0.8970644813788858,0.728175326485536,1.243661100803958,0.35812939894572543,1.248814677386106
ank_28_37,0.5071945213911973,0.8646362739892286,1.0590428565162082,0.5701627407114971,1.067815940693951
ank_28_38,0.8922745460141582,0.8566962745774405,0.9665802652439792,0.07836525152880187,1.0582580466567684
ank_28_9,0.8679786088027085,0.4722634693380023,1.2337979257590688,0.0864423483035337,1.5530527007367776
ank_29_0,0.5865458602646968,0.8380177757371028,1.033695992485911,0.27993894802755165,0.9972996242955541
ank_29_11,0.9960757156048015,0.5458864426419467,0.958678270713932,0.04595627255359796,1.6202504776056037
ank_29_21,0.8362380732533087,0.8828184306779232,0.7760898454803659,0.08817781483701176,1.0142793860906272
ank_29_24,0.8373153277931671,0.8632572885795023,1.0614770459081837,0.6628077178975383,1.0399201596806387
ank_29_26,0.8854839950754079,0.8754100497490821,0.9819336906889021,0.3662646416517769,1.0281169346833434
ank_2_12,0.8373730378578024,0.5757638410291753,0.5948210509516019,0.040458045724773566,1.2484139967282446
ank_2_23,0.9355763311788242,0.8674000205613241,1.079244299056559,0.6047266865784858,1.0292988195135828
ank_30_30,0.38384887657740846,0.7762353412849554,1.13932468203241,0.7291626315449673,1.1076247659629415
ank_30_7,0.5720798707294552,0.6996872793301725,1.0924163783160323,0.2688389081122645,1.0350346020761245
ank_31_32,0.35293551862111416,0.7080721643865482,1.1609575860210914,0.6022631052266953,1.1469478869986915
ank_31_7,0.6704562942443829,0.6443921613634407,0.9887350282737434,0.16470012021906585,0.9971503628834767
ank_32_12,0.8320252385349338,0.6629520022195505,0.631652367998884,0.06933110134616725,1.0038013531422194
ank_32_21,0.7498845798707294,0.9228361808013955,0.8167287485406127,0.25551787402012566,0.8427197420359148
ank_32_37,0.40735610957217605,0.3211654703437854,1.0211733568592856,0.9106013821496839,1.2204087634171445
ank_33_25,0.4989996922129886,0.8902081727062452,1.0082279577342803,0.5198337086436862,1.0251169236099082
ank_33_3,0.5984533702677747,0.5351655416264867,1.203075259775362,0.4198450357378821,1.3587002222355695
ank_33_34,0.2574830717143737,0.7935748972730668,1.1062888344944455,0.46808510638297873,1.0981924308039916
ank_33_36,0.39844952293013236,0.7937044368271134,1.0573600973236008,0.3930048661800486,1.0248175182481751
ank_34_11,0.6464489073561096,0.5706888855825026,1.3215142350610074,0.39441026175826466,1.3191156533528
ank_34_15,0.5557286857494613,0.7193049257502856,1.0135707410972088,0.2258902791145332,1.170596727622714
ank_34_21,0.6317905509387504,0.8417318758944067,0.9580756013745705,0.18943751130403327,1.0330258636281426
ank_34_30,0.19336718990458604,0.9516514126541982,0.8822914488814552,0.9656073593978675,1.010976374660255
ank_35_11,0.6323676515851031,0.5051866273233353,0.8345276088396459,0.32040705726500873,1.2904197025350754
ank_35_28,0.1433518005540166,0.8837895866881375,1.017916793197692,0.7304889158821742,0.996204069237777
ank_35_39,0.8452216066481995,0.7754563248213392,1.1210378023010097,0.33643460906316036,1.0980277060342802
ank_35_7,0.7424399815327793,0.6750874465604353,1.099251583189407,0.18698906160046058,1.26417194396469
ank_36_40,0.959314404432133,0.6579839178648058,1.1365922043092678,0.12738853503184713,1.364611586871057
ank_38_19,0.9170706371191135,0.7887693243555052,1.1549876339653753,0.13371273568598252,1.153205861234476
ank_38_22,0.43996229609110493,0.7237986970399195,1.2099794611574242,0.6788087471306029,1.2683943457774556
ank_38_24,0.7447291474299784,0.7484372578395413,1.0053149266609145,0.27402933563416737,1.1881967213114752
ank_38_27,0.7543667282240689,0.7844447277827362,1.0744099863467915,0.14082309342695531,1.127072362005071
ank_38_40,0.9617189904586027,0.8729247509701165,1.0106780321257531,0.38152196329140026,1.043857840104489
ank_38_9,0.6177092951677439,0.6862134471053533,1.033492171545269,0.15597912412071707,1.1782164737916951
ank_39_1,0.933691135734072,0.5359622555988215,1.5271776735603906,0.07988006458061044,1.687206888598447
ank_3_13,0.9390196983687289,0.6846806244110296,1.1147746992998624,0.2501346418526719,1.300191490634911
ank_3_25,0.9328447214527547,0.8778999030787948,0.8119421215822608,0.06466691722258762,1.0241708164991075
ank_3_29,0.9805517082179132,0.8468797206364154,0.9604104892512972,0.04123424759080801,1.0711638250555968
ank_3_34,1.0,0.8070367805478609,1.118275212738064,1.0461945510452173,1.1701189426262721
ank_3_39,0.7832217605417051,0.7581972246100945,1.142371234207969,0.3309685779073534,1.1827664399092972
ank_3_9,0.8222914742997846,0.6858419501239882,1.2029539175222568,0.18241975645529895,1.2703550840809088
ank_40_19,0.7134118190212373,0.7671088820579194,1.0152553692572674,0.19069211571584238,1.170902316425885
ank_40_2,0.8830409356725146,0.7069100731962357,1.0535901386748843,0.09285053929121725,1.2616024653312787
ank_40_40,0.9452908587257618,0.8773707773707774,0.9010066335761006,0.10094168947441666,1.0354177297397598
ank_41_0,0.9022391505078485,0.7440834079570168,1.0897733459411445,0.1810367059228058,1.2117539184503854
ank_41_1,0.903951215758695,0.5896448256049031,1.3838241663057602,0.11411866608921611,1.524144651364227
ank_41_19,0.918936595875654,0.7364664015072221,1.2151729626787187,0.2828231147494386,1.2515562377419631
ank_41_40,0.9832448445675592,0.7993856748772328,0.8033725739739103,0.05614430113316528,1.1346582148363886
ank_4_23,0.9364035087719298,0.8832943013270882,0.9015512710189083,0.30671907342372723,1.0066981417308185
ank_4_41,0.9349030470914127,0.6955349794238683,1.0808508120581013,0.3493772742064314,1.2528473804100226
ank_5_12,0.6841143428747307,0.6515479571464725,1.0291743990332742,0.13119848085969532,1.1638254714945404
ank_5_40,0.9738381040320099,0.6241901074589128,1.2702300705718534,0.15240988638880976,1.4419443653280166
ank_5_5,0.7578870421668206,0.5691151835118534,0.38636160913388634,0.055971813397555976,0.8816341093568817
ank_6_10,0.8359495229301324,0.5879510309278351,0.6070841487279843,0.04140900195694716,1.0926810176125246
ank_6_38,1.0,0.6890581717451524,1.2292853154662198,0.31532663316582915,1.2953657174762703
ank_7_36,0.966124192059095,0.7172809270652888,1.0864146124805685,0.161309127248501,1.2714301576726628
ank_7_8,0.8584756848261004,0.406390749994398,0.9183943537715042,0.11187692986325541,1.6430855756506397
ank_8_19,0.9387503847337643,0.8137295081967213,1.049383026945354,0.14077058675396625,1.1022412490556535
ank_8_22,0.8939481378885811,0.8461190850207656,0.9996439471007121,0.41792980671414043,1.0786876907426246
ank_8_31,0.9998653431825177,0.7568732323912499,0.9474834773767158,1.1413065582104729,1.2577529232333504
ank_8_41,0.997941674361342,0.8633883994833934,1.0811118553248493,0.8283545434248716,1.0546327305202055
ank_9_1,0.8282740843336411,0.5693150939452354,1.208216048627259,0.07024843960347571,1.417329580222739
ank_9_24,0.8833679593721145,0.9116090677467825,0.9650996130141895,0.32444699249916387,1.0043237303521093
ank_9_25,0.9772622345337026,0.8795716704066769,0.9498254408736908,0.30362098290215733,1.0348223077611673
