site,stem,score,rank,residual,provenance
ankara,ank_34_30,1.283581,1,0.541412,"STOCH single-draw, OVP inputs"
ankara,ank_35_28,1.198717,2,0.477119,"STOCH single-draw, OVP inputs"
ankara,ank_26_29,1.103099,3,0.587667,"STOCH single-draw, OVP inputs"
ankara,ank_33_34,1.011339,4,0.455663,"STOCH single-draw, OVP inputs"
ankara,ank_30_30,0.95044,5,0.420828,"STOCH single-draw, OVP inputs"
ankara,ank_31_32,0.872299,6,0.502257,"STOCH single-draw, OVP inputs"
ankara,ank_38_22,0.823592,7,0.486933,"STOCH single-draw, OVP inputs"
ankara,ank_23_28,0.789079,8,0.498808,"STOCH single-draw, OVP inputs"
ankara,ank_33_36,0.741684,9,0.449945,"STOCH single-draw, OVP inputs"
ankara,ank_32_37,0.737507,10,0.567312,"STOCH single-draw, OVP inputs"
ankara,ank_33_25,0.728475,11,0.52981,"STOCH single-draw, OVP inputs"
ankara,ank_20_37,0.657757,12,0.54277,"STOCH single-draw, OVP inputs"
ankara,ank_28_37,0.555071,13,0.629683,"STOCH single-draw, OVP inputs"
ankara,ank_38_24,0.503133,14,0.928205,"STOCH single-draw, OVP inputs"
ankara,ank_34_21,0.450818,15,0.508372,"STOCH single-draw, OVP inputs"
ankara,ank_29_0,0.442869,16,0.797133,"STOCH single-draw, OVP inputs"
ankara,ank_40_19,0.435878,17,0.537412,"STOCH single-draw, OVP inputs"
ankara,ank_18_37,0.418949,18,0.64149,"STOCH single-draw, OVP inputs"
ankara,ank_26_5,0.41108,19,0.595038,"STOCH single-draw, OVP inputs"
ankara,ank_34_15,0.409367,20,0.839952,"STOCH single-draw, OVP inputs"
ankara,ank_38_9,0.39257,21,0.584162,"STOCH single-draw, OVP inputs"
ankara,ank_30_7,0.391461,22,0.709797,"STOCH single-draw, OVP inputs"
ankara,ank_0_16,0.375843,23,0.472521,"STOCH single-draw, OVP inputs"
ankara,ank_26_22,0.356594,24,0.839259,"STOCH single-draw, OVP inputs"
ankara,ank_25_37,0.353836,25,0.925704,"STOCH single-draw, OVP inputs"
ankara,ank_25_1,0.346835,26,1.038394,"STOCH single-draw, OVP inputs"
ankara,ank_12_35,0.329315,27,0.389497,"STOCH single-draw, OVP inputs"
ankara,ank_38_27,0.322198,28,1.139974,"STOCH single-draw, OVP inputs"
ankara,ank_29_24,0.321805,29,0.603242,"STOCH single-draw, OVP inputs"
ankara,ank_35_7,0.319892,30,0.738331,"STOCH single-draw, OVP inputs"
ankara,ank_15_6,0.310357,31,0.406753,"STOCH single-draw, OVP inputs"
ankara,ank_33_3,0.305549,32,0.528589,"STOCH single-draw, OVP inputs"
ankara,ank_24_0,0.302572,33,1.446043,"STOCH single-draw, OVP inputs"
ankara,ank_14_9,0.301976,34,0.64858,"STOCH single-draw, OVP inputs"
ankara,ank_22_10,0.293324,35,0.554392,"STOCH single-draw, OVP inputs"
ankara,ank_34_11,0.291592,36,0.581669,"STOCH single-draw, OVP inputs"
ankara,ank_24_14,0.286257,37,0.442012,"STOCH single-draw, OVP inputs"
ankara,ank_3_39,0.28453,38,0.91261,"STOCH single-draw, OVP inputs"
ankara,ank_22_37,0.280095,39,0.801465,"STOCH single-draw, OVP inputs"
ankara,ank_18_7,0.263501,40,1.056605,"STOCH single-draw, OVP inputs"
ankara,ank_13_6,0.257876,41,0.549861,"STOCH single-draw, OVP inputs"
ankara,ank_16_9,0.256505,42,0.596502,"STOCH single-draw, OVP inputs"
ankara,ank_20_10,0.254484,43,0.389679,"STOCH single-draw, OVP inputs"
ankara,ank_19_15,0.254423,44,0.691729,"STOCH single-draw, OVP inputs"
ankara,ank_18_39,0.246619,45,0.371452,"STOCH single-draw, OVP inputs"
ankara,ank_29_26,0.243114,46,0.576625,"STOCH single-draw, OVP inputs"
ankara,ank_17_31,0.241966,47,0.463507,"STOCH single-draw, OVP inputs"
ankara,ank_18_29,0.237432,48,0.644499,"STOCH single-draw, OVP inputs"
ankara,ank_26_21,0.230698,49,1.171065,"STOCH single-draw, OVP inputs"
ankara,ank_0_10,0.230144,50,1.014935,"STOCH single-draw, OVP inputs"
ankara,ank_31_7,0.228868,51,0.507927,"STOCH single-draw, OVP inputs"
ankara,ank_8_41,0.22776,52,0.435967,"STOCH single-draw, OVP inputs"
ankara,ank_2_23,0.226257,53,0.743987,"STOCH single-draw, OVP inputs"
ankara,ank_28_27,0.225922,54,0.984556,"STOCH single-draw, OVP inputs"
ankara,ank_32_21,0.221878,55,0.835627,"STOCH single-draw, OVP inputs"
ankara,ank_11_14,0.220739,56,0.72471,"STOCH single-draw, OVP inputs"
ankara,ank_10_1,0.219363,57,0.552677,"STOCH single-draw, OVP inputs"
ankara,ank_35_11,0.214498,58,0.552448,"STOCH single-draw, OVP inputs"
ankara,ank_17_19,0.213658,59,1.554051,"STOCH single-draw, OVP inputs"
ankara,ank_1_34,0.21317,60,1.152202,"STOCH single-draw, OVP inputs"
ankara,ank_3_9,0.211719,61,1.266411,"STOCH single-draw, OVP inputs"
ankara,ank_35_39,0.205829,62,0.590619,"STOCH single-draw, OVP inputs"
ankara,ank_8_22,0.205736,63,0.771435,"STOCH single-draw, OVP inputs"
ankara,ank_5_12,0.204781,64,0.33958,"STOCH single-draw, OVP inputs"
ankara,ank_17_22,0.201106,65,2.899823,"STOCH single-draw, OVP inputs"
ankara,ank_29_21,0.200264,66,1.566201,"STOCH single-draw, OVP inputs"
ankara,ank_20_6,0.19731,67,2.137645,"STOCH single-draw, OVP inputs"
ankara,ank_41_1,0.191607,68,2.419861,"STOCH single-draw, OVP inputs"
ankara,ank_9_24,0.191417,69,0.751742,"STOCH single-draw, OVP inputs"
ankara,ank_19_9,0.189495,70,1.218576,"STOCH single-draw, OVP inputs"
ankara,ank_26_35,0.177249,71,3.201882,"STOCH single-draw, OVP inputs"
ankara,ank_18_16,0.175264,72,1.643852,"STOCH single-draw, OVP inputs"
ankara,ank_14_33,0.169424,73,0.838331,"STOCH single-draw, OVP inputs"
ankara,ank_28_38,0.16931,74,1.308443,"STOCH single-draw, OVP inputs"
ankara,ank_4_41,0.164815,75,0.943523,"STOCH single-draw, OVP inputs"
ankara,ank_0_41,0.163349,76,0.852309,"STOCH single-draw, OVP inputs"
ankara,ank_38_40,0.15999,77,1.610135,"STOCH single-draw, OVP inputs"
ankara,ank_41_0,0.152405,78,1.244249,"STOCH single-draw, OVP inputs"
ankara,ank_24_12,0.148924,79,1.286869,"STOCH single-draw, OVP inputs"
ankara,ank_9_1,0.148528,80,1.312931,"STOCH single-draw, OVP inputs"
ankara,ank_27_40,0.146188,81,2.321766,"STOCH single-draw, OVP inputs"
ankara,ank_3_34,0.145561,82,0.474842,"STOCH single-draw, OVP inputs"
ankara,ank_38_19,0.145518,83,2.794819,"STOCH single-draw, OVP inputs"
ankara,ank_22_16,0.144419,84,1.744242,"STOCH single-draw, OVP inputs"
ankara,ank_40_2,0.144413,85,2.018988,"STOCH single-draw, OVP inputs"
ankara,ank_19_6,0.143242,86,1.809937,"STOCH single-draw, OVP inputs"
ankara,ank_41_19,0.141335,87,1.994165,"STOCH single-draw, OVP inputs"
ankara,ank_4_23,0.138075,88,2.012524,"STOCH single-draw, OVP inputs"
ankara,ank_13_29,0.13619,89,1.297739,"STOCH single-draw, OVP inputs"
ankara,ank_25_14,0.135101,90,1.83287,"STOCH single-draw, OVP inputs"
ankara,ank_15_22,0.134471,91,1.437724,"STOCH single-draw, OVP inputs"
ankara,ank_13_17,0.123684,92,0.96422,"STOCH single-draw, OVP inputs"
ankara,ank_18_27,0.122854,93,2.061504,"STOCH single-draw, OVP inputs"
ankara,ank_13_12,0.122742,94,0.645491,"STOCH single-draw, OVP inputs"
ankara,ank_3_13,0.122178,95,0.858501,"STOCH single-draw, OVP inputs"
ankara,ank_8_31,0.119398,96,1.940853,"STOCH single-draw, OVP inputs"
ankara,ank_9_25,0.110153,97,0.454631,"STOCH single-draw, OVP inputs"
ankara,ank_26_3,0.107944,98,0.96292,"STOCH single-draw, OVP inputs"
ankara,ank_8_19,0.102424,99,2.40237,"STOCH single-draw, OVP inputs"
ankara,ank_17_32,0.095428,100,1.630445,"STOCH single-draw, OVP inputs"
ankara,ank_17_17,0.092742,101,2.456518,"STOCH single-draw, OVP inputs"
ankara,ank_13_34,0.083658,102,2.011038,"STOCH single-draw, OVP inputs"
ankara,ank_32_12,0.082727,103,3.055997,"STOCH single-draw, OVP inputs"
ankara,ank_39_1,0.079322,104,2.835716,"STOCH single-draw, OVP inputs"
ankara,ank_12_28,0.077131,105,3.848842,"STOCH single-draw, OVP inputs"
ankara,ank_40_40,0.076818,106,2.330665,"STOCH single-draw, OVP inputs"
ankara,ank_5_40,0.076214,107,3.809659,"STOCH single-draw, OVP inputs"
ankara,ank_3_25,0.075935,108,2.134243,"STOCH single-draw, OVP inputs"
ankara,ank_0_30,0.075142,109,3.333271,"STOCH single-draw, OVP inputs"
ankara,ank_7_36,0.07241,110,4.345728,"STOCH single-draw, OVP inputs"
ankara,ank_13_21,0.069721,111,2.295003,"STOCH single-draw, OVP inputs"
ankara,ank_6_38,0.069156,112,2.279993,"STOCH single-draw, OVP inputs"
ankara,ank_20_19,0.066336,113,2.63715,"STOCH single-draw, OVP inputs"
ankara,ank_16_36,0.062913,114,4.445597,"STOCH single-draw, OVP inputs"
ankara,ank_36_40,0.056102,115,2.986411,"STOCH single-draw, OVP inputs"
ankara,ank_23_14,0.055193,116,1.377693,"STOCH single-draw, OVP inputs"
ankara,ank_12_21,0.051841,117,3.39796,"STOCH single-draw, OVP inputs"
ankara,ank_28_9,0.050433,118,3.210339,"STOCH single-draw, OVP inputs"
ankara,ank_41_40,0.034411,119,2.92097,"STOCH single-draw, OVP inputs"
ankara,ank_19_33,0.033065,120,3.005454,"STOCH single-draw, OVP inputs"
ankara,ank_29_11,0.032921,121,2.47142,"STOCH single-draw, OVP inputs"
ankara,ank_15_41,0.031203,122,2.15874,"STOCH single-draw, OVP inputs"
ankara,ank_5_5,0.030633,123,0.456129,"STOCH single-draw, OVP inputs"
ankara,ank_3_29,0.02981,124,3.225791,"STOCH single-draw, OVP inputs"
ankara,ank_2_12,-0.053002,125,1.019406,"STOCH single-draw, OVP inputs"
ankara,ank_7_8,-0.053097,126,1.103411,"STOCH single-draw, OVP inputs"
ankara,ank_6_10,-0.073938,127,1.237951,"STOCH single-draw, OVP inputs"
ankara,ank_25_16,-0.089873,128,1.421941,"STOCH single-draw, OVP inputs"
ankara,ank_27_14,-0.215642,129,3.429115,"STOCH single-draw, OVP inputs"
ankara,ank_24_3,-0.245701,130,2.876907,"STOCH single-draw, OVP inputs"
cappadocia,36SXJ_31_35,0.455909,1,NA,"STOCH single-draw, PRE inputs; residual NA (C2 per-chip archive missing)"
cappadocia,36SXJ_36_40,0.409146,2,NA,"STOCH single-draw, PRE inputs; residual NA (C2 per-chip archive missing)"
cappadocia,36SXJ_12_41,0.405088,3,NA,"STOCH single-draw, PRE inputs; residual NA (C2 per-chip archive missing)"
cappadocia,36SXJ_1_27,0.401918,4,NA,"STOCH single-draw, PRE inputs; residual NA (C2 per-chip archive missing)"
cappadocia,36SXJ_41_20,0.373757,5,NA,"STOCH single-draw, PRE inputs; residual NA (C2 per-chip archive missing)"
cappadocia,36SXJ_1_28,0.337582,6,NA,"STOCH single-draw, PRE inputs; residual NA (C2 per-chip archive missing)"
cappadocia,36SXJ_1_26,0.306055,7,NA,"STOCH single-draw, PRE inputs; residual NA (C2 per-chip archive missing)"
cappadocia,36SXJ_39_3,0.303391,8,NA,"STOCH single-draw, PRE inputs; residual NA (C2 per-chip archive missing)"
cappadocia,36SXJ_18_0,0.287115,9,NA,"STOCH single-draw, PRE inputs; residual NA (C2 per-chip archive missing)"
cappadocia,36SXJ_23_40,0.273634,10,NA,"STOCH single-draw, PRE inputs; residual NA (C2 per-chip archive missing)"
cappadocia,36SXJ_9_1,0.241184,11,NA,"STOCH single-draw, PRE inputs; residual NA (C2 per-chip archive missing)"
cappadocia,36SXJ_9_39,0.217473,12,NA,"STOCH single-draw, PRE inputs; residual NA (C2 per-chip archive missing)"
cappadocia,36SXJ_24_39,0.205765,13,NA,"STOCH single-draw, PRE inputs; residual NA (C2 per-chip archive missing)"
cappadocia,36SXJ_7_28,0.199503,14,NA,"STOCH single-draw, PRE inputs; residual NA (C2 per-chip archive missing)"
cappadocia,36SXJ_18_8,0.196545,15,NA,"STOCH single-draw, PRE inputs; residual NA (C2 per-chip archive missing)"
cappadocia,36SXJ_30_11,0.195596,16,NA,"STOCH single-draw, PRE inputs; residual NA (C2 per-chip archive missing)"
cappadocia,36SXJ_1_24,0.195257,17,NA,"STOCH single-draw, PRE inputs; residual NA (C2 per-chip archive missing)"
cappadocia,36SXJ_17_7,0.18566,18,NA,"STOCH single-draw, PRE inputs; residual NA (C2 per-chip archive missing)"
cappadocia,36SXJ_23_32,0.185389,19,NA,"STOCH single-draw, PRE inputs; residual NA (C2 per-chip archive missing)"
cappadocia,36SXJ_16_36,0.184851,20,NA,"STOCH single-draw, PRE inputs; residual NA (C2 per-chip archive missing)"
cappadocia,36SXJ_0_41,0.179832,21,NA,"STOCH single-draw, PRE inputs; residual NA (C2 per-chip archive missing)"
cappadocia,36SXJ_33_6,0.177256,22,NA,"STOCH single-draw, PRE inputs; residual NA (C2 per-chip archive missing)"
cappadocia,36SXJ_34_35,0.173618,23,NA,"STOCH single-draw, PRE inputs; residual NA (C2 per-chip archive missing)"
cappadocia,36SXJ_2_34,0.15895,24,NA,"STOCH single-draw, PRE inputs; residual NA (C2 per-chip archive missing)"
cappadocia,36SXJ_41_10,0.156611,25,NA,"STOCH single-draw, PRE inputs; residual NA (C2 per-chip archive missing)"
cappadocia,36SXJ_19_37,0.156366,26,NA,"STOCH single-draw, PRE inputs; residual NA (C2 per-chip archive missing)"
cappadocia,36SXJ_27_4,0.151081,27,NA,"STOCH single-draw, PRE inputs; residual NA (C2 per-chip archive missing)"
cappadocia,36SXJ_9_40,0.150832,28,NA,"STOCH single-draw, PRE inputs; residual NA (C2 per-chip archive missing)"
cappadocia,36SXJ_22_41,0.144184,29,NA,"STOCH single-draw, PRE inputs; residual NA (C2 per-chip archive missing)"
cappadocia,36SXJ_19_6,0.143483,30,NA,"STOCH single-draw, PRE inputs; residual NA (C2 per-chip archive missing)"
cappadocia,36SXJ_1_0,0.137951,31,NA,"STOCH single-draw, PRE inputs; residual NA (C2 per-chip archive missing)"
cappadocia,36SXJ_12_13,0.137048,32,NA,"STOCH single-draw, PRE inputs; residual NA (C2 per-chip archive missing)"
cappadocia,36SXJ_19_38,0.135248,33,NA,"STOCH single-draw, PRE inputs; residual NA (C2 per-chip archive missing)"
cappadocia,36SXJ_1_31,0.133198,34,NA,"STOCH single-draw, PRE inputs; residual NA (C2 per-chip archive missing)"
cappadocia,36SXJ_21_9,0.131125,35,NA,"STOCH single-draw, PRE inputs; residual NA (C2 per-chip archive missing)"
cappadocia,36SXJ_39_10,0.128047,36,NA,"STOCH single-draw, PRE inputs; residual NA (C2 per-chip archive missing)"
cappadocia,36SXJ_0_22,0.123579,37,NA,"STOCH single-draw, PRE inputs; residual NA (C2 per-chip archive missing)"
cappadocia,36SXJ_32_29,0.123355,38,NA,"STOCH single-draw, PRE inputs; residual NA (C2 per-chip archive missing)"
cappadocia,36SXJ_25_41,0.122109,39,NA,"STOCH single-draw, PRE inputs; residual NA (C2 per-chip archive missing)"
cappadocia,36SXJ_36_12,0.121836,40,NA,"STOCH single-draw, PRE inputs; residual NA (C2 per-chip archive missing)"
cappadocia,36SXJ_14_6,0.121505,41,NA,"STOCH single-draw, PRE inputs; residual NA (C2 per-chip archive missing)"
cappadocia,36SXJ_17_12,0.118043,42,NA,"STOCH single-draw, PRE inputs; residual NA (C2 per-chip archive missing)"
cappadocia,36SXJ_32_14,0.116603,43,NA,"STOCH single-draw, PRE inputs; residual NA (C2 per-chip archive missing)"
cappadocia,36SXJ_15_1,0.115551,44,NA,"STOCH single-draw, PRE inputs; residual NA (C2 per-chip archive missing)"
cappadocia,36SXJ_22_8,0.114052,45,NA,"STOCH single-draw, PRE inputs; residual NA (C2 per-chip archive missing)"
cappadocia,36SXJ_28_21,0.109401,46,NA,"STOCH single-draw, PRE inputs; residual NA (C2 per-chip archive missing)"
cappadocia,36SXJ_40_29,0.106903,47,NA,"STOCH single-draw, PRE inputs; residual NA (C2 per-chip archive missing)"
cappadocia,36SXJ_5_3,0.106323,48,NA,"STOCH single-draw, PRE inputs; residual NA (C2 per-chip archive missing)"
cappadocia,36SXJ_8_36,0.102727,49,NA,"STOCH single-draw, PRE inputs; residual NA (C2 per-chip archive missing)"
cappadocia,36SXJ_26_38,0.102308,50,NA,"STOCH single-draw, PRE inputs; residual NA (C2 per-chip archive missing)"
cappadocia,36SXJ_31_1,0.099556,51,NA,"STOCH single-draw, PRE inputs; residual NA (C2 per-chip archive missing)"
cappadocia,36SXJ_29_0,0.092986,52,NA,"STOCH single-draw, PRE inputs; residual NA (C2 per-chip archive missing)"
cappadocia,36SXJ_23_17,0.092816,53,NA,"STOCH single-draw, PRE inputs; residual NA (C2 per-chip archive missing)"
cappadocia,36SXJ_9_37,0.09175,54,NA,"STOCH single-draw, PRE inputs; residual NA (C2 per-chip archive missing)"
cappadocia,36SXJ_9_26,0.090293,55,NA,"STOCH single-draw, PRE inputs; residual NA (C2 per-chip archive missing)"
cappadocia,36SXJ_31_2,0.089878,56,NA,"STOCH single-draw, PRE inputs; residual NA (C2 per-chip archive missing)"
cappadocia,36SXJ_16_16,0.088759,57,NA,"STOCH single-draw, PRE inputs; residual NA (C2 per-chip archive missing)"
cappadocia,36SXJ_22_0,0.088751,58,NA,"STOCH single-draw, PRE inputs; residual NA (C2 per-chip archive missing)"
cappadocia,36SXJ_3_14,0.087425,59,NA,"STOCH single-draw, PRE inputs; residual NA (C2 per-chip archive missing)"
cappadocia,36SXJ_18_9,0.087085,60,NA,"STOCH single-draw, PRE inputs; residual NA (C2 per-chip archive missing)"
cappadocia,36SXJ_16_6,0.08677,61,NA,"STOCH single-draw, PRE inputs; residual NA (C2 per-chip archive missing)"
cappadocia,36SXJ_36_8,0.085557,62,NA,"STOCH single-draw, PRE inputs; residual NA (C2 per-chip archive missing)"
cappadocia,36SXJ_19_11,0.085057,63,NA,"STOCH single-draw, PRE inputs; residual NA (C2 per-chip archive missing)"
cappadocia,36SXJ_21_0,0.08298,64,NA,"STOCH single-draw, PRE inputs; residual NA (C2 per-chip archive missing)"
cappadocia,36SXJ_18_35,0.082771,65,NA,"STOCH single-draw, PRE inputs; residual NA (C2 per-chip archive missing)"
cappadocia,36SXJ_15_6,0.081892,66,NA,"STOCH single-draw, PRE inputs; residual NA (C2 per-chip archive missing)"
cappadocia,36SXJ_10_36,0.081406,67,NA,"STOCH single-draw, PRE inputs; residual NA (C2 per-chip archive missing)"
cappadocia,36SXJ_8_39,0.080507,68,NA,"STOCH single-draw, PRE inputs; residual NA (C2 per-chip archive missing)"
cappadocia,36SXJ_18_5,0.077073,69,NA,"STOCH single-draw, PRE inputs; residual NA (C2 per-chip archive missing)"
cappadocia,36SXJ_12_11,0.076653,70,NA,"STOCH single-draw, PRE inputs; residual NA (C2 per-chip archive missing)"
cappadocia,36SXJ_0_40,0.072314,71,NA,"STOCH single-draw, PRE inputs; residual NA (C2 per-chip archive missing)"
cappadocia,36SXJ_18_17,0.069581,72,NA,"STOCH single-draw, PRE inputs; residual NA (C2 per-chip archive missing)"
cappadocia,36SXJ_6_35,0.067509,73,NA,"STOCH single-draw, PRE inputs; residual NA (C2 per-chip archive missing)"
cappadocia,36SXJ_2_41,0.066534,74,NA,"STOCH single-draw, PRE inputs; residual NA (C2 per-chip archive missing)"
cappadocia,36SXJ_34_26,0.06636,75,NA,"STOCH single-draw, PRE inputs; residual NA (C2 per-chip archive missing)"
cappadocia,36SXJ_28_28,0.064894,76,NA,"STOCH single-draw, PRE inputs; residual NA (C2 per-chip archive missing)"
cappadocia,36SXJ_22_34,0.064662,77,NA,"STOCH single-draw, PRE inputs; residual NA (C2 per-chip archive missing)"
cappadocia,36SXJ_22_36,0.062471,78,NA,"STOCH single-draw, PRE inputs; residual NA (C2 per-chip archive missing)"
cappadocia,36SXJ_10_23,0.062028,79,NA,"STOCH single-draw, PRE inputs; residual NA (C2 per-chip archive missing)"
cappadocia,36SXJ_19_19,0.061936,80,NA,"STOCH single-draw, PRE inputs; residual NA (C2 per-chip archive missing)"
cappadocia,36SXJ_40_0,0.061673,81,NA,"STOCH single-draw, PRE inputs; residual NA (C2 per-chip archive missing)"
cappadocia,36SXJ_22_19,0.061199,82,NA,"STOCH single-draw, PRE inputs; residual NA (C2 per-chip archive missing)"
cappadocia,36SXJ_29_20,0.060766,83,NA,"STOCH single-draw, PRE inputs; residual NA (C2 per-chip archive missing)"
cappadocia,36SXJ_37_8,0.060305,84,NA,"STOCH single-draw, PRE inputs; residual NA (C2 per-chip archive missing)"
cappadocia,36SXJ_16_39,0.060051,85,NA,"STOCH single-draw, PRE inputs; residual NA (C2 per-chip archive missing)"
cappadocia,36SXJ_35_18,0.056791,86,NA,"STOCH single-draw, PRE inputs; residual NA (C2 per-chip archive missing)"
cappadocia,36SXJ_16_0,0.056426,87,NA,"STOCH single-draw, PRE inputs; residual NA (C2 per-chip archive missing)"
cappadocia,36SXJ_7_40,0.055178,88,NA,"STOCH single-draw, PRE inputs; residual NA (C2 per-chip archive missing)"
cappadocia,36SXJ_16_21,0.054996,89,NA,"STOCH single-draw, PRE inputs; residual NA (C2 per-chip archive missing)"
cappadocia,36SXJ_9_22,0.054833,90,NA,"STOCH single-draw, PRE inputs; residual NA (C2 per-chip archive missing)"
cappadocia,36SXJ_29_10,0.049319,91,NA,"STOCH single-draw, PRE inputs; residual NA (C2 per-chip archive missing)"
cappadocia,36SXJ_21_28,0.046761,92,NA,"STOCH single-draw, PRE inputs; residual NA (C2 per-chip archive missing)"
cappadocia,36SXJ_6_12,0.046345,93,NA,"STOCH single-draw, PRE inputs; residual NA (C2 per-chip archive missing)"
cappadocia,36SXJ_19_21,0.045822,94,NA,"STOCH single-draw, PRE inputs; residual NA (C2 per-chip archive missing)"
cappadocia,36SXJ_19_15,0.04482,95,NA,"STOCH single-draw, PRE inputs; residual NA (C2 per-chip archive missing)"
cappadocia,36SXJ_18_31,0.044689,96,NA,"STOCH single-draw, PRE inputs; residual NA (C2 per-chip archive missing)"
cappadocia,36SXJ_19_18,0.043109,97,NA,"STOCH single-draw, PRE inputs; residual NA (C2 per-chip archive missing)"
cappadocia,36SXJ_9_11,0.041945,98,NA,"STOCH single-draw, PRE inputs; residual NA (C2 per-chip archive missing)"
cappadocia,36SXJ_2_26,0.041719,99,NA,"STOCH single-draw, PRE inputs; residual NA (C2 per-chip archive missing)"
cappadocia,36SXJ_32_3,0.040758,100,NA,"STOCH single-draw, PRE inputs; residual NA (C2 per-chip archive missing)"
cappadocia,36SXJ_12_12,0.038399,101,NA,"STOCH single-draw, PRE inputs; residual NA (C2 per-chip archive missing)"
cappadocia,36SXJ_15_29,0.037495,102,NA,"STOCH single-draw, PRE inputs; residual NA (C2 per-chip archive missing)"
cappadocia,36SXJ_14_23,0.035468,103,NA,"STOCH single-draw, PRE inputs; residual NA (C2 per-chip archive missing)"
cappadocia,36SXJ_18_21,0.033809,104,NA,"STOCH single-draw, PRE inputs; residual NA (C2 per-chip archive missing)"
cappadocia,36SXJ_17_21,0.027564,105,NA,"STOCH single-draw, PRE inputs; residual NA (C2 per-chip archive missing)"
cappadocia,36SXJ_13_13,0.027284,106,NA,"STOCH single-draw, PRE inputs; residual NA (C2 per-chip archive missing)"
cappadocia,36SXJ_28_20,0.026856,107,NA,"STOCH single-draw, PRE inputs; residual NA (C2 per-chip archive missing)"
cappadocia,36SXJ_5_30,0.025927,108,NA,"STOCH single-draw, PRE inputs; residual NA (C2 per-chip archive missing)"
cappadocia,36SXJ_0_35,0.025696,109,NA,"STOCH single-draw, PRE inputs; residual NA (C2 per-chip archive missing)"
cappadocia,36SXJ_22_17,0.024743,110,NA,"STOCH single-draw, PRE inputs; residual NA (C2 per-chip archive missing)"
cappadocia,36SXJ_17_9,0.021371,111,NA,"STOCH single-draw, PRE inputs; residual NA (C2 per-chip archive missing)"
cappadocia,36SXJ_21_18,0.021204,112,NA,"STOCH single-draw, PRE inputs; residual NA (C2 per-chip archive missing)"
cappadocia,36SXJ_15_38,0.018503,113,NA,"STOCH single-draw, PRE inputs; residual NA (C2 per-chip archive missing)"
cappadocia,36SXJ_9_14,0.016569,114,NA,"STOCH single-draw, PRE inputs; residual NA (C2 per-chip archive missing)"
cappadocia,36SXJ_20_20,0.016256,115,NA,"STOCH single-draw, PRE inputs; residual NA (C2 per-chip archive missing)"
cappadocia,36SXJ_11_25,0.015873,116,NA,"STOCH single-draw, PRE inputs; residual NA (C2 per-chip archive missing)"
cappadocia,36SXJ_33_4,0.014948,117,NA,"STOCH single-draw, PRE inputs; residual NA (C2 per-chip archive missing)"
cappadocia,36SXJ_23_0,0.013895,118,NA,"STOCH single-draw, PRE inputs; residual NA (C2 per-chip archive missing)"
cappadocia,36SXJ_15_30,0.012327,119,NA,"STOCH single-draw, PRE inputs; residual NA (C2 per-chip archive missing)"
cappadocia,36SXJ_16_11,0.008804,120,NA,"STOCH single-draw, PRE inputs; residual NA (C2 per-chip archive missing)"
cappadocia,36SXJ_14_31,0.007261,121,NA,"STOCH single-draw, PRE inputs; residual NA (C2 per-chip archive missing)"
cappadocia,36SXJ_18_28,0.004847,122,NA,"STOCH single-draw, PRE inputs; residual NA (C2 per-chip archive missing)"
cappadocia,36SXJ_27_9,0.004805,123,NA,"STOCH single-draw, PRE inputs; residual NA (C2 per-chip archive missing)"
cappadocia,36SXJ_4_17,0.002271,124,NA,"STOCH single-draw, PRE inputs; residual NA (C2 per-chip archive missing)"
cappadocia,36SXJ_38_18,0.002162,125,NA,"STOCH single-draw, PRE inputs; residual NA (C2 per-chip archive missing)"
cappadocia,36SXJ_10_17,0.000725,126,NA,"STOCH single-draw, PRE inputs; residual NA (C2 per-chip archive missing)"
cappadocia,36SXJ_6_20,0.000267,127,NA,"STOCH single-draw, PRE inputs; residual NA (C2 per-chip archive missing)"
cappadocia,36SXJ_31_5,-0.075415,128,NA,"STOCH single-draw, PRE inputs; residual NA (C2 per-chip archive missing)"
cappadocia,36SXJ_5_5,-0.171459,129,NA,"STOCH single-draw, PRE inputs; residual NA (C2 per-chip archive missing)"
cappadocia,36SXJ_41_33,-0.451442,130,NA,"STOCH single-draw, PRE inputs; residual NA (C2 per-chip archive missing)"
