sitevar,arm,stem,stratum,n_mean32,med_mean32,n_single,med_single,delta
ank_overpass,pretrained,ank_0_10,3,46,3.2897753539138517,60,3.4202333198522137,-0.130457965938362
ank_overpass,pretrained,ank_0_16,5,66,2.1029112672337575,70,2.384862391438782,-0.28195112420502433
ank_overpass,pretrained,ank_0_30,1,29,3.8443476931934764,28,3.3387973218253046,0.5055503713681717
ank_overpass,pretrained,ank_0_41,2,34,2.204304659041489,26,2.5939270093610203,-0.3896223503195313
ank_overpass,pretrained,ank_10_1,4,60,1.6065648252999458,82,1.3793783388990695,0.22718648640087635
ank_overpass,pretrained,ank_11_14,4,53,2.523987301697582,39,2.1072049859277864,0.41678231576979563
ank_overpass,pretrained,ank_12_21,1,56,3.3380465595160027,52,3.840477071953303,-0.5024305124373001
ank_overpass,pretrained,ank_12_28,1,36,3.535554784548167,24,3.7515714024219395,-0.21601661787377235
ank_overpass,pretrained,ank_12_35,4,58,2.3053765314894368,59,2.0236169132480937,0.2817596182413431
ank_overpass,pretrained,ank_13_12,4,87,1.7231012334969584,81,1.9687657879551477,-0.24566455445818924
ank_overpass,pretrained,ank_13_17,1,45,2.7595196736526884,43,2.9336896856680665,-0.17417001201537818
ank_overpass,pretrained,ank_13_21,1,55,2.3550273484533317,48,2.4552028634420084,-0.10017551498867672
ank_overpass,pretrained,ank_13_29,2,37,2.8194940821701326,41,3.7566123078373588,-0.9371182256672261
ank_overpass,pretrained,ank_13_34,1,29,3.3036068401107688,26,2.9330486999203997,0.37055814019036903
ank_overpass,pretrained,ank_13_6,4,67,1.7835775703770917,67,1.6551381930016695,0.12843937737542221
ank_overpass,pretrained,ank_14_33,2,34,3.134931170051353,23,2.6852041495163994,0.4497270205349535
ank_overpass,pretrained,ank_14_9,4,58,1.9567470405618697,48,2.6853700722182094,-0.7286230316563398
ank_overpass,pretrained,ank_15_22,2,42,3.27920825994526,45,2.711390639736519,0.567817620208741
ank_overpass,pretrained,ank_15_41,1,30,3.199457229395624,31,3.4543109343097678,-0.2548537049141437
ank_overpass,pretrained,ank_15_6,4,64,2.2331993709178724,74,2.2565164080808167,-0.02331703716294431
ank_overpass,pretrained,ank_16_36,1,8,3.8948888490246905,10,2.8374037080167502,1.0574851410079402
ank_overpass,pretrained,ank_16_9,4,47,2.791328067175917,56,2.806683662740791,-0.015355595564874314
ank_overpass,pretrained,ank_17_17,1,49,2.6493648373788687,50,2.8414733322891434,-0.1921084949102747
ank_overpass,pretrained,ank_17_19,3,52,3.301216277496967,47,3.8275000827557153,-0.5262838052587484
ank_overpass,pretrained,ank_17_22,3,52,2.280880388035574,53,2.4340296949742752,-0.1531493069387011
ank_overpass,pretrained,ank_17_31,3,56,2.208384681105041,59,2.534098500596339,-0.32571381949129785
ank_overpass,pretrained,ank_17_32,1,26,3.571684402758046,30,3.6175248287805832,-0.04584042602253735
ank_overpass,pretrained,ank_18_16,3,60,3.6592988736224434,54,3.6722670151731953,-0.012968141550751877
ank_overpass,pretrained,ank_18_27,2,48,2.8118909815255178,46,3.32172871640942,-0.5098377348839023
ank_overpass,pretrained,ank_18_29,3,51,2.147625620663784,56,1.7922589178938884,0.3553667027698957
ank_overpass,pretrained,ank_18_37,4,24,2.0331355811578438,26,1.2473183174882643,0.7858172636695795
ank_overpass,pretrained,ank_18_39,3,55,1.402900740326389,52,1.5733558611060179,-0.170455120779629
ank_overpass,pretrained,ank_18_7,4,63,2.628308760727463,61,3.2195614402300556,-0.5912526795025927
ank_overpass,pretrained,ank_19_15,4,44,2.9274165662087075,53,3.0953496731321097,-0.16793310692340224
ank_overpass,pretrained,ank_19_33,1,15,5.593026826434502,22,4.702300725510231,0.8907261009242715
ank_overpass,pretrained,ank_19_6,2,52,3.5522835553357535,40,3.5026591039577597,0.04962445137799376
ank_overpass,pretrained,ank_19_9,2,32,2.843780939796526,34,2.926465695711448,-0.08268475591492175
ank_overpass,pretrained,ank_1_34,3,22,2.687965342235433,21,3.0208953480253165,-0.3329300057898834
ank_overpass,pretrained,ank_20_10,3,51,2.6181295078737055,46,2.3592761860519142,0.2588533218217912
ank_overpass,pretrained,ank_20_19,1,35,4.363809459988692,49,3.023494661464951,1.3403147985237411
ank_overpass,pretrained,ank_20_37,5,84,0.813223346897952,89,0.928379103905357,-0.1151557570074051
ank_overpass,pretrained,ank_20_6,3,57,2.3340099880446514,50,2.9146588970063463,-0.5806489089616949
ank_overpass,pretrained,ank_22_10,5,78,2.0929709044188374,72,2.0713169563672045,0.0216539480516329
ank_overpass,pretrained,ank_22_16,2,40,3.719015588733609,46,2.626797762402023,1.092217826331586
ank_overpass,pretrained,ank_22_37,4,33,2.0698134649660234,46,1.9738203744855904,0.09599309048043292
ank_overpass,pretrained,ank_23_14,3,59,2.221791448166443,62,2.0520719390391853,0.16971950912725786
ank_overpass,pretrained,ank_23_28,5,72,1.5948904004996067,68,1.8974337895960471,-0.3025433890964404
ank_overpass,pretrained,ank_24_0,4,67,2.5078332879267493,88,2.7392213040302327,-0.23138801610348336
ank_overpass,pretrained,ank_24_12,3,37,2.666884152312779,52,2.728316404729733,-0.061432252416953936
ank_overpass,pretrained,ank_24_14,4,32,1.8930587337265847,30,3.080987751681082,-1.1879290179544975
ank_overpass,pretrained,ank_24_3,1,62,3.3489388231603776,61,2.58090755774413,0.7680312654162478
ank_overpass,pretrained,ank_25_1,5,66,2.661409561329635,61,2.4412955019623923,0.22011405936724282
ank_overpass,pretrained,ank_25_14,2,51,3.0278480749595498,45,3.3544857841690505,-0.32663770920950075
ank_overpass,pretrained,ank_25_16,2,46,3.602362498502089,61,3.4929275658705374,0.10943493263155135
ank_overpass,pretrained,ank_25_37,4,39,2.9103573329890535,31,3.609133736475365,-0.6987764034863115
ank_overpass,pretrained,ank_26_21,3,41,2.213936779244386,39,4.056458049801828,-1.8425212705574419
ank_overpass,pretrained,ank_26_22,4,29,3.1616094620218513,25,3.3681843300302794,-0.20657486800842806
ank_overpass,pretrained,ank_26_29,5,102,0.8544801323120914,118,0.9836413876606981,-0.12916125534860667
ank_overpass,pretrained,ank_26_3,4,108,1.9280208108623962,98,2.158658570961033,-0.2306377600986369
ank_overpass,pretrained,ank_26_35,2,29,3.9543617646396823,35,3.946603686802954,0.007758077836728106
ank_overpass,pretrained,ank_26_5,5,64,1.861607442911187,89,2.094223561535475,-0.23261611862428788
ank_overpass,pretrained,ank_27_14,1,55,3.133337638478257,59,3.427435324637085,-0.2940976861588278
ank_overpass,pretrained,ank_27_40,2,42,3.184851358888256,48,2.937677963362308,0.24717339552594808
ank_overpass,pretrained,ank_28_27,3,35,2.145786151143384,30,2.7548603591329686,-0.6090742079895848
ank_overpass,pretrained,ank_28_37,5,78,1.4309119691693666,79,1.2508465143964587,0.18006545477290792
ank_overpass,pretrained,ank_28_38,2,53,1.6184340996496736,56,1.7417625721293604,-0.12332847247968681
ank_overpass,pretrained,ank_28_9,2,44,3.775579146123773,44,3.183877067939096,0.5917020781846771
ank_overpass,pretrained,ank_29_0,5,71,2.072718657360176,51,2.2722131606506224,-0.19949450329044627
ank_overpass,pretrained,ank_29_11,1,34,4.278183143511617,59,3.9573282289384086,0.32085491457320847
ank_overpass,pretrained,ank_29_21,3,35,2.5571115183760367,34,2.5146027143633374,0.0425088040126993
ank_overpass,pretrained,ank_29_24,4,86,1.6741669785762259,78,1.8957157530185738,-0.22154877444234788
ank_overpass,pretrained,ank_29_26,3,48,2.6848951079788796,37,3.1275909951160594,-0.4426958871371798
ank_overpass,pretrained,ank_2_12,3,87,2.0294929754907316,96,1.9525773060348806,0.07691566945585104
ank_overpass,pretrained,ank_2_23,3,49,2.9448059868088357,30,2.5083602322552885,0.43644575455354717
ank_overpass,pretrained,ank_30_30,5,79,0.9033841888406606,81,1.017384308668534,-0.11400011982787328
ank_overpass,pretrained,ank_30_7,5,77,2.179178142240458,83,2.200477668577223,-0.02129952633676524
ank_overpass,pretrained,ank_31_32,5,104,1.324101246456346,94,1.3766318664768442,-0.05253062002049824
ank_overpass,pretrained,ank_31_7,5,109,1.4548311246243686,124,1.5282140171963285,-0.07338289257195996
ank_overpass,pretrained,ank_32_12,3,37,4.19472023213287,49,3.94435261238675,0.25036761974611954
ank_overpass,pretrained,ank_32_21,4,70,1.883260206933027,56,2.278629119768777,-0.39536891283575004
ank_overpass,pretrained,ank_32_37,5,111,1.238824528367787,106,1.2117355955519344,0.027088932815852562
ank_overpass,pretrained,ank_33_25,5,118,0.844404932942824,95,0.6628517447839597,0.18155318815886434
ank_overpass,pretrained,ank_33_3,5,108,1.3286586001389584,94,1.4263536042444787,-0.09769500410552023
ank_overpass,pretrained,ank_33_34,5,158,0.9905097238895371,161,1.0092296573166208,-0.01871993342708378
ank_overpass,pretrained,ank_33_36,5,96,0.9795705763538155,82,0.889275110908686,0.09029546544512945
ank_overpass,pretrained,ank_34_11,5,84,2.258412186502305,80,2.339784999526013,-0.08137281302370791
ank_overpass,pretrained,ank_34_15,5,54,2.513010630597698,55,2.68840101939931,-0.17539038880161195
ank_overpass,pretrained,ank_34_21,5,50,2.075024288814614,48,2.0019981207312325,0.07302616808338147
ank_overpass,pretrained,ank_34_30,5,125,0.9357335295794893,129,1.0680679480284196,-0.13233441844893035
ank_overpass,pretrained,ank_35_11,5,108,1.5130008421630814,106,1.4696012553976123,0.04339958676546907
ank_overpass,pretrained,ank_35_28,5,157,0.9692558328344277,160,0.9799123000217552,-0.01065646718732749
ank_overpass,pretrained,ank_35_39,3,62,2.2816598548588853,54,2.049985786922859,0.23167406793602652
ank_overpass,pretrained,ank_35_7,4,61,2.020206664049755,48,1.6081806189260295,0.41202604512372565
ank_overpass,pretrained,ank_36_40,1,53,3.5693700255931664,36,3.411283324431821,0.15808670116134538
ank_overpass,pretrained,ank_38_19,2,29,3.8400228860952548,27,3.432308578100129,0.40771430799512576
ank_overpass,pretrained,ank_38_22,5,59,0.733744857972061,70,0.8073896635354696,-0.07364480556340858
ank_overpass,pretrained,ank_38_24,4,29,2.500859405588149,29,3.1926147090635695,-0.6917553034754205
ank_overpass,pretrained,ank_38_27,4,57,2.49474583578974,51,2.397332126305344,0.0974137094843961
ank_overpass,pretrained,ank_38_40,2,41,3.952166200166435,34,3.908819245266571,0.043346954899864176
ank_overpass,pretrained,ank_38_9,5,80,1.321008739690373,100,1.2186124393309106,0.10239630035946234
ank_overpass,pretrained,ank_39_1,1,54,2.844913144503063,44,2.626637733916528,0.21827541058653477
ank_overpass,pretrained,ank_3_13,2,51,3.0457005288788914,42,2.7147242735002193,0.33097625537867215
ank_overpass,pretrained,ank_3_25,1,46,3.599091315797806,34,3.252194756196667,0.3468965596011393
ank_overpass,pretrained,ank_3_29,1,13,4.868167438991739,9,4.8680302001762366,0.00013723881550209427
ank_overpass,pretrained,ank_3_34,2,45,1.422717413333811,42,1.5471060039183473,-0.12438859058453633
ank_overpass,pretrained,ank_3_39,4,28,3.6148531373872936,25,3.1422514371837544,0.4726017002035392
ank_overpass,pretrained,ank_3_9,3,64,2.279212167040469,48,2.177714283839724,0.10149788320074471
ank_overpass,pretrained,ank_40_19,4,65,1.0946370944982426,70,1.1560847179588474,-0.06144762346060473
ank_overpass,pretrained,ank_40_2,2,39,3.586084583781501,26,3.4604272492813135,0.12565733450018746
ank_overpass,pretrained,ank_40_40,1,37,3.6045386835058673,34,3.4493064691247453,0.155232214381122
ank_overpass,pretrained,ank_41_0,2,42,3.031418743397567,41,2.4492768761365613,0.5821418672610057
ank_overpass,pretrained,ank_41_1,3,36,2.7683706514371886,32,1.779803058704372,0.9885675927328166
ank_overpass,pretrained,ank_41_19,2,27,2.7739541544987283,31,3.570500529080033,-0.7965463745813048
ank_overpass,pretrained,ank_41_40,1,25,2.9365622309013393,35,3.5760439883279256,-0.6394817574265863
ank_overpass,pretrained,ank_4_23,2,31,3.3570523913019397,43,3.6113127066180377,-0.25426031531609805
ank_overpass,pretrained,ank_4_41,2,28,2.7036713413583335,27,2.5273551257114004,0.17631621564693312
ank_overpass,pretrained,ank_5_12,4,83,1.08747237213519,94,1.3545000592036232,-0.26702768706843316
ank_overpass,pretrained,ank_5_40,1,13,3.9319458115624193,19,4.58020746060547,-0.6482616490430506
ank_overpass,pretrained,ank_5_5,4,88,1.4789077182164714,79,1.5058048753851876,-0.026897157168716213
ank_overpass,pretrained,ank_6_10,3,87,2.4736443495757205,87,2.504114825387608,-0.030470475811887443
ank_overpass,pretrained,ank_6_38,1,18,2.4447963040651777,20,2.649860641463357,-0.2050643373981793
ank_overpass,pretrained,ank_7_36,1,10,3.226822763776651,20,3.459929870983041,-0.23310710720638994
ank_overpass,pretrained,ank_7_8,2,73,2.1688992465273533,86,1.8945405626643987,0.2743586838629546
ank_overpass,pretrained,ank_8_19,1,32,3.19421356025365,31,4.566270168262229,-1.3720566080085792
ank_overpass,pretrained,ank_8_22,3,52,3.0436328669592365,38,2.950548725798846,0.09308414116039065
ank_overpass,pretrained,ank_8_31,2,19,2.38535466257753,32,1.9285830594844073,0.4567716030931228
ank_overpass,pretrained,ank_8_41,3,70,1.5956653318322715,74,1.7225419844617609,-0.12687665262948933
ank_overpass,pretrained,ank_9_1,3,53,2.5265289831675575,50,2.1864951826295367,0.3400338005380208
ank_overpass,pretrained,ank_9_24,2,25,3.2353673423491496,35,2.9330454702265167,0.30232187212263284
ank_overpass,pretrained,ank_9_25,1,43,3.418881790516765,43,3.0839313364050387,0.3349504541117265
ank_overpass,C1,ank_0_10,3,77,2.2030565552199177,59,2.196531368954664,0.0065251862652537795
ank_overpass,C1,ank_0_16,5,90,0.9712414896923376,92,1.1340109412578787,-0.16276945156554112
ank_overpass,C1,ank_0_30,1,37,3.271912237042996,33,3.6387236772436746,-0.3668114402006788
ank_overpass,C1,ank_0_41,2,33,0.6636302004602884,48,0.8275113212231205,-0.16388112076283212
ank_overpass,C1,ank_10_1,4,86,1.6328425427090847,77,1.9580838349179766,-0.32524129220889186
ank_overpass,C1,ank_11_14,4,64,2.19245934468592,68,2.345440533670546,-0.15298118898462576
ank_overpass,C1,ank_12_21,1,44,3.5358486211237294,43,3.724547833088947,-0.18869921196521755
ank_overpass,C1,ank_12_28,1,24,3.319003377839241,28,4.489326819252064,-1.1703234414128225
ank_overpass,C1,ank_12_35,4,142,0.533428307622899,142,0.6101228730242881,-0.07669456540138919
ank_overpass,C1,ank_13_12,4,85,1.4250146278445328,93,1.5452335295558728,-0.12021890171133998
ank_overpass,C1,ank_13_17,1,58,3.3167537075906153,53,3.8088046476721193,-0.4920509400815041
ank_overpass,C1,ank_13_21,1,50,3.022056912809954,57,2.788656835636773,0.2334000771731808
ank_overpass,C1,ank_13_29,2,46,3.3345339714242073,43,3.0655534298904565,0.2689805415337507
ank_overpass,C1,ank_13_34,1,21,3.961222314857066,28,4.405139551795694,-0.4439172369386277
ank_overpass,C1,ank_13_6,4,97,1.204977821400849,94,1.19664286843838,0.008334952962469
ank_overpass,C1,ank_14_33,2,46,0.7038800712964418,47,0.6705769615743894,0.033303109722052415
ank_overpass,C1,ank_14_9,4,66,1.6222474380166134,75,2.381286714875563,-0.7590392768589496
ank_overpass,C1,ank_15_22,2,62,2.6637941550175834,71,2.888374993849663,-0.22458083883207935
ank_overpass,C1,ank_15_41,1,33,3.3364158944526445,27,4.159758916152636,-0.8233430216999911
ank_overpass,C1,ank_15_6,4,84,1.0491456973959288,89,1.2883585294182867,-0.23921283202235788
ank_overpass,C1,ank_16_36,1,17,3.5650702286660847,14,4.494292569924396,-0.9292223412583116
ank_overpass,C1,ank_16_9,4,61,1.5234741927037427,69,1.4703328021494089,0.05314139055433387
ank_overpass,C1,ank_17_17,1,51,3.151668825071185,59,4.080957798949764,-0.9292889738785788
ank_overpass,C1,ank_17_19,3,61,2.87120986408683,65,2.8755574512980004,-0.004347587211170456
ank_overpass,C1,ank_17_22,3,53,3.4363060799692815,57,3.5465699116478566,-0.11026383167857512
ank_overpass,C1,ank_17_31,3,118,0.6346720454434955,120,0.6077804664519635,0.02689157899153205
ank_overpass,C1,ank_17_32,1,30,2.3529347613917544,43,2.829996212117352,-0.4770614507255977
ank_overpass,C1,ank_18_16,3,50,2.197242538898881,55,2.1110728937061576,0.08616964519272363
ank_overpass,C1,ank_18_27,2,52,3.5331452500281397,53,3.1839279802188694,0.34921726980927037
ank_overpass,C1,ank_18_29,3,81,1.148675664405166,73,1.0284479591902742,0.1202277052148919
ank_overpass,C1,ank_18_37,4,53,0.7921900569962642,56,0.7924796155009866,-0.00028955850472234257
ank_overpass,C1,ank_18_39,3,68,0.7927283815290562,55,0.7232365564851931,0.06949182504386309
ank_overpass,C1,ank_18_7,4,84,1.1974814151041135,84,1.0469852575539567,0.15049615755015688
ank_overpass,C1,ank_19_15,4,69,1.4447643202795064,69,1.3576652853808646,0.08709903489864179
ank_overpass,C1,ank_19_33,1,20,3.8064737626834164,29,3.575423940018337,0.23104982266507923
ank_overpass,C1,ank_19_6,2,87,2.932022500386027,66,2.5449363490947214,0.38708615129130575
ank_overpass,C1,ank_19_9,2,87,1.367867052562359,61,1.8279226236338966,-0.4600555710715375
ank_overpass,C1,ank_1_34,3,51,1.7894015380204948,47,1.608197902523688,0.18120363549680674
ank_overpass,C1,ank_20_10,3,108,0.5415489271581937,113,0.6243450802446036,-0.08279615308640986
ank_overpass,C1,ank_20_19,1,59,4.132746161844476,24,3.975234615271571,0.15751154657290467
ank_overpass,C1,ank_20_37,5,122,0.5797501602644506,139,0.5664083325198206,0.013341827744629997
ank_overpass,C1,ank_20_6,3,63,3.8379599222650946,50,3.681078444880024,0.15688147738507086
ank_overpass,C1,ank_22_10,5,109,1.060250572845476,108,1.1274695416940932,-0.06721896884861711
ank_overpass,C1,ank_22_16,2,40,3.5023734651334504,57,2.949409793774824,0.5529636713586266
ank_overpass,C1,ank_22_37,4,52,1.2005565847369177,59,1.2644815904971183,-0.06392500576020055
ank_overpass,C1,ank_23_14,3,62,2.252891984755059,52,2.935885360949574,-0.6829933761945153
ank_overpass,C1,ank_23_28,5,100,0.7564641366572253,93,0.6268245258311119,0.12963961082611342
ank_overpass,C1,ank_24_0,4,90,2.446222084018414,79,2.4792194444263074,-0.03299736040789325
ank_overpass,C1,ank_24_12,3,41,2.7962821311936676,42,2.2490538427097904,0.5472282884838773
ank_overpass,C1,ank_24_14,4,73,1.2482825959332118,74,1.4131770586948413,-0.16489446276162956
ank_overpass,C1,ank_24_3,1,47,2.827340172589811,59,2.8649273748294846,-0.03758720223967371
ank_overpass,C1,ank_25_1,5,98,1.4688250754706185,102,1.5248833278463954,-0.056058252375776885
ank_overpass,C1,ank_25_14,2,49,3.3228216403234296,64,2.8023619004145432,0.5204597399088864
ank_overpass,C1,ank_25_16,2,62,2.2137914659105653,54,2.356482357711994,-0.1426908918014287
ank_overpass,C1,ank_25_37,4,64,0.9774183824848728,71,1.7788730290956276,-0.8014546466107548
ank_overpass,C1,ank_26_21,3,33,1.795784736927634,38,2.741008096435464,-0.9452233595078299
ank_overpass,C1,ank_26_22,4,34,1.4511084947525639,37,1.8048671006640489,-0.353758605911485
ank_overpass,C1,ank_26_29,5,268,0.6784555752467405,266,0.7103899709716163,-0.031934395724875775
ank_overpass,C1,ank_26_3,4,82,2.0572131668393006,72,1.3866114865993708,0.6706016802399297
ank_overpass,C1,ank_26_35,2,31,3.963464676032872,42,2.986497538829277,0.9769671372035948
ank_overpass,C1,ank_26_5,5,109,1.262346383280457,119,1.2679324630592357,-0.005586079778778785
ank_overpass,C1,ank_27_14,1,46,3.32676515577663,55,3.184952558794532,0.1418125969820978
ank_overpass,C1,ank_27_40,2,55,2.0066907931385467,45,2.426731249392337,-0.4200404562537905
ank_overpass,C1,ank_28_27,3,46,1.2058058232148583,50,1.4729611851578275,-0.2671553619429692
ank_overpass,C1,ank_28_37,5,168,0.6890247266815857,167,0.6148310383329665,0.07419368834861917
ank_overpass,C1,ank_28_38,2,57,1.8089113863765078,47,1.7402209890911102,0.06869039728539761
ank_overpass,C1,ank_28_9,2,61,3.2514777036901146,46,3.169120050745941,0.08235765294417341
ank_overpass,C1,ank_29_0,5,99,1.6573863592628546,66,2.040294235224473,-0.38290787596161846
ank_overpass,C1,ank_29_11,1,39,3.9201409846796813,58,4.151796457092824,-0.23165547241314277
ank_overpass,C1,ank_29_21,3,42,3.3442240984586613,43,2.5917983095370074,0.7524257889216539
ank_overpass,C1,ank_29_24,4,138,0.7603600555934997,124,0.7622009988278138,-0.001840943234314052
ank_overpass,C1,ank_29_26,3,66,0.5075912262307025,81,0.8869290211240087,-0.3793377948933062
ank_overpass,C1,ank_2_12,3,83,2.0892458023085623,68,1.8488372706486023,0.24040853165996
ank_overpass,C1,ank_2_23,3,47,1.1068696770604356,58,1.1042515221722349,0.002618154888200719
ank_overpass,C1,ank_30_30,5,116,0.5896930900703201,124,0.5660784029817222,0.02361468708859793
ank_overpass,C1,ank_30_7,5,94,1.362091493663493,103,1.5469717650218764,-0.18488027135838347
ank_overpass,C1,ank_31_32,5,191,0.49678636989986197,198,0.5092138199390996,-0.012427450039237675
ank_overpass,C1,ank_31_7,5,111,0.8846542327983762,111,0.9334256799529206,-0.0487714471545444
ank_overpass,C1,ank_32_12,3,54,3.632335244197516,45,3.543639996974869,0.08869524722264677
ank_overpass,C1,ank_32_21,4,92,1.5257926301058762,88,0.9857569341239543,0.5400356959819219
ank_overpass,C1,ank_32_37,5,223,0.6304081431486254,220,0.610517702999386,0.019890440149239352
ank_overpass,C1,ank_33_25,5,210,0.6202781052345441,214,0.657771262057562,-0.037493156823017904
ank_overpass,C1,ank_33_3,5,118,1.1166591822689345,111,1.0181896766266023,0.09846950564233214
ank_overpass,C1,ank_33_34,5,324,0.5424473051046059,331,0.5404765875113329,0.0019707175932730525
ank_overpass,C1,ank_33_36,5,180,0.5342970622085568,191,0.5936773949009172,-0.05938033269236043
ank_overpass,C1,ank_34_11,5,93,1.305577756140291,92,1.3052032006098193,0.00037455553047172074
ank_overpass,C1,ank_34_15,5,87,1.5027135434323637,84,1.2473490565322642,0.2553644869000995
ank_overpass,C1,ank_34_21,5,46,0.5822019408758414,62,0.789317538417043,-0.20711559754120157
ank_overpass,C1,ank_34_30,5,186,0.6545693518706703,173,0.4695065329589796,0.18506281891169074
ank_overpass,C1,ank_35_11,5,107,1.13537807046299,104,1.0271082610721134,0.10826980939087671
ank_overpass,C1,ank_35_28,5,261,0.6421352024930166,254,0.6798286163993654,-0.03769341390634884
ank_overpass,C1,ank_35_39,3,56,1.255232832017434,67,1.7829067464602768,-0.5276739144428428
ank_overpass,C1,ank_35_7,4,70,1.4820878350921651,76,1.554328497374863,-0.07224066228269788
ank_overpass,C1,ank_36_40,1,38,3.142996408522137,51,3.650059680660775,-0.5070632721386379
ank_overpass,C1,ank_38_19,2,26,3.7812789622833574,31,3.4730099745568714,0.3082689877264859
ank_overpass,C1,ank_38_22,5,149,0.5513848400300516,146,0.5181827495305769,0.03320209049947476
ank_overpass,C1,ank_38_24,4,38,1.4520842634661304,56,1.7426444983471063,-0.29056023488097593
ank_overpass,C1,ank_38_27,4,66,1.6352939895055303,62,1.3532223503845628,0.28207163912096744
ank_overpass,C1,ank_38_40,2,47,1.8837890011203882,36,2.4207481155170854,-0.5369591143966972
ank_overpass,C1,ank_38_9,5,101,0.8975522430448993,97,0.8705936608907947,0.026958582154104627
ank_overpass,C1,ank_39_1,1,40,3.4460481315115383,48,3.52233105225224,-0.07628292074070187
ank_overpass,C1,ank_3_13,2,54,2.6333062638019737,52,2.8476216397629504,-0.2143153759609766
ank_overpass,C1,ank_3_25,1,42,3.826255851254273,38,3.611122189788926,0.21513366146534718
ank_overpass,C1,ank_3_29,1,14,3.415169045261221,17,3.3228252324658576,0.09234381279536352
ank_overpass,C1,ank_3_34,2,98,0.7787370644729729,79,0.8825105826507691,-0.10377351817779623
ank_overpass,C1,ank_3_39,4,38,2.4012810673777567,34,3.1616342918195315,-0.7603532244417748
ank_overpass,C1,ank_3_9,3,78,1.3776098466762978,70,1.6181411376305608,-0.24053129095426296
ank_overpass,C1,ank_40_19,4,112,0.6933477886213398,100,0.6238103362466808,0.06953745237465903
ank_overpass,C1,ank_40_2,2,39,2.8138204663804496,52,3.676383095929639,-0.8625626295491893
ank_overpass,C1,ank_40_40,1,39,4.187277467007624,25,4.8985907254702035,-0.7113132584625799
ank_overpass,C1,ank_41_0,2,65,2.9289902698753734,58,2.694807015210188,0.2341832546651852
ank_overpass,C1,ank_41_1,3,32,3.621173960696146,28,3.258922276424344,0.362251684271802
ank_overpass,C1,ank_41_19,2,30,3.4528937311446635,30,3.2279290834105385,0.22496464773412495
ank_overpass,C1,ank_41_40,1,25,3.1220630495489132,40,3.7981261846204033,-0.6760631350714901
ank_overpass,C1,ank_4_23,2,46,2.623782840514174,51,1.9134234272950694,0.7103594132191047
ank_overpass,C1,ank_4_41,2,44,1.7548389659898125,33,1.6784378294264015,0.07640113656341097
ank_overpass,C1,ank_5_12,4,133,0.9549162241938268,122,0.8135802292861791,0.1413359949076477
ank_overpass,C1,ank_5_40,1,17,4.030282876160859,21,3.303897163355096,0.7263857128057629
ank_overpass,C1,ank_5_5,4,71,1.5170890789388274,75,1.8508809953759344,-0.33379191643710704
ank_overpass,C1,ank_6_10,3,67,2.3440709260366988,62,3.1650110758835472,-0.8209401498468485
ank_overpass,C1,ank_6_38,1,14,3.2802292186966984,14,1.7171732668755078,1.5630559518211906
ank_overpass,C1,ank_7_36,1,12,2.6328696206210918,16,3.5360273125902575,-0.9031576919691657
ank_overpass,C1,ank_7_8,2,65,2.6737658511418543,93,2.96828132815535,-0.2945154770134959
ank_overpass,C1,ank_8_19,1,44,2.775204797306206,58,3.7406981138739654,-0.9654933165677595
ank_overpass,C1,ank_8_22,3,53,2.500354895030252,59,1.6303168483537058,0.870038046676546
ank_overpass,C1,ank_8_31,2,42,1.3580632889212905,29,1.0723421171749756,0.28572117174631484
ank_overpass,C1,ank_8_41,3,103,0.5982072726278403,105,0.5757830894320346,0.022424183195805747
ank_overpass,C1,ank_9_1,3,75,2.4090939618965677,71,2.7185992986954934,-0.3095053367989258
ank_overpass,C1,ank_9_24,2,62,1.6304410893697008,56,1.6436596880629888,-0.013218598693288008
ank_overpass,C1,ank_9_25,1,64,1.2853655495487404,47,0.9810368850975079,0.3043286644512325
ank_overpass,C2,ank_0_10,3,59,1.8933430463845085,65,1.0149354295487538,0.8784076168357546
ank_overpass,C2,ank_0_16,5,119,0.5657533616392761,104,0.47252132221180887,0.09323203942746727
ank_overpass,C2,ank_0_30,1,30,2.9970056618918166,24,3.3332707388128595,-0.3362650769210429
ank_overpass,C2,ank_0_41,2,48,0.8278190985205742,52,0.852308599360555,-0.024489500839980805
ank_overpass,C2,ank_10_1,4,152,0.5700150689963905,147,0.5526770785171392,0.01733799047925133
ank_overpass,C2,ank_11_14,4,78,0.42000304806566763,108,0.7247096211311514,-0.3047065730654838
ank_overpass,C2,ank_12_21,1,51,3.221521548360408,51,3.397959734278238,-0.17643818591783011
ank_overpass,C2,ank_12_28,1,23,2.873010886015946,27,3.848841754794837,-0.9758308687788912
ank_overpass,C2,ank_12_35,4,259,0.38874032381568036,238,0.3894968768595762,-0.0007565530438958246
ank_overpass,C2,ank_13_12,4,108,0.7306940043299506,113,0.6454909229298132,0.08520308140013733
ank_overpass,C2,ank_13_17,1,62,0.9343591011424437,62,0.964220494130793,-0.029861392988349333
ank_overpass,C2,ank_13_21,1,48,2.927483204545431,51,2.295003023831257,0.632480180714174
ank_overpass,C2,ank_13_29,2,49,1.2610798047562135,42,1.2977392237636407,-0.036659419007427196
ank_overpass,C2,ank_13_34,1,30,3.163614211128997,27,2.011038390603862,1.152575820525135
ank_overpass,C2,ank_13_6,4,159,0.5303171621248647,160,0.549861279880622,-0.019544117755757262
ank_overpass,C2,ank_14_33,2,69,0.8737022805883289,57,0.8383305996689803,0.035371680919348614
ank_overpass,C2,ank_14_9,4,76,0.6463781660413469,80,0.6485802274215127,-0.002202061380165765
ank_overpass,C2,ank_15_22,2,64,1.5373878306092903,65,1.437723933263442,0.09966389734584835
ank_overpass,C2,ank_15_41,1,54,1.8685107758242436,50,2.158739563584745,-0.2902287877605012
ank_overpass,C2,ank_15_6,4,173,0.49574760457426287,149,0.4067527448949116,0.08899485967935128
ank_overpass,C2,ank_16_36,1,29,3.6381001932726287,21,4.4455966582722155,-0.8074964649995868
ank_overpass,C2,ank_16_9,4,104,0.647032870890092,107,0.5965021210382703,0.05053074985182171
ank_overpass,C2,ank_17_17,1,48,2.2249762175818866,47,2.4565176045191808,-0.2315413869372942
ank_overpass,C2,ank_17_19,3,81,1.4547173426075735,75,1.5540510179125655,-0.09933367530499204
ank_overpass,C2,ank_17_22,3,59,2.436016577019893,44,2.8998233821508883,-0.46380680513099515
ank_overpass,C2,ank_17_31,3,181,0.4759749762074582,174,0.463506591990411,0.012468384217047213
ank_overpass,C2,ank_17_32,1,49,1.3901301690211014,62,1.6304446953954774,-0.240314526374376
ank_overpass,C2,ank_18_16,3,56,1.3997016071516457,75,1.6438518935143716,-0.24415028636272584
ank_overpass,C2,ank_18_27,2,34,2.8526297492018102,56,2.0615035801848896,0.7911261690169207
ank_overpass,C2,ank_18_29,3,73,0.602766735854335,90,0.6444990082902755,-0.041732272435940465
ank_overpass,C2,ank_18_37,4,73,0.7616915141270382,61,0.6414900432654511,0.12020147086158706
ank_overpass,C2,ank_18_39,3,74,0.3542390399879385,94,0.37145176289437043,-0.017212722906431943
ank_overpass,C2,ank_18_7,4,99,0.994606737317911,97,1.0566053411372716,-0.06199860381936051
ank_overpass,C2,ank_19_15,4,89,0.7503774578882232,87,0.6917285183317134,0.05864893955650974
ank_overpass,C2,ank_19_33,1,21,3.1844235639279135,22,3.0054539192172838,0.1789696447106297
ank_overpass,C2,ank_19_6,2,70,1.517849608599052,67,1.809936806564279,-0.29208719796522686
ank_overpass,C2,ank_19_9,2,80,1.0883908442763572,70,1.218575961849944,-0.13018511757358686
ank_overpass,C2,ank_1_34,3,65,1.3337006790844992,67,1.1522021121657353,0.18149856691876387
ank_overpass,C2,ank_20_10,3,154,0.3526754636757195,159,0.3896793071403552,-0.0370038434646357
ank_overpass,C2,ank_20_19,1,47,2.480673387219456,54,2.6371502190734697,-0.15647683185401373
ank_overpass,C2,ank_20_37,5,220,0.5535523417658168,212,0.5427697294529179,0.010782612312898898
ank_overpass,C2,ank_20_6,3,82,2.282945218864937,72,2.13764460759085,0.1453006112740871
ank_overpass,C2,ank_22_10,5,146,0.5704976640958194,136,0.5543922085525592,0.01610545554326015
ank_overpass,C2,ank_22_16,2,53,2.290151825385935,50,1.7442415879349185,0.5459102374510165
ank_overpass,C2,ank_22_37,4,74,0.911530912123917,83,0.8014649420011895,0.11006597012272756
ank_overpass,C2,ank_23_14,3,66,1.9200323950279172,54,1.3776934986856795,0.5423388963422378
ank_overpass,C2,ank_23_28,5,157,0.4548754922612453,155,0.498807715306869,-0.04393222304562372
ank_overpass,C2,ank_24_0,4,119,1.0579917247117898,111,1.4460434049118405,-0.38805168020005065
ank_overpass,C2,ank_24_12,3,49,1.0461824388204792,50,1.2868688590858692,-0.24068642026539
ank_overpass,C2,ank_24_14,4,98,0.44385929782507394,102,0.44201151612031375,0.0018477817047601874
ank_overpass,C2,ank_24_3,1,36,3.056939015432423,43,2.876906504640699,0.18003251079172422
ank_overpass,C2,ank_25_1,5,146,0.9340143300834918,153,1.0383937622918609,-0.1043794322083691
ank_overpass,C2,ank_25_14,2,66,1.9564020036408936,50,1.832869866277535,0.12353213736335866
ank_overpass,C2,ank_25_16,2,67,1.5651225412027403,68,1.421940598874978,0.14318194232776227
ank_overpass,C2,ank_25_37,4,72,0.8112473524803356,70,0.9257038907413375,-0.11445653826100188
ank_overpass,C2,ank_26_21,3,48,0.7872258167977348,51,1.171065405570968,-0.3838395887732331
ank_overpass,C2,ank_26_22,4,58,1.014775037577468,60,0.8392594316257415,0.17551560595172655
ank_overpass,C2,ank_26_29,5,371,0.56224669052259,359,0.5876671279014386,-0.02542043737884858
ank_overpass,C2,ank_26_3,4,129,0.9819427492324456,128,0.9629204580780959,0.019022291154349724
ank_overpass,C2,ank_26_35,2,41,3.2639192150773844,34,3.2018816668050816,0.06203754827230279
ank_overpass,C2,ank_26_5,5,127,0.6039728934588144,130,0.5950375362536717,0.008935357205142713
ank_overpass,C2,ank_27_14,1,49,3.5474569734390915,44,3.4291154478350037,0.11834152560408784
ank_overpass,C2,ank_27_40,2,45,2.827777615732956,44,2.3217661225981487,0.5060114931348072
ank_overpass,C2,ank_28_27,3,48,0.6073243487054834,60,0.9845557307574623,-0.3772313820519789
ank_overpass,C2,ank_28_37,5,202,0.6240364415045485,193,0.6296833170354083,-0.005646875530859741
ank_overpass,C2,ank_28_38,2,54,1.3096288650917396,47,1.3084428805012849,0.001185984590454714
ank_overpass,C2,ank_28_9,2,55,2.8125072210086945,61,3.210338767809523,-0.39783154680082866
ank_overpass,C2,ank_29_0,5,96,1.0153677948027022,76,0.7971331919736093,0.2182346028290929
ank_overpass,C2,ank_29_11,1,37,2.6992763227714724,41,2.471419976003354,0.22785634676811828
ank_overpass,C2,ank_29_21,3,53,2.078846885889871,51,1.5662013462394404,0.5126455396504308
ank_overpass,C2,ank_29_24,4,205,0.6244453496357358,189,0.603242388673271,0.02120296096246488
ank_overpass,C2,ank_29_26,3,86,0.5469232182492437,95,0.5766254405118678,-0.02970222226262409
ank_overpass,C2,ank_2_12,3,83,0.7293566182240182,101,1.019406210690357,-0.29004959246633877
ank_overpass,C2,ank_2_23,3,73,0.6029889250644384,76,0.7439869514642954,-0.14099802639985703
ank_overpass,C2,ank_30_30,5,200,0.42464244207681473,187,0.4208278448282339,0.0038145972485808533
ank_overpass,C2,ank_30_7,5,139,0.713573189493229,142,0.7097965821920265,0.0037766073012025503
ank_overpass,C2,ank_31_32,5,294,0.5088251566798314,293,0.5022574856319099,0.006567671047921553
ank_overpass,C2,ank_31_7,5,187,0.4507249288191257,197,0.5079265007148945,-0.057201571895768855
ank_overpass,C2,ank_32_12,3,55,3.285881297975476,75,3.0559965295657636,0.2298847684097125
ank_overpass,C2,ank_32_21,4,111,0.9220523358897007,109,0.8356272521166039,0.08642508377309677
ank_overpass,C2,ank_32_37,5,313,0.5586976575656457,316,0.5673116742253552,-0.008614016659709511
ank_overpass,C2,ank_33_25,5,256,0.5213787226958132,266,0.5298101854786792,-0.008431462782865995
ank_overpass,C2,ank_33_3,5,212,0.5471206213625901,207,0.5285886818562793,0.018531939506310824
ank_overpass,C2,ank_33_34,5,472,0.4648879338412188,479,0.4556633313755585,0.009224602465660314
ank_overpass,C2,ank_33_36,5,282,0.4723546140267767,279,0.4499446465866023,0.022409967440174372
ank_overpass,C2,ank_34_11,5,195,0.5572027501656682,196,0.5816693339855743,-0.024466583819906074
ank_overpass,C2,ank_34_15,5,71,0.8501640544495985,85,0.8399524116853312,0.010211642764267337
ank_overpass,C2,ank_34_21,5,103,0.5847591646537059,84,0.5083716019979065,0.07638756265579938
ank_overpass,C2,ank_34_30,5,309,0.5290977148880781,312,0.5414120876482644,-0.01231437276018632
ank_overpass,C2,ank_35_11,5,175,0.6010795271602599,185,0.5524479629337832,0.04863156422647674
ank_overpass,C2,ank_35_28,5,378,0.48638676085612664,408,0.4771187690581181,0.009267991798008524
ank_overpass,C2,ank_35_39,3,78,0.8152445407071145,69,0.5906188320969932,0.22462570861012132
ank_overpass,C2,ank_35_7,4,103,0.6580782824203902,118,0.7383310369848441,-0.08025275456445391
ank_overpass,C2,ank_36_40,1,46,2.24247999737008,54,2.98641088364331,-0.7439308862732297
ank_overpass,C2,ank_38_19,2,21,3.0041569453106356,27,2.794818809823465,0.20933813548717062
ank_overpass,C2,ank_38_22,5,223,0.48534319087480077,214,0.48693306291153127,-0.0015898720367304997
ank_overpass,C2,ank_38_24,4,65,0.8680094323985327,65,0.9282048402109847,-0.06019540781245203
ank_overpass,C2,ank_38_27,4,94,1.1429021282880285,72,1.1399744536200602,0.002927674667968283
ank_overpass,C2,ank_38_40,2,44,1.2313957637585191,53,1.6101347386064622,-0.37873897484794306
ank_overpass,C2,ank_38_9,5,143,0.626758383595855,147,0.5841616985271202,0.04259668506873482
ank_overpass,C2,ank_39_1,1,39,3.115346640530456,55,2.835716256757162,0.2796303837732941
ank_overpass,C2,ank_3_13,2,74,1.0251438548690066,67,0.858501258776104,0.16664259609290266
ank_overpass,C2,ank_3_25,1,51,1.8767799732248203,59,2.134243111707038,-0.2574631384822177
ank_overpass,C2,ank_3_29,1,16,3.4802420360786828,21,3.2257911038026514,0.2544509322760313
ank_overpass,C2,ank_3_34,2,114,0.5672926259530058,116,0.47484226942331687,0.09245035652968892
ank_overpass,C2,ank_3_39,4,42,1.0392649861959908,32,0.9126096484876194,0.12665533770837145
ank_overpass,C2,ank_3_9,3,99,1.0843376152743074,98,1.2664108313485707,-0.1820732160742633
ank_overpass,C2,ank_40_19,4,121,0.4554163953032989,124,0.5374124268001217,-0.08199603149682277
ank_overpass,C2,ank_40_2,2,45,2.8410625494033126,46,2.018987517103441,0.8220750322998716
ank_overpass,C2,ank_40_40,1,41,3.4766463504602423,57,2.3306649661876757,1.1459813842725666
ank_overpass,C2,ank_41_0,2,51,0.9492987639998867,70,1.244248917733641,-0.29495015373375444
ank_overpass,C2,ank_41_1,3,50,2.198410257503643,43,2.419860540518488,-0.22145028301484526
ank_overpass,C2,ank_41_19,2,40,2.4175903137597965,35,1.994165439008134,0.42342487475166246
ank_overpass,C2,ank_41_40,1,34,3.230777161008101,26,2.9209696535974383,0.30980750741066254
ank_overpass,C2,ank_4_23,2,49,0.9618303652023313,49,2.0125235894090783,-1.0506932242067468
ank_overpass,C2,ank_4_41,2,46,0.8207742172487145,53,0.9435229697365307,-0.12274875248781625
ank_overpass,C2,ank_5_12,4,180,0.34610718014991093,208,0.33958030474994416,0.0065268753999667695
ank_overpass,C2,ank_5_40,1,15,3.9435755017995584,14,3.8096591401636033,0.1339163616359551
ank_overpass,C2,ank_5_5,4,119,0.3941861501438371,123,0.45612895495689376,-0.06194280481305664
ank_overpass,C2,ank_6_10,3,100,1.6317113999543855,98,1.2379506487353265,0.39376075121905907
ank_overpass,C2,ank_6_38,1,14,1.9924031638979276,15,2.2799928841208623,-0.2875897202229347
ank_overpass,C2,ank_7_36,1,18,3.972645647451416,24,4.345727543799041,-0.37308189634762456
ank_overpass,C2,ank_7_8,2,96,0.7127000211378243,118,1.1034106780833217,-0.39071065694549745
ank_overpass,C2,ank_8_19,1,39,2.4623557045675226,44,2.402369667511601,0.05998603705592176
ank_overpass,C2,ank_8_22,3,76,0.7810623069625298,80,0.7714347745845727,0.009627532377957104
ank_overpass,C2,ank_8_31,2,40,1.8861233112132212,44,1.940852646874725,-0.05472933566150373
ank_overpass,C2,ank_8_41,3,135,0.4203735791073559,131,0.43596708069896345,-0.01559350159160755
ank_overpass,C2,ank_9_1,3,70,1.2069057173124733,70,1.3129314551422484,-0.10602573782977509
ank_overpass,C2,ank_9_24,2,82,0.5956319044898825,77,0.7517423633072704,-0.15611045881738794
ank_overpass,C2,ank_9_25,1,83,0.4037781575297987,76,0.45463092039675185,-0.05085276286695317
ank_prod,pretrained,ank_0_30,1,30,3.8980101297314445,17,4.8414673808826905,-0.943457251151246
ank_prod,pretrained,ank_13_34,1,31,3.5518637818180046,22,3.2156987228443468,0.3361650589736578
ank_prod,pretrained,ank_13_6,4,69,3.3593227106526364,69,2.9579336458362278,0.4013890648164087
ank_prod,pretrained,ank_17_22,3,56,2.526367848426603,42,3.387724257257142,-0.8613564088305394
ank_prod,pretrained,ank_18_7,4,48,2.4180029241400094,64,3.1400245759318217,-0.7220216517918123
ank_prod,pretrained,ank_20_6,3,62,2.4857953553747745,57,2.672259136558558,-0.1864637811837837
ank_prod,pretrained,ank_22_16,2,35,3.2508883170832896,38,2.0977976830942238,1.1530906339890659
ank_prod,pretrained,ank_22_37,4,35,2.1801216068445,39,2.758215287093172,-0.578093680248672
ank_prod,pretrained,ank_24_3,1,70,3.4541180460581726,51,3.061256687838505,0.3928613582196676
ank_prod,pretrained,ank_25_16,2,64,3.8783873323331948,46,3.0794028377864553,0.7989844945467395
ank_prod,pretrained,ank_26_3,4,54,4.018407894439534,59,3.5546826152505067,0.4637252791890272
ank_prod,pretrained,ank_26_5,5,56,3.0935653518388886,57,2.6331931305740945,0.46037222126479405
ank_prod,pretrained,ank_27_14,1,52,3.5055919472141817,49,2.883961166734424,0.6216307804797578
ank_prod,pretrained,ank_29_21,3,44,2.3123094525511254,49,2.126934046167584,0.18537540638354155
ank_prod,pretrained,ank_2_12,3,57,2.8702387088506285,60,2.6425700444679254,0.22766866438270306
ank_prod,pretrained,ank_33_3,5,75,1.9225118225986337,89,2.0122761375326523,-0.0897643149340186
ank_prod,pretrained,ank_33_34,5,154,0.9824348886307955,160,1.0790754956524875,-0.09664060702169197
ank_prod,pretrained,ank_34_11,5,80,2.634327437787265,63,2.2269973521278335,0.4073300856594315
ank_prod,pretrained,ank_35_11,5,76,2.1841838435721233,88,1.8485702724897126,0.33561357108241063
ank_prod,pretrained,ank_38_22,5,75,0.9022081367648376,69,1.0098227960069368,-0.10761465924209923
ank_prod,pretrained,ank_3_13,2,52,3.1671878289952864,36,2.7434119565127255,0.4237758724825609
ank_prod,pretrained,ank_4_41,2,27,3.7744882450844037,35,3.258429125928026,0.5160591191563779
ank_prod,pretrained,ank_5_12,4,44,2.506922092168562,47,2.6451180702261627,-0.13819597805760075
ank_prod,pretrained,ank_5_5,4,77,1.255284688074772,94,1.81880516385875,-0.563520475783978
ank_prod,pretrained,ank_6_10,3,73,3.4220639401911135,79,3.431307052821445,-0.009243112630331396
ank_prod,pretrained,ank_7_36,1,17,3.723980991691523,10,3.3991016135090293,0.3248793781824939
ank_prod,pretrained,ank_7_8,2,65,3.0288999768793703,55,3.1360218893090797,-0.10712191242970937
ank_prod,pretrained,ank_8_31,2,28,2.298136052893732,37,2.4382662937162567,-0.14013024082252468
ank_prod,pretrained,ank_9_1,3,43,3.267207517546503,45,3.018522204442646,0.2486853131038571
ank_prod,pretrained,ank_9_25,1,42,3.824882657304112,31,3.9722412911911693,-0.14735863388705717
ank_prod,C1,ank_0_30,1,36,4.716528216244605,46,3.8844973145883244,0.8320309016562804
ank_prod,C1,ank_13_34,1,26,4.030608180793786,24,4.115992038754518,-0.085383857960732
ank_prod,C1,ank_13_6,4,60,3.2793660205424127,58,2.890151981591886,0.38921403895052675
ank_prod,C1,ank_17_22,3,48,3.140925843866915,56,2.63501762102078,0.5059082228461351
ank_prod,C1,ank_18_7,4,92,1.1583029602894648,78,1.3648258707163357,-0.20652291042687088
ank_prod,C1,ank_20_6,3,55,3.5249093664584414,52,3.1155518285821246,0.4093575378763168
ank_prod,C1,ank_22_16,2,45,3.2846361722487365,38,3.3873727153216793,-0.10273654307294278
ank_prod,C1,ank_22_37,4,42,1.1006907166520277,46,0.9895936693478874,0.11109704730414027
ank_prod,C1,ank_24_3,1,55,2.923374120379285,47,2.9790160164405313,-0.05564189606124614
ank_prod,C1,ank_25_16,2,59,2.2551840131777494,76,2.3495239917562407,-0.0943399785784913
ank_prod,C1,ank_26_3,4,50,2.8535021517348262,58,2.8354903167224585,0.018011835012367694
ank_prod,C1,ank_26_5,5,79,2.713208436391176,55,3.262928009418309,-0.5497195730271329
ank_prod,C1,ank_27_14,1,52,3.917333949716302,57,3.8961734568903266,0.021160492825975652
ank_prod,C1,ank_29_21,3,35,2.812679575095217,62,2.390226123554418,0.42245345154079894
ank_prod,C1,ank_2_12,3,64,2.6729858364004078,61,3.0097279634972063,-0.3367421270967985
ank_prod,C1,ank_33_3,5,81,1.4873965586679465,97,1.6055775844826907,-0.11818102581474421
ank_prod,C1,ank_33_34,5,315,0.5331693142087918,308,0.5231556073037161,0.010013706905075637
ank_prod,C1,ank_34_11,5,65,2.0941750284805383,62,1.4781463626939157,0.6160286657866225
ank_prod,C1,ank_35_11,5,67,2.278209703125092,75,2.696261881183126,-0.41805217805803396
ank_prod,C1,ank_38_22,5,139,0.5513158747424679,157,0.5999489877946412,-0.04863311305217333
ank_prod,C1,ank_3_13,2,53,2.6904007010964466,51,2.483880300616155,0.2065204004802914
ank_prod,C1,ank_4_41,2,40,1.7791538461062948,40,1.4256736877197302,0.35348015838656455
ank_prod,C1,ank_5_12,4,49,2.56853249218567,62,3.4273489824506664,-0.8588164902649966
ank_prod,C1,ank_5_5,4,88,2.3826780029702044,66,2.2250065615171932,0.15767144145301115
ank_prod,C1,ank_6_10,3,54,3.0726309481740834,68,3.143394796863925,-0.07076384868984142
ank_prod,C1,ank_7_36,1,17,4.484830997653515,13,4.653039648881462,-0.16820865122794704
ank_prod,C1,ank_7_8,2,53,3.2254955421823746,61,2.926076469759572,0.29941907242280275
ank_prod,C1,ank_8_31,2,32,1.2902094179150234,46,1.9905224415695928,-0.7003130236545694
ank_prod,C1,ank_9_1,3,47,3.2587554387146134,49,3.4849930636638073,-0.22623762494919397
ank_prod,C1,ank_9_25,1,68,1.386504097189651,71,1.5276128145019012,-0.14110871731225028
ank_prod,C2,ank_0_30,1,31,1.7646579007281429,30,2.5517616081742593,-0.7871037074461165
ank_prod,C2,ank_13_34,1,29,3.004136732132372,40,3.7655673917065577,-0.7614306595741858
ank_prod,C2,ank_13_6,4,67,2.8073337622082364,72,2.9307969346416067,-0.12346317243337035
ank_prod,C2,ank_17_22,3,54,2.511910135133415,59,2.4900225436319445,0.02188759150147046
ank_prod,C2,ank_18_7,4,96,0.9843436933898491,117,1.1430555732680454,-0.15871187987819635
ank_prod,C2,ank_20_6,3,63,2.2183497857056675,78,2.089468954730508,0.12888083097515945
ank_prod,C2,ank_22_16,2,47,2.048340710966739,38,2.2710769005111375,-0.22273618954439867
ank_prod,C2,ank_22_37,4,84,0.9635038306266193,69,1.2473397809753042,-0.2838359503486849
ank_prod,C2,ank_24_3,1,41,2.7906004960167548,45,2.880660169492453,-0.09005967347569843
ank_prod,C2,ank_25_16,2,71,1.3379775877627766,66,1.5470230251809785,-0.2090454374182018
ank_prod,C2,ank_26_3,4,42,2.6355080902826202,51,2.6794520016949757,-0.04394391141235543
ank_prod,C2,ank_26_5,5,79,1.4246860740772795,70,1.771514755490435,-0.34682868141315537
ank_prod,C2,ank_27_14,1,42,3.941502673244126,42,3.803550323392966,0.1379523498511599
ank_prod,C2,ank_29_21,3,48,1.4468139109165892,55,2.51597180622041,-1.0691578953038208
ank_prod,C2,ank_2_12,3,61,3.362535836250018,67,3.0391000504295054,0.3234357858205126
ank_prod,C2,ank_33_3,5,142,0.7357415015768868,132,0.6473852627740159,0.08835623880287091
ank_prod,C2,ank_33_34,5,478,0.4606835713757036,463,0.4652636384359599,-0.004580067060256321
ank_prod,C2,ank_34_11,5,83,1.5121251910997564,84,1.7315634257663857,-0.21943823466662926
ank_prod,C2,ank_35_11,5,100,2.007902749770201,85,1.6546421703317005,0.35326057943850064
ank_prod,C2,ank_38_22,5,222,0.4878230273853216,218,0.49562251833279464,-0.0077994909474730645
ank_prod,C2,ank_3_13,2,64,0.8231178277897644,71,0.7887851169320125,0.034332710857751914
ank_prod,C2,ank_4_41,2,48,0.612934610942024,54,0.9304627140157538,-0.3175281030737298
ank_prod,C2,ank_5_12,4,89,0.5064273310038664,100,0.5471360710803629,-0.0407087400764965
ank_prod,C2,ank_5_5,4,104,0.398912900020851,132,0.5065541064541919,-0.10764120643334085
ank_prod,C2,ank_6_10,3,50,3.652423520255083,54,3.391031125717898,0.261392394537185
ank_prod,C2,ank_7_36,1,21,4.024272979805642,17,3.693449856016195,0.3308231237894468
ank_prod,C2,ank_7_8,2,56,3.207897477449948,69,2.725265889175282,0.4826315882746659
ank_prod,C2,ank_8_31,2,51,1.7892041699480385,49,2.0133252116034037,-0.22412104165536517
ank_prod,C2,ank_9_1,3,47,2.539287321387263,38,3.351014458169785,-0.8117271367825221
ank_prod,C2,ank_9_25,1,72,0.43550625562672285,77,0.4466260747549374,-0.011119819128214525
eu,C1,30SVJ_0796_00,1,23,5.140333133759897,20,4.084763981284789,1.0555691524751083
eu,C1,30SVJ_1711_00,1,16,6.410404756689218,21,4.311706679353666,2.098698077335552
eu,C1,30TVK_0841_00,1,22,4.340327293593437,18,2.933752776242219,1.4065745173512179
eu,C1,30TVK_1026_00,4,54,3.1039938821691746,62,3.383574859049002,-0.2795809768798274
eu,C1,30TVK_1126_00,1,24,2.7519392089741173,27,4.23384245046707,-1.4819032414929527
eu,C1,30TVK_1289_00,4,68,2.7428916500049874,66,2.9653044152808246,-0.2224127652758372
eu,C1,30TVK_1386_00,1,25,2.5139387401073736,37,3.5907122157179696,-1.076773475610596
eu,C1,30TVK_1390_00,1,26,5.185744156485594,19,4.3054251384860756,0.8803190179995184
eu,C1,30TVK_1486_00,5,62,3.0816799065167917,81,3.094721029248058,-0.013041122731266341
eu,C1,30TVK_1697_00,1,26,3.919489559101604,28,3.423640443702657,0.49584911539894705
eu,C1,30TVK_2306_00,3,33,2.998429050342877,33,3.066334884926596,-0.06790583458371868
eu,C1,30TVK_2317_00,4,30,2.8268935648487994,31,3.048973369777986,-0.22207980492918677
eu,C1,30TVK_2377_00,5,67,2.022446202895091,74,2.2936694495229166,-0.2712232466278257
eu,C1,30TVK_2512_00,1,27,4.545472485515807,24,4.872034606906705,-0.32656212139089735
eu,C1,30TXP_0408_00,1,50,3.284065139894052,60,2.625027497852999,0.6590376420410529
eu,C1,30TXP_0411_00,2,69,2.918272175641575,63,3.3198005477560035,-0.4015283721144285
eu,C1,30TXP_0787_00,2,58,2.6824030376727754,51,2.673070610514225,0.009332427158550427
eu,C1,30TXP_1048_00,2,45,3.14502057341381,49,2.8772614857041616,0.2677590877096483
eu,C1,30TXQ_0830_00,1,64,2.768249103180981,49,3.174724366121257,-0.40647526294027614
eu,C1,30TXQ_0896_00,2,43,3.7439228889341454,48,3.2851630502819615,0.45875983865218384
eu,C1,30TXQ_0902_00,4,73,1.6365965869660177,82,2.3383909693019653,-0.7017943823359476
eu,C1,30TXQ_0911_00,5,113,0.9749840701969507,117,1.006692196786709,-0.03170812658975841
eu,C1,30TXQ_0934_00,5,109,1.189286958528888,106,1.1744909118031488,0.014796046725739309
eu,C1,30TYQ_1071_00,1,51,3.932935959557741,44,3.262884143955023,0.6700518156027178
eu,C1,30UYC_0046_00,5,113,0.526060169129999,109,0.6261509666526635,-0.10009079752266448
eu,C1,30UYC_0100_00,4,60,1.9267576804138562,57,2.745020869296474,-0.818263188882618
eu,C1,30UYC_0245_00,3,39,2.1022459879078497,41,2.9156862688347287,-0.813440280926879
eu,C1,30UYC_0687_00,1,38,2.572852110800398,53,2.9712463704090917,-0.3983942596086938
eu,C1,30UYC_0725_00,3,56,1.728381803444806,59,2.3153646387113387,-0.5869828352665327
eu,C1,30UYD_0119_00,2,39,4.325003933619853,37,3.5816839528353697,0.7433199807844835
eu,C1,30UYD_1432_00,3,39,2.7474409891824303,33,2.8996630171802966,-0.15222202799786633
eu,C1,31TCJ_0091_00,2,28,3.7609698653450154,39,4.932053830431813,-1.1710839650867975
eu,C1,31TCJ_0672_00,3,40,2.5682308853582594,47,2.032335738935977,0.5358951464222823
eu,C1,31TCJ_1037_00,5,84,1.436731853127541,82,1.3773605643146727,0.05937128881286835
eu,C1,31TCJ_1340_00,4,45,1.731750252000332,54,1.8776235926851501,-0.14587334068481805
eu,C1,31TCJ_1353_00,4,73,1.9082399234290273,60,1.5726537471342357,0.3355861762947916
eu,C1,31TCJ_1375_00,3,63,3.840945841248137,58,3.9689295356440537,-0.12798369439591673
eu,C1,31TCM_0023_00,4,54,2.4872787631474282,56,1.8666413386867824,0.6206374244606458
eu,C1,31TCM_0853_00,5,86,1.3315352834667769,98,1.2970344631543886,0.034500820312388214
eu,C1,31TCM_1060_00,3,63,1.9187944165587503,74,2.421310240712276,-0.5025158241535257
eu,C1,31TCM_1094_00,5,77,1.3689145996902314,53,1.0941032589397586,0.27481134075047287
eu,C1,31TCM_1192_00,4,78,1.4231293546769064,100,2.086759112752903,-0.6636297580759964
eu,C1,31TCM_1717_00,4,52,2.7194782294378133,55,2.3193725057756116,0.40010572366220165
eu,C1,31TCM_1743_00,5,99,1.544621618780089,99,1.0673588125693843,0.4772628062107047
eu,C1,31TCM_2040_00,3,33,2.449603764911857,42,2.974706128353217,-0.5251023634413596
eu,C1,31TCN_1555_00,3,43,2.7262741053553747,38,2.2200415056074148,0.50623259974796
eu,C1,31TCN_1803_00,2,35,3.0384495410001002,26,2.126834469895498,0.911615071104602
eu,C1,31TFH_0022_00,5,123,0.9119011774712453,126,0.872547858699374,0.039353318771871315
eu,C1,31TFJ_1359_00,5,220,0.6817230437580633,212,0.6590589172421333,0.022664126515929972
eu,C1,31TGH_0053_00,5,115,0.8239791667319258,106,0.8720016248552636,-0.04802245812333772
eu,C1,31TGH_0153_00,3,48,2.2185360654770196,59,2.9255727976052355,-0.7070367321282158
eu,C1,31TGJ_0274_00,5,94,1.1560703630263949,101,1.2086590138494537,-0.05258865082305886
eu,C1,31TGJ_0550_00,2,47,3.199574186209754,52,2.8366421181268393,0.36293206808291467
eu,C1,31TGJ_0811_00,4,56,1.777020025022709,54,2.2068601428243806,-0.42984011780167153
eu,C1,31TGJ_0814_00,1,63,3.165935599308413,61,3.6892927940464517,-0.5233571947380389
eu,C1,31TGJ_0831_00,3,72,2.345749838138618,65,2.523532831888083,-0.17778299374946505
eu,C1,31TGJ_1054_00,3,61,3.101075874632359,52,2.0692752368520844,1.0318006377802744
eu,C1,31TGJ_1156_00,5,77,0.6865577478651096,78,0.7195207041335983,-0.03296295626848866
eu,C1,31TGJ_1189_00,5,86,1.1503895995709346,93,1.4486889135046386,-0.298299313933704
eu,C1,31TGK_0015_00,3,47,2.1471384640750464,51,2.705317599120988,-0.5581791350459415
eu,C1,31TGK_1163_00,2,45,2.9264690181747763,59,2.639397154443526,0.28707186373125015
eu,C1,31UCQ_0211_00,5,105,1.0915634332264033,109,1.1700707956588934,-0.07850736243249012
eu,C1,31UCQ_0249_00,3,41,1.1544030961723264,40,1.9660606034613113,-0.8116575072889849
eu,C1,31UCQ_1476_00,2,52,2.969007180568017,40,2.8475334962588272,0.1214736843091897
eu,C1,31UDP_0247_00,1,39,3.9606296651795585,39,3.357501017956398,0.6031286472231603
eu,C1,31UDQ_0751_00,2,40,2.355430280490066,28,3.903635011037705,-1.548204730547639
eu,C1,31UDQ_1914_00,4,46,2.268986993518493,44,2.713906067227225,-0.4449190737087316
eu,C1,31UDQ_2521_00,5,150,0.7894131233290855,142,0.8249341255323563,-0.03552100220327081
eu,C1,31UFQ_0566_00,3,59,1.959687781087312,48,2.6793276302315086,-0.7196398491441967
eu,C1,31UFQ_0574_00,2,48,2.942039307918043,50,3.0453648107244806,-0.10332550280643771
eu,C1,31UFQ_1482_00,2,26,2.9097004708522256,34,3.321254921042737,-0.4115544501905113
eu,C1,31UFS_0030_00,4,32,1.8935939656640277,53,2.1836660899175637,-0.290072124253536
eu,C1,31UFS_0938_00,4,42,1.1059012799461505,36,2.4351454186505412,-1.3292441387043907
eu,C1,31UFS_1028_00,5,278,0.7222087081534254,275,0.7191331039380339,0.0030756042153915475
eu,C1,31UFS_1127_00,5,76,1.4245409782625702,67,1.8850025531393213,-0.4604615748767511
eu,C1,31UFS_2358_00,4,62,1.4796638363646715,66,1.6070454982666278,-0.12738166190195632
eu,C1,32ULA_0661_00,5,173,0.6215779946310173,193,0.7107235228598667,-0.08914552822884947
eu,C1,32ULC_1573_00,5,103,0.6174784646114936,104,0.6843258391708451,-0.06684737455935152
eu,C1,32UMA_0976_00,3,55,2.123045362043508,64,2.474758102361081,-0.35171274031757305
eu,C1,32UMC_0051_00,4,51,2.079040381281636,44,1.730413151131042,0.34862723015059394
eu,C1,32UMC_0836_00,5,154,0.6762082397908273,127,0.6990088589587838,-0.022800619167956504
eu,C1,32UMC_1241_00,4,56,1.733344389754381,59,2.069321879844816,-0.3359774900904351
eu,C1,32UMC_1688_00,4,79,0.9865744257471876,83,1.2780685633170465,-0.291494137569859
eu,C1,32UMC_2029_00,4,64,1.7771669080079153,52,1.7542249095716955,0.0229419984362198
eu,C1,32UNE_1359_00,4,40,1.9179438935576232,58,1.8273297309128607,0.09061416264476252
eu,C1,32UNE_1364_00,3,54,1.8786580164045728,55,2.231781181032316,-0.3531231646277433
eu,C1,32UNE_2091_00,4,87,1.9817049069422024,73,1.153399409620086,0.8283054973221164
eu,C1,32UNE_2132_00,5,108,1.0269482668234167,105,1.1468242141532383,-0.11987594732982165
eu,C1,32UPA_0047_00,1,59,2.9030391938547435,49,2.808530704057659,0.09450848979708448
eu,C1,32UPA_1016_00,5,94,0.9845708924301118,98,0.9558237106033305,0.028747181826781265
eu,C1,32UPA_1036_00,3,65,1.8742580488222238,72,1.8583191787227267,0.015938870099497127
eu,C1,32UPA_1085_00,3,83,2.357296350612449,60,2.820417830301789,-0.4631214796893399
eu,C1,32UPA_1861_00,2,56,2.7896620505880527,65,2.9359594181632094,-0.14629736757515666
eu,C1,32UPA_1883_00,2,55,3.0087709732279078,58,2.729774741593057,0.27899623163485066
eu,C1,32UPA_1911_00,2,67,2.55113111377382,71,2.7424548948344336,-0.19132378106061365
eu,C1,32UPA_2227_00,4,76,1.1449308053113882,81,1.2282310358285895,-0.08330023051720126
eu,C1,32UPB_1109_00,3,58,1.088173729931122,56,1.1415028091268165,-0.05332907919569441
eu,C1,33TVN_1850_00,2,80,2.09208065274962,78,2.4478277290127908,-0.3557470762631709
eu,C1,33TWE_1260_00,5,73,1.550358793294119,80,1.644596460748397,-0.09423766745427797
eu,C1,33TWF_0539_00,1,33,4.029167916871329,23,3.2039932914673033,0.825174625404026
eu,C1,33TWF_1076_00,4,49,2.3416352509910356,58,2.0269630169363406,0.314672234054695
eu,C1,33TWF_1157_00,3,71,1.5518508622296023,79,1.9121239577369795,-0.3602730955073772
eu,C1,33TWF_1161_00,3,40,2.5954824718797416,41,3.089940773887197,-0.49445830200745533
eu,C1,33TWF_1416_00,1,50,3.083169388162448,43,3.670051836086113,-0.5868824479236654
eu,C1,33UWS_0309_00,5,67,1.923274350224892,80,1.6171010945404474,0.30617325568444453
eu,C1,33UWT_0062_00,3,55,2.287827247238272,75,2.637699024529283,-0.34987177729101093
eu,C1,33UWT_0167_00,3,41,2.3725754647606756,51,2.1354288799557097,0.23714658480496587
eu,C1,33UWT_0872_00,3,52,2.9589239597087604,43,2.506671679249018,0.45225228045974264
eu,C1,33UWT_0956_00,2,46,3.0823006027244615,52,3.5329198028102207,-0.4506192000857592
eu,C1,33UWT_1630_00,3,45,2.020217379879663,61,2.352839142801235,-0.3326217629215722
eu,C1,33UWT_2290_00,2,45,3.49731760928893,38,3.788681385357717,-0.2913637760687866
eu,C1,33UWT_2410_00,4,45,1.715263113800595,35,1.7930384912690804,-0.07777537746848551
eu,C1,33VXG_1377_00,2,59,2.796406340806297,50,3.1150940490536883,-0.3186877082473911
eu,C1,34TCR_0072_00,3,41,3.012606572930973,40,2.9622879130714495,0.05031865985952333
eu,C1,34TCR_0106_00,3,45,3.5002382397307414,47,3.656936180340001,-0.15669794060925968
eu,C1,34TCR_0112_00,1,52,3.3215657401380136,43,3.1262133930133666,0.195352347124647
eu,C1,34TCR_0339_00,4,36,2.8775934222074264,35,2.174239336218205,0.7033540859892216
eu,C1,34TCR_0343_00,4,49,2.6073556692813757,38,2.5198862864910847,0.08746938279029104
eu,C1,34TCR_0361_00,1,59,3.2231554739004276,64,3.8355138843920207,-0.6123584104915931
eu,C1,34TCR_0369_00,5,81,0.7666631145892492,87,0.7239855363088262,0.042677578280422956
eu,C1,34TCR_0421_00,2,60,2.588009415104829,46,2.379019004651785,0.208990410453044
eu,C1,34TCR_0769_00,1,30,4.278915473274416,27,3.8222110712481436,0.45670440202627205
eu,C1,34TCR_0850_00,1,36,2.541256933035668,38,2.6705528861926187,-0.12929595315695064
eu,C1,34TCR_1120_00,2,34,2.72269053123368,41,2.854559126774012,-0.1318685955403316
eu,C1,34TCR_1124_00,4,113,1.369129022708069,87,1.1907315727281604,0.17839744997990858
eu,C1,34TCR_1129_00,2,52,3.249426309395258,47,2.648503955777269,0.6009223536179888
eu,C1,34TCR_1162_00,4,71,2.17975870592928,83,2.262193831039825,-0.08243512511054485
eu,C1,34TCR_1204_00,1,27,3.958311403472234,18,2.20757257589941,1.7507388275728242
eu,C1,34TCR_1346_00,4,73,2.5691456146770077,66,2.6258635460738913,-0.056717931396883525
eu,C1,34TCR_1412_00,2,39,2.697519796515851,40,3.2105759778070135,-0.5130561812911627
eu,C1,34TCS_0235_00,5,124,0.9818518054373406,120,1.0201133199950503,-0.03826151455770965
eu,C1,34TCS_0241_00,1,33,3.807948917553858,26,4.112666436881686,-0.3047175193278284
eu,C1,34TCT_0129_00,2,61,1.3224731596006465,49,1.0840295377009632,0.23844362189968327
eu,C1,34TCT_0362_00,1,38,3.691552143643362,31,3.059130635144346,0.6324215084990157
eu,C1,34TCT_0468_00,2,42,3.789030884609782,45,2.763291114067748,1.0257397705420344
eu,C1,34TCT_0686_00,2,31,3.656042553355996,37,3.563318466583049,0.09272408677294708
eu,C1,34TCT_0701_00,1,26,4.674728427165078,35,3.634960466229461,1.0397679609356176
eu,C1,34TCT_0757_00,1,20,3.6446981014034234,18,3.893904550969092,-0.24920644956566873
eu,C1,34TCT_0853_00,5,155,0.6546327959958135,160,0.6735216827341156,-0.018888886738302135
eu,C1,34TCT_0997_00,1,40,3.0486282116774834,32,4.232979787841908,-1.184351576164425
eu,C1,34TCT_1134_00,5,267,0.6402570701645707,264,0.6545241866771982,-0.014267116512627576
eu,C1,34TCT_1281_00,3,39,2.4269314475740535,51,2.757108066295472,-0.33017661872141835
eu,C1,34TCT_1282_00,4,57,2.5245350689113684,65,2.4712824149543735,0.053252653956994855
eu,C1,34TCT_1573_00,3,51,3.2742105073985086,47,2.86330187473863,0.41090863265987876
eu,C1,34TCT_1595_00,1,52,3.52711642112411,61,3.548962348285848,-0.021845927161737944
eu,C1,34TCT_1673_00,2,47,2.6303341006716168,58,3.3134788321808353,-0.6831447315092185
eu,C1,34TCT_1710_00,1,47,3.0171355801397937,22,3.0342848380173257,-0.017149257877532076
eu,C1,34TCT_1726_00,2,42,2.8391207330244317,48,2.742988167307538,0.09613256571689366
eu,C1,34TCT_1903_00,2,39,3.1130604744473,35,3.8708596919967646,-0.7577992175494646
eu,C1,34TCT_2072_00,1,30,2.8197603414522936,34,3.8802762175949272,-1.0605158761426337
eu,C2,30SVJ_0796_00,1,32,3.6921460117999914,32,4.220043086097775,-0.5278970742977833
eu,C2,30SVJ_1711_00,1,27,3.3331353224930664,31,2.385490854162338,0.9476444683307284
eu,C2,30TVK_0841_00,1,22,2.692474118843995,30,4.551488744952199,-1.8590146261082037
eu,C2,30TVK_1026_00,4,76,2.3689576087260593,76,2.424451022663897,-0.05549341393783758
eu,C2,30TVK_1126_00,1,33,3.3306996350499944,40,3.430722463393482,-0.10002282834348764
eu,C2,30TVK_1289_00,4,78,1.9632113031034022,76,1.5930790514143363,0.37013225168906594
eu,C2,30TVK_1386_00,1,36,3.125581712886931,38,3.436558599151943,-0.31097688626501174
eu,C2,30TVK_1390_00,1,36,3.437104958813012,21,3.1177706915879813,0.31933426722503055
eu,C2,30TVK_1486_00,5,76,2.6507328246065027,83,2.507233267665703,0.14349955694079952
eu,C2,30TVK_1697_00,1,37,2.7950175002371007,34,2.6679357309217044,0.12708176931539628
eu,C2,30TVK_2306_00,3,25,3.076397657999606,23,3.339953545310261,-0.26355588731065493
eu,C2,30TVK_2317_00,4,43,1.979718983220588,45,2.171464884128401,-0.19174590090781307
eu,C2,30TVK_2377_00,5,56,2.0866104634777543,53,1.9634121427353302,0.1231983207424241
eu,C2,30TVK_2512_00,1,27,4.182496533486124,30,3.792437090620881,0.3900594428652431
eu,C2,30TXP_0408_00,1,78,2.5504325968620325,64,2.453769899037974,0.09666269782405834
eu,C2,30TXP_0411_00,2,82,2.533901058668328,72,2.3386217399058546,0.1952793187624735
eu,C2,30TXP_0787_00,2,88,2.013555530729945,91,1.8785086612297248,0.13504686950022027
eu,C2,30TXP_1048_00,2,77,2.8237683326421568,63,3.001744975395799,-0.17797664275364244
eu,C2,30TXQ_0830_00,1,56,3.7995512322415834,57,3.2286902425974855,0.5708609896440979
eu,C2,30TXQ_0896_00,2,76,2.0742696109666063,83,1.8815735668089733,0.19269604415763308
eu,C2,30TXQ_0902_00,4,134,1.1961326037564728,144,1.16911146161927,0.027021142137202858
eu,C2,30TXQ_0911_00,5,190,0.9197151091278276,184,0.9227355040564442,-0.00302039492861661
eu,C2,30TXQ_0934_00,5,156,1.1814006890279827,178,1.2975820060272638,-0.11618131699928114
eu,C2,30TYQ_1071_00,1,49,2.7054174912825015,64,2.3546035850452673,0.3508139062372342
eu,C2,30UYC_0046_00,5,155,0.6374707648310336,152,0.6284475927991013,0.009023172031932258
eu,C2,30UYC_0100_00,4,55,1.87509930467219,70,1.8073470597385386,0.0677522449336514
eu,C2,30UYC_0245_00,3,52,2.220087656095119,56,2.7657737002464975,-0.5456860441513784
eu,C2,30UYC_0687_00,1,48,3.132997705458485,46,2.424831876110316,0.708165829348169
eu,C2,30UYC_0725_00,3,47,2.403112449890031,38,2.4146207519141214,-0.011508302024090256
eu,C2,30UYD_0119_00,2,39,3.94276347135499,39,3.881928340920823,0.060835130434166995
eu,C2,30UYD_1432_00,3,38,3.2061684599332563,32,3.1197916925905815,0.08637676734267474
eu,C2,31TCJ_0091_00,2,36,3.2080669972215077,46,3.3868478860084856,-0.17878088878697795
eu,C2,31TCJ_0672_00,3,55,2.547742321292913,50,2.4052510596962327,0.14249126159668046
eu,C2,31TCJ_1037_00,5,106,0.8607310186773487,103,0.8958199162808009,-0.03508889760345224
eu,C2,31TCJ_1340_00,4,78,1.6784757020661458,89,1.9614359165448663,-0.28296021447872044
eu,C2,31TCJ_1353_00,4,105,1.3456709162741758,121,1.2044908417677362,0.14118007450643955
eu,C2,31TCJ_1375_00,3,81,1.5921419478857026,69,1.9508566407819334,-0.3587146928962308
eu,C2,31TCM_0023_00,4,93,1.1135892133731233,113,1.1903457585745496,-0.07675654520142627
eu,C2,31TCM_0853_00,5,131,1.1054311920532787,129,0.9623932993390386,0.14303789271424006
eu,C2,31TCM_1060_00,3,142,1.4561455327639963,130,1.341942521504688,0.11420301125930821
eu,C2,31TCM_1094_00,5,99,0.9382152190886766,120,1.1587865712898104,-0.22057135220113389
eu,C2,31TCM_1192_00,4,162,1.6278763226337198,168,1.7950938669624175,-0.16721754432869762
eu,C2,31TCM_1717_00,4,73,2.7579735856625924,70,2.699046897655748,0.05892668800684442
eu,C2,31TCM_1743_00,5,175,1.0521003450638544,169,1.0349294531387585,0.01717089192509591
eu,C2,31TCM_2040_00,3,75,2.0605486331504337,87,1.8382291220772786,0.22231951107315506
eu,C2,31TCN_1555_00,3,76,1.7697419539123713,80,1.966227102691948,-0.19648514877957668
eu,C2,31TCN_1803_00,2,65,2.6795326305201757,65,2.634619765275723,0.04491286524445259
eu,C2,31TFH_0022_00,5,166,0.6197053022137493,170,0.6444306770500305,-0.024725374836281233
eu,C2,31TFJ_1359_00,5,277,0.6156341534807283,261,0.6252300742704873,-0.009595920789759016
eu,C2,31TGH_0053_00,5,203,0.7775683158935265,188,0.7790054750198183,-0.0014371591262918315
eu,C2,31TGH_0153_00,3,108,0.9091577469926094,127,1.2686727765104497,-0.3595150295178403
eu,C2,31TGJ_0274_00,5,210,0.9431017143544402,196,0.9207145384049424,0.022387175949497795
eu,C2,31TGJ_0550_00,2,82,2.0593388195509226,88,2.2850957183219234,-0.2257568987710008
eu,C2,31TGJ_0811_00,4,99,1.3163128300207412,106,1.3786742259689553,-0.062361395948214104
eu,C2,31TGJ_0814_00,1,70,3.060612032885139,77,2.5855868930124237,0.4750251398727152
eu,C2,31TGJ_0831_00,3,108,1.4017080283255632,93,1.056719603867677,0.34498842445788624
eu,C2,31TGJ_1054_00,3,93,1.0755257972837724,98,1.1574753641049822,-0.0819495668212098
eu,C2,31TGJ_1156_00,5,150,0.658057233381657,150,0.6550780103221391,0.0029792230595179214
eu,C2,31TGJ_1189_00,5,153,1.1634840789370615,145,1.178644357999838,-0.015160279062776505
eu,C2,31TGK_0015_00,3,70,1.9806851648756778,65,2.2819715467069805,-0.30128638183130274
eu,C2,31TGK_1163_00,2,60,1.500805234544923,62,1.7223470477032121,-0.22154181315828914
eu,C2,31UCQ_0211_00,5,137,0.9517475666211123,129,0.9198776347139336,0.031869931907178684
eu,C2,31UCQ_0249_00,3,66,1.8209494676808542,63,2.3263067270301487,-0.5053572593492945
eu,C2,31UCQ_1476_00,2,61,2.6871952671205364,66,2.2766361283756025,0.4105591387449339
eu,C2,31UDP_0247_00,1,49,2.630961299317259,52,2.6751071180316295,-0.0441458187143704
eu,C2,31UDQ_0751_00,2,53,2.9574949375714916,51,2.655558182873906,0.30193675469758574
eu,C2,31UDQ_1914_00,4,55,0.9742361780364195,50,1.0539265666110234,-0.07969038857460387
eu,C2,31UDQ_2521_00,5,187,0.7408600498302712,183,0.7468261744733873,-0.0059661246431160775
eu,C2,31UFQ_0566_00,3,92,1.171975877775015,96,1.209572011370655,-0.03759613359563985
eu,C2,31UFQ_0574_00,2,55,3.0614519218651957,46,2.322604560692561,0.7388473611726347
eu,C2,31UFQ_1482_00,2,32,3.562841103085902,34,2.767503137188472,0.79533796589743
eu,C2,31UFS_0030_00,4,56,2.025757340487292,52,1.4807610016744381,0.544996338812854
eu,C2,31UFS_0938_00,4,47,1.358995363905376,38,1.1114408013346808,0.2475545625706952
eu,C2,31UFS_1028_00,5,285,0.697843614395574,291,0.6765674980329752,0.02127611636259874
eu,C2,31UFS_1127_00,5,89,1.250949956856889,93,1.5523328120800672,-0.3013828552231783
eu,C2,31UFS_2358_00,4,98,1.542179010940008,104,1.4838992196673764,0.05827979127263161
eu,C2,32ULA_0661_00,5,221,0.7604428249983863,220,0.7437547884026909,0.0166880365956954
eu,C2,32ULC_1573_00,5,142,0.6380367943662513,154,0.6928452860078098,-0.05480849164155854
eu,C2,32UMA_0976_00,3,68,1.7823667457605303,71,1.9392325301754636,-0.15686578441493326
eu,C2,32UMC_0051_00,4,70,1.8707724831590977,79,1.9379223578811948,-0.0671498747220971
eu,C2,32UMC_0836_00,5,152,0.7324585625718246,156,0.7603666120739727,-0.02790804950214809
eu,C2,32UMC_1241_00,4,59,1.2577906353570465,67,1.3215696680841131,-0.06377903272706664
eu,C2,32UMC_1688_00,4,128,1.0013382913318403,117,1.0622888522366574,-0.0609505609048171
eu,C2,32UMC_2029_00,4,72,1.1967195502580155,88,1.4229037284821437,-0.22618417822412828
eu,C2,32UNE_1359_00,4,91,1.9145819961515445,91,1.6671815498048463,0.2474004463466981
eu,C2,32UNE_1364_00,3,83,2.761939316233671,92,2.606262725562434,0.15567659067123696
eu,C2,32UNE_2091_00,4,107,1.748848857211726,108,1.8327399396111732,-0.0838910823994472
eu,C2,32UNE_2132_00,5,100,0.9240783555838517,111,0.9338064403144233,-0.009728084730571629
eu,C2,32UPA_0047_00,1,104,2.4625895057535594,90,2.3132475682048703,0.14934193754868907
eu,C2,32UPA_1016_00,5,136,0.9817356497649541,140,1.081003151052481,-0.09926750128752682
eu,C2,32UPA_1036_00,3,91,1.2969942382051702,102,1.372463682125976,-0.07546944392080568
eu,C2,32UPA_1085_00,3,103,1.7054756462606702,95,1.9198738473789936,-0.21439820111832342
eu,C2,32UPA_1861_00,2,89,2.0122855092080596,90,1.8328993829265565,0.17938612628150308
eu,C2,32UPA_1883_00,2,100,1.9884160218202411,73,2.6571635234793134,-0.6687475016590723
eu,C2,32UPA_1911_00,2,58,2.44245386499649,76,2.1053672610413328,0.3370866039551572
eu,C2,32UPA_2227_00,4,120,1.0780054175502036,129,1.0011775476319171,0.0768278699182865
eu,C2,32UPB_1109_00,3,94,1.476880691421028,95,1.3523144922348536,0.1245661991861744
eu,C2,33TVN_1850_00,2,100,0.7155827868375599,142,1.1221738574850388,-0.4065910706474789
eu,C2,33TWE_1260_00,5,117,0.6900757606510893,160,0.790153116888763,-0.10007735623767366
eu,C2,33TWF_0539_00,1,27,3.8696546841989097,38,3.9885670918794665,-0.11891240768055678
eu,C2,33TWF_1076_00,4,72,1.5849960378427255,63,1.3480589714433164,0.23693706639940904
eu,C2,33TWF_1157_00,3,118,0.577263034316602,110,0.5191015658824049,0.05816146843419712
eu,C2,33TWF_1161_00,3,75,1.5116559677712287,78,1.1826905987441623,0.3289653690270664
eu,C2,33TWF_1416_00,1,69,0.9845129554774084,66,1.27105673869589,-0.2865437832184816
eu,C2,33UWS_0309_00,5,104,1.2727986656810792,109,1.150459722723637,0.12233894295744219
eu,C2,33UWT_0062_00,3,74,2.199829764071609,75,1.8301061509070178,0.3697236131645911
eu,C2,33UWT_0167_00,3,51,1.6250278851811033,45,1.7069676355724657,-0.08193975039136236
eu,C2,33UWT_0872_00,3,79,2.1175198077035806,67,1.977758689599222,0.13976111810435854
eu,C2,33UWT_0956_00,2,57,2.812968215879934,56,2.3131962265873187,0.49977198929261535
eu,C2,33UWT_1630_00,3,73,1.5895463282922206,73,1.8410809409245212,-0.2515346126323006
eu,C2,33UWT_2290_00,2,47,3.2097605501172897,53,2.8502568160032924,0.3595037341139973
eu,C2,33UWT_2410_00,4,60,1.4849820756570353,64,2.475950740070703,-0.9909686644136677
eu,C2,33VXG_1377_00,2,76,2.730530574639782,76,2.181133907572627,0.5493966670671551
eu,C2,34TCR_0072_00,3,51,1.998970549104346,59,2.4112342064319363,-0.4122636573275904
eu,C2,34TCR_0106_00,3,78,2.074947958526802,73,1.8081989487074064,0.2667490098193954
eu,C2,34TCR_0112_00,1,49,3.0056512211629705,35,2.8842182339920397,0.12143298717093076
eu,C2,34TCR_0339_00,4,51,1.0780844766133695,63,1.5953620688146426,-0.5172775922012731
eu,C2,34TCR_0343_00,4,48,1.4721514435003493,58,1.6423103241703814,-0.17015888067003204
eu,C2,34TCR_0361_00,1,56,2.82116415165222,52,2.7971096619100164,0.0240544897422037
eu,C2,34TCR_0369_00,5,125,0.703072776120423,115,0.6748656613446662,0.02820711477575677
eu,C2,34TCR_0421_00,2,81,2.5743045654126306,74,2.642673996495805,-0.06836943108317417
eu,C2,34TCR_0769_00,1,39,3.33860855614503,27,2.7798786652766054,0.5587298908684244
eu,C2,34TCR_0850_00,1,40,3.057855884671146,35,3.0422063187611985,0.015649565909947594
eu,C2,34TCR_1120_00,2,58,2.781655512044357,38,2.338946159439654,0.442709352604703
eu,C2,34TCR_1124_00,4,140,1.3978962382946514,136,1.5737597184322307,-0.17586348013757935
eu,C2,34TCR_1129_00,2,51,2.7780105079504813,49,3.5471178411220623,-0.769107333171581
eu,C2,34TCR_1162_00,4,81,1.9392373727500871,85,1.8608680295052724,0.0783693432448147
eu,C2,34TCR_1204_00,1,37,3.050652776428273,51,3.481362481989475,-0.4307097055612017
eu,C2,34TCR_1346_00,4,95,2.134274228198776,99,2.423716922237605,-0.2894426940388293
eu,C2,34TCR_1412_00,2,72,2.3473254884131043,68,2.1898142633624067,0.1575112250506976
eu,C2,34TCS_0235_00,5,148,1.1034133625427107,138,1.0419318080593847,0.06148155448332604
eu,C2,34TCS_0241_00,1,27,3.1096859179932146,31,3.2492505609685605,-0.13956464297534588
eu,C2,34TCT_0129_00,2,68,1.4608794450936111,56,0.9394449149045732,0.521434530189038
eu,C2,34TCT_0362_00,1,45,2.705393624757865,40,2.879126263198019,-0.17373263844015385
eu,C2,34TCT_0468_00,2,29,2.7665958333970377,41,3.3627080094286343,-0.5961121760315966
eu,C2,34TCT_0686_00,2,42,3.217717353323783,51,2.593501142947743,0.6242162103760402
eu,C2,34TCT_0701_00,1,61,2.717056574934906,64,3.2208395280706092,-0.5037829531357034
eu,C2,34TCT_0757_00,1,31,3.3093035983854486,32,2.978719069042283,0.33058452934316573
eu,C2,34TCT_0853_00,5,190,0.5958205725400818,190,0.5785680595690665,0.017252512971015266
eu,C2,34TCT_0997_00,1,34,3.4253766543406163,38,3.1553744484787547,0.27000220586186163
eu,C2,34TCT_1134_00,5,340,0.5270759397937166,328,0.49690016458543496,0.03017577520828163
eu,C2,34TCT_1281_00,3,37,1.475093023883956,57,2.6602198046201866,-1.1851267807362307
eu,C2,34TCT_1282_00,4,107,1.865246317022714,97,2.056657444400912,-0.191411127378198
eu,C2,34TCT_1573_00,3,72,2.278582298993431,74,2.946806602530699,-0.6682243035372681
eu,C2,34TCT_1595_00,1,69,3.447252192679062,71,3.821412490898439,-0.374160298219377
eu,C2,34TCT_1673_00,2,71,2.1249376589249507,84,2.5887651929423,-0.4638275340173492
eu,C2,34TCT_1710_00,1,53,2.7665415510413376,61,2.0289951620783646,0.737546388962973
eu,C2,34TCT_1726_00,2,51,2.720620620298137,50,3.0465513533624247,-0.32593073306428755
eu,C2,34TCT_1903_00,2,36,3.175774511133273,41,2.853074289780303,0.32270022135296994
eu,C2,34TCT_2072_00,1,42,2.3651134903448012,40,2.3001873428777095,0.06492614746709169
