stem,stratum,conf_D,conf_B,conf_S,osm_fraction,err_C2,n_C2,err_C1,conf_COMB
30SVJ_0796_00,1,0.1505067876397133,-64.00644044869011,-1.8346869945526123,0.00033308604218080514,3.6921460117999914,32.0,5.140333133759897,-0.5668903884645974
30SVJ_1711_00,1,0.15501955208297455,-45.51518496242488,-1.784679889678955,0.0015897288376811155,3.3331353224930664,27.0,6.410404756689218,-0.5314554236516144
30TVK_0841_00,1,0.14168978420344383,-54.243441593736385,-1.3593945503234863,0.00039364714075913336,2.692474118843995,22.0,4.340327293593437,-0.28038829992848613
30TVK_1026_00,4,0.6451167691281106,-17.972266672344734,-1.7430477142333984,0.03506487607685203,2.3689576087260593,76.0,3.1039938821691746,-0.02896182262167809
30TVK_1126_00,1,0.14154082361681677,-51.653077344402185,-1.932852029800415,0.0006964526336507744,3.3306996350499944,33.0,2.7519392089741173,-0.6365543598251014
30TVK_1289_00,4,0.69589267231634,-17.195858851653846,-1.9310367107391357,0.042438189828763496,1.9632113031034022,78.0,2.7428916500049874,-0.09628914074682192
30TVK_1386_00,1,0.16488321529945552,-66.08843841589345,-2.9558353424072266,0.00021196384502414873,3.125581712886931,36.0,2.5139387401073736,-1.2489541262606196
30TVK_1390_00,1,0.16302508924306097,-55.51976726862639,-2.2632060050964355,0.0004844887886266257,3.437104958813012,36.0,5.185744156485594,-0.8207542775687506
30TVK_1486_00,5,1.450171097479791,-5.6631707378981435,-2.1563379764556885,0.24310738996805403,2.6507328246065027,76.0,3.0816799065167917,0.49741445205610363
30TVK_1697_00,1,0.21080861764255265,-45.119063204595406,-2.219496965408325,0.011491468455237778,2.7950175002371007,37.0,3.919489559101604,-0.7471461173597065
30TVK_2306_00,3,0.4780625421599368,-18.193754613855326,-2.0107672214508057,0.0045269421187300336,3.076397657999606,25.0,2.998429050342877,-0.35764045074823647
30TVK_2317_00,4,0.9986795490562961,-16.790668821576563,-2.0944466590881348,0.044209601962179594,1.979718983220588,43.0,2.8268935648487994,0.09673780053474879
30TVK_2377_00,5,1.5890916806128352,-4.4661061821564685,-2.685145854949951,0.2607609502036367,2.0866104634777543,56.0,2.022446202895091,0.30422124438867926
30TVK_2512_00,1,0.11030450150121654,-97.82326438881772,-2.2716054916381836,0.00015140274644582052,4.182496533486124,27.0,4.545472485515807,-0.8772426772108886
30TXP_0408_00,1,0.2090933267372661,-31.258887517825137,-1.059148907661438,0.006797983315417342,2.5504325968620325,78.0,3.284065139894052,-0.028432251283021237
30TXP_0411_00,2,0.19680720252004416,-45.54381159931516,-1.772416114807129,0.0006813123590061924,2.533901058668328,82.0,2.918272175641575,-0.4832008408707571
30TXP_0787_00,2,0.2904602886615764,-33.15557174916204,-1.604241132736206,0.003194597950006813,2.013555530729945,88.0,2.6824030376727754,-0.28770943361569434
30TXP_1048_00,2,0.3250716324409159,-69.51760053180409,-1.4541102647781372,0.00033308604218080514,2.8237683326421568,77.0,3.14502057341381,-0.16084180349044094
30TXQ_0830_00,1,0.13581513475328844,-114.98807658243172,-1.7719441652297974,4.5420823933746156e-05,3.7995512322415834,56.0,2.768249103180981,-0.5422260398004686
30TXQ_0896_00,2,0.38695482226119654,-21.923433764861507,-1.2967571020126343,0.011809414222774001,2.0742696109666063,76.0,3.7439228889341454,-0.0029669390230482318
30TXQ_0902_00,4,0.7288860174862779,-18.460462490783087,-1.077817678451538,0.07535314690608487,1.1961326037564728,134.0,1.6365965869660177,0.4655050578583234
30TXQ_0911_00,5,1.4276118427525222,-8.607404411138662,-0.9273865818977356,0.11010007721540069,0.9197151091278276,190.0,0.9749840701969507,1.2384475949756153
30TXQ_0934_00,5,1.4321366931748876,-7.8061906225448165,-1.782740831375122,0.19013156898666142,1.1814006890279827,156.0,1.189286958528888,0.7118163293553231
30TYQ_1071_00,1,0.1733045877422985,-32.34839723721768,-1.4271154403686523,0.007040227709730655,2.7054174912825015,49.0,3.932935959557741,-0.2916844802584238
30UYC_0046_00,5,2.0249215208533364,-4.746935211490543,-1.0255851745605469,0.2675892140683432,0.6374707648310336,155.0,0.526060169129999,1.7583997957950686
30UYC_0100_00,4,1.2005211199394414,-9.206188838240998,-1.9881608486175537,0.21169132008054625,1.87509930467219,55.0,1.9267576804138562,0.3590257414196949
30UYC_0245_00,3,0.72961094033627,-19.759991563781902,-1.4989752769470215,0.03594301200623779,2.220087656095119,52.0,2.1022459879078497,0.20474165336612116
30UYC_0687_00,1,0.27569992084166606,-55.54913948836214,-3.546302318572998,0.00516283365380248,3.132997705458485,48.0,2.572852110800398,-1.5077599158812232
30UYC_0725_00,3,0.8849541722653572,-18.258759114923553,-1.4514822959899902,0.06361943405653378,2.403112449890031,47.0,1.728381803444806,0.385306841925003
30UYD_0119_00,2,0.622354995818199,-23.49776407892627,-1.3467236757278442,0.03270299323229724,3.94276347135499,39.0,4.325003933619853,0.19495202352590188
30UYD_1432_00,3,0.8509086818224907,-12.112381047698268,-1.8857733011245728,0.0730518251601084,3.2061684599332563,38.0,2.7474409891824303,0.08257361476437965
31TCJ_0091_00,2,0.30865192551205434,-14.223893267310542,-2.3431859016418457,0.01718421172160063,3.2080669972215077,36.0,3.7609698653450154,-0.7287781656292103
31TCJ_0672_00,3,0.6017077044986388,-10.834100626312582,-1.462953805923462,0.024269860255265032,2.547742321292913,55.0,2.5682308853582594,0.10271190468061893
31TCJ_1037_00,5,0.9486174253878324,-10.555751248812628,-1.1940345764160156,0.02295265636118639,0.8607310186773487,106.0,1.436731853127541,0.6070548971707066
31TCJ_1340_00,4,0.7610906396168527,-14.813987708156903,-1.9230923652648926,0.022710411966873078,1.6784757020661458,78.0,1.731750252000332,-0.027948357391928788
31TCJ_1353_00,4,0.9241579828136933,-16.373244806924525,-0.5688414573669434,0.028978485669730047,1.3456709162741758,105.0,1.9082399234290273,0.971407086929404
31TCJ_1375_00,3,0.36739776136897506,-33.658609317923045,-1.1047677993774414,0.0015140274644582052,1.5921419478857026,81.0,3.840945841248137,0.09720597217359622
31TCM_0023_00,4,0.6761112774684628,-28.516622061632617,-0.7167356014251709,0.007782101167315175,1.1135892133731233,93.0,2.4872787631474282,0.6383502494673384
31TCM_0853_00,5,1.4967469650741647,-9.368152482490705,-0.9320067167282104,0.12430165483201865,1.1054311920532787,131.0,1.3315352834667769,1.3028170410850994
31TCM_1060_00,3,0.5372915621845722,-23.99034844731769,-0.987113356590271,0.014398401186997532,1.4561455327639963,142.0,1.9187944165587503,0.33548093732950857
31TCM_1094_00,5,1.0556224126049198,-9.884599239699076,-0.8984341025352478,0.045708489151993215,0.9382152190886766,99.0,1.3689145996902314,0.8946416950137788
31TCM_1192_00,4,0.7473516688706505,-30.269502316200498,-0.6721897125244141,0.004542082393374616,1.6278763226337198,162.0,1.4231293546769064,0.7352910656367125
31TCM_1717_00,4,0.5268840788575258,-18.524393362543886,-1.9208464622497559,0.011536889279171524,2.7579735856625924,73.0,2.7194782294378133,-0.254333020172986
31TCM_1743_00,5,0.8548924573729105,-19.713612554116956,-0.8848133683204651,0.021484049720661934,1.0521003450638544,175.0,1.544621618780089,0.7078767731757383
31TCM_2040_00,3,0.6170592439472798,-22.33607829995361,-1.4356505870819092,0.009780617420400007,2.0605486331504337,75.0,2.449603764911857,0.13459286888506422
31TCN_1555_00,3,0.5695494931480931,-29.078683791729826,-1.2939434051513672,0.0038607700343684234,1.7697419539123713,76.0,2.7262741053553747,0.17636343658005205
31TCN_1803_00,2,0.44643134527378486,-38.06838338113044,-1.5691912174224854,0.0061469515057003135,2.6795326305201757,65.0,3.0384495410001002,-0.11425871313766822
31TFH_0022_00,5,1.5363362905973286,-8.790434162209829,-0.8957095146179199,0.16172841375342548,0.6197053022137493,166.0,0.9119011774712453,1.363854368675474
31TFJ_1359_00,5,2.1362980516227426,-3.4191705046546446,-2.5851669311523438,0.4703023512846523,0.6156341534807283,277.0,0.6817230437580633,0.898480267616989
31TGH_0053_00,5,1.2065826473408063,-10.150152123703393,-1.0754128694534302,0.06513346152099199,0.7775683158935265,203.0,0.8239791667319258,0.9315847595505455
31TGH_0153_00,3,0.5281729626193693,-26.536438816220095,-1.5489270687103271,0.008539114899544278,0.9091577469926094,108.0,2.2185360654770196,-0.022179766482497587
31TGJ_0274_00,5,0.9165610494464411,-18.50622630842273,-0.7541241645812988,0.058471740677375886,0.9431017143544402,210.0,1.1560703630263949,0.84898907015362
31TGJ_0550_00,2,0.48952148976580934,-29.157586174401473,-1.1395902633666992,0.0036185256400551105,2.0593388195509226,82.0,3.199574186209754,0.19435920913518
31TGJ_0811_00,4,0.723160535767811,-10.981499920581788,-1.3821594715118408,0.017078229799088556,1.3163128300207412,99.0,1.777020025022709,0.2709913522055969
31TGJ_0814_00,1,0.218055124003472,-113.75951645127537,-1.5331028699874878,0.0018622537812835924,3.060612032885139,70.0,3.165935599308413,-0.3139625463042638
31TGJ_0831_00,3,0.4520562438381174,-33.03529963631009,-1.516087293624878,0.0021196384502414874,1.4017080283255632,108.0,2.345749838138618,-0.07581952899937949
31TGJ_1054_00,3,0.43545659123874586,-43.87877977416302,-1.6800377368927002,0.02826689276143469,1.0755257972837724,93.0,3.101075874632359,-0.19374942605072648
31TGJ_1156_00,5,0.9828681719901268,-7.113423488873011,-1.1023616790771484,0.05561022876954988,0.658057233381657,150.0,0.6865577478651096,0.6972792033474388
31TGJ_1189_00,5,1.2710845249029012,-9.81186047137395,-0.9094851613044739,0.04826719556692759,1.1634840789370615,153.0,1.1503895995709346,1.0973298031013636
31TGK_0015_00,3,0.5899889589534552,-24.607445120039216,-1.4172953367233276,0.005904707111387001,1.9806851648756778,70.0,2.1471384640750464,0.11966104180117998
31TGK_1163_00,2,0.26518041828841876,-45.20005712966771,-1.5370147228240967,0.0019076746052173387,1.500805234544923,60.0,2.9264690181747763,-0.27055916556984794
31UCQ_0211_00,5,1.441279016950883,-11.702809135408488,-0.7979884147644043,0.13897258096261866,0.9517475666211123,137.0,1.0915634332264033,1.3320743077844686
31UCQ_0249_00,3,0.6611592846991536,-20.478453136042425,-1.9394395351409912,0.02537510030431952,1.8209494676808542,66.0,1.1544030961723264,-0.13528605346523176
31UCQ_1476_00,2,0.4384757395832818,-29.95923491100314,-1.5417661666870117,0.0035731048161213646,2.6871952671205364,61.0,2.969007180568017,-0.1049696152555068
31UDP_0247_00,1,0.33272630837444944,-34.68668746731406,-2.279797315597534,0.0030734757528501568,2.630961299317259,49.0,3.9606296651795585,-0.6660107698672888
31UDQ_0751_00,2,0.3294120498749077,-20.46023221332158,-1.7689104080200195,0.02654090145195234,2.9574949375714916,53.0,2.355430280490066,-0.35205874502013945
31UDQ_1914_00,4,0.6955761807330422,-19.857593745794617,-1.8672423362731934,0.02743417765598268,0.9742361780364195,55.0,2.268986993518493,-0.05699130921925841
31UDQ_2521_00,5,2.1095322248432176,-4.788554574998518,-1.8390496969223022,0.41373828521249373,0.7408600498302712,187.0,0.7894131233290855,1.3356630212925524
31UFQ_0566_00,3,0.5546422000708536,-24.834017590321096,-1.4826284646987915,0.033172341746279276,1.171975877775015,92.0,1.959687781087312,0.044723393923204374
31UFQ_0574_00,2,0.3886193890062256,-19.27144677276248,-2.41184663772583,0.03383851383064089,3.0614519218651957,55.0,2.942039307918043,-0.6936321642224821
31UFQ_1482_00,2,0.2526274557121471,-25.303121699980277,-2.7541050910949707,0.015594482883919514,3.562841103085902,32.0,2.9097004708522256,-1.038377192018664
31UFS_0030_00,4,0.8315807053120758,-11.640464616745318,-1.2962255477905273,0.11153840330663599,2.025757340487292,56.0,1.8935939656640277,0.4297866319345426
31UFS_0938_00,4,0.8309609949785587,-15.512600658111856,-1.9132530689239502,0.07657950915229603,1.358995363905376,47.0,1.1059012799461505,0.04611303251593196
31UFS_1028_00,5,2.5375161884734414,-1.0519656401886863,-1.971818208694458,0.6498962891186846,0.697843614395574,285.0,0.7222087081534254,1.6694743465414024
31UFS_1127_00,5,1.2579144504859225,-11.2450142276803,-1.935923457145691,0.1725991309482354,1.250949956856889,89.0,1.4245409782625702,0.4472746523852485
31UFS_2358_00,4,0.8831193982360867,-14.924137680294436,-1.1359846591949463,0.048342896940150495,1.542179010940008,98.0,1.4796638363646715,0.5793936887949332
32ULA_0661_00,5,2.0291212120372055,-5.994972739164916,-1.7675714492797852,0.3725718784538751,0.7604428249983863,221.0,0.6215779946310173,1.301834846812634
32ULC_1573_00,5,1.6783367711851893,-8.824714717720564,-1.3135318756103516,0.23550697209647384,0.6380367943662513,142.0,0.6174784646114936,1.242559978415902
32UMA_0976_00,3,0.4804736238293457,-40.336846871313064,-1.0392417907714844,0.010053142364002484,1.7823667457605303,68.0,2.123045362043508,0.2478592717396563
32UMC_0051_00,4,0.9849158460554686,-12.987560057536404,-2.8344290256500244,0.08640554739662977,1.8707724831590977,70.0,2.079040381281636,-0.3760534631909238
32UMC_0836_00,5,1.68492628356006,-9.303364929249684,-2.146104574203491,0.2998985601598813,0.7324585625718246,152.0,0.6762082397908273,0.7320802451589238
32UMC_1241_00,4,0.9060850286554226,-16.863469582082626,-1.3499455451965332,0.0734757528501567,1.2577906353570465,59.0,1.733344389754381,0.46889512364685976
32UMC_1688_00,4,0.9225807137233184,-16.915705555395892,-0.9381484389305115,0.02588986964223531,1.0013382913318403,128.0,0.9865744257471876,0.7405952332875633
32UMC_2029_00,4,0.9483659437936871,-14.110638888653858,-0.8787238001823425,0.03715423397780436,1.1967195502580155,72.0,1.7771669080079153,0.8025655754208306
32UNE_1359_00,4,0.9813852068526618,-14.93259260307086,-1.4253475666046143,0.06349831185937713,1.9145819961515445,91.0,1.9179438935576232,0.49531671804726174
32UNE_1364_00,3,0.753919082743192,-21.788614502252546,-1.2214677333831787,0.014867749700979576,2.761939316233671,83.0,1.8786580164045728,0.4006684558640934
32UNE_2091_00,4,1.0903466407043545,-16.439461372213472,-0.9442954063415527,0.09302184741631213,1.748848857211726,107.0,1.9817049069422024,0.8999407513253259
32UNE_2132_00,5,1.6048455242308326,-13.461373539443288,-1.2805722951889038,0.23759632999742616,0.9240783555838517,100.0,1.0269482668234167,1.1915480133207665
32UPA_0047_00,1,0.1922596964964961,-61.170126661471016,-1.635650396347046,0.0009084164786749232,2.4625895057535594,104.0,2.9030391938547435,-0.4027149071745373
32UPA_1016_00,5,1.3176085460111326,-11.213482012942974,-0.990916907787323,0.057472482550833474,0.9817356497649541,136.0,0.9845708924301118,1.092021522796773
32UPA_1036_00,3,0.7274016616969058,-36.69217235261373,-0.8616704940795898,0.03177943647897773,1.2969942382051702,91.0,1.8742580488222238,0.5982526909058753
32UPA_1085_00,3,0.5830433176808362,-32.116576961881286,-0.8892282247543335,0.026979969416645218,1.7054756462606702,103.0,2.357296350612449,0.44074737722968976
32UPA_1861_00,2,0.45516576274122444,-44.91021901207272,-1.187701940536499,0.008993323138881739,2.0122855092080596,89.0,2.7896620505880527,0.1310770359889672
32UPA_1883_00,2,0.39907721327332996,-47.212431974796246,-1.4593887329101562,0.008145467758785144,1.9884160218202411,100.0,3.0087709732279078,-0.09214427867315345
32UPA_1911_00,2,0.41762868352361526,-45.36376495100898,-1.459141731262207,0.012990355645051401,2.44245386499649,58.0,2.55113111377382,-0.07394858849357028
32UPA_2227_00,4,0.9102479526576085,-23.403258128124858,-1.053497552871704,0.0783660615603567,1.0780054175502036,120.0,1.1449308053113882,0.6569884243717796
32UPB_1109_00,3,0.6681745505579163,-30.056428070309575,-1.6044766902923584,0.07261275719541553,1.476880691421028,94.0,1.088173729931122,0.07949259144640584
33TVN_1850_00,2,0.4360409323717369,-41.389915207151276,-2.056251049041748,0.015821587003588246,0.7155827868375599,100.0,2.09208065274962,-0.4267466689782229
33TWE_1260_00,5,0.9177271672847015,-20.209473455671926,-0.5843662023544312,0.010598192251207436,0.6900757606510893,117.0,1.550358793294119,0.9555144885677134
33TWF_0539_00,1,0.13924942197046383,-39.8753259668364,-2.8244643211364746,0.0076155581462247724,3.8696546841989097,27.0,4.029167916871329,-1.192324992257364
33TWF_1076_00,4,0.7426052956160727,-14.326731918596083,-0.8468756675720215,0.019712637587245833,1.5849960378427255,72.0,2.3416352509910356,0.6222241890172429
33TWF_1157_00,3,0.5782218970828287,-18.86203946406256,-1.3324084281921387,0.010658753349785765,0.577263034316602,118.0,1.5518508622296023,0.1609174886904585
33TWF_1161_00,3,0.405193072436265,-25.147461290728,-1.6418379545211792,0.012505866856424776,1.5116559677712287,75.0,2.5954824718797416,-0.19946671629465523
33TWF_1416_00,1,0.23403778331788064,-20.6059984601151,-1.9975395202636719,0.0033611409710972155,0.9845129554774084,69.0,3.083169388162448,-0.5867560008354159
33UWS_0309_00,5,1.1915939638466762,-14.761515285973038,-0.9268724918365479,0.07332435010371088,1.2727986656810792,104.0,1.923274350224892,1.0092261576772565
33UWT_0062_00,3,0.8126124829860302,-23.714196755440597,-0.774884819984436,0.026313797332283607,2.199829764071609,74.0,2.287827247238272,0.7350043745591026
33UWT_0167_00,3,0.6435031536688931,-31.332852270148322,-1.3743712902069092,0.03657890354131024,1.6250278851811033,51.0,2.3725754647606756,0.19835524637305352
33UWT_0872_00,3,0.6628439824507235,-42.74113877946013,-1.192471981048584,0.02330088267801178,2.1175198077035806,79.0,2.9589239597087604,0.3300943346094167
33UWT_0956_00,2,0.3812497115906568,-41.17373031124922,-1.9160102605819702,0.02764614150100683,2.812968215879934,57.0,3.0823006027244615,-0.3929681236104375
33UWT_1630_00,3,0.6174848852774728,-40.0806765462853,-1.5403705835342407,0.011597450377749853,1.5895463282922206,73.0,2.020217379879663,0.06999322491183688
33UWT_2290_00,2,0.34721826632330427,-78.97225386360715,-3.0068416595458984,0.00015140274644582052,3.2097605501172897,47.0,3.49731760928893,-1.1032894731249565
33UWT_2410_00,4,0.8549456242984993,-12.380524149084495,-1.8452608585357666,0.06744992354161304,1.4849820756570353,60.0,1.715263113800595,0.11165121872137837
33VXG_1377_00,2,0.4960391296048701,-90.21514878501921,-1.9880602359771729,0.004390679646928795,2.730530574639782,76.0,2.796406340806297,-0.32605997262661124
34TCR_0072_00,3,0.5034562185088151,-27.46241988766716,-1.7177319526672363,0.01099183939196657,1.998970549104346,51.0,3.012606572930973,-0.15101778527423904
34TCR_0106_00,3,0.6131632225596544,-34.33165554777154,-3.139064073562622,0.1423185816590713,2.074947958526802,78.0,3.5002382397307414,-0.9267311193242291
34TCR_0112_00,1,0.25953526657875536,-132.76548827366614,-1.8589081764221191,0.00752471649835728,3.0056512211629705,49.0,3.3215657401380136,-0.4758913915741431
34TCR_0339_00,4,0.7259565379502564,-19.311813967168188,-2.174621105194092,0.04536026283516783,1.0780844766133695,51.0,2.8775934222074264,-0.21827551913055238
34TCR_0343_00,4,0.697356758901437,-19.200661346554458,-2.1762027740478516,0.05529228300201366,1.4721514435003493,48.0,2.6073556692813757,-0.2470723573143529
34TCR_0361_00,1,0.2609259258912539,-62.9593294082798,-1.970851182937622,0.008539114899544278,2.82116415165222,56.0,3.2231554739004276,-0.5440367827743455
34TCR_0369_00,5,1.6067792821109015,-13.25602990870741,-1.3745625019073486,0.21971566564217476,0.703072776120423,125.0,0.7666631145892492,1.1350765020586429
34TCR_0421_00,2,0.5273792167913792,-19.31617172286699,-1.693037986755371,0.2511014549803933,2.5743045654126306,81.0,2.588009415104829,-0.11242050714790035
34TCR_0769_00,1,0.22500996242389187,-59.51416287876989,-2.8403658866882324,0.006222652878923224,3.33860855614503,39.0,4.278915473274416,-1.1187902779272818
34TCR_0850_00,1,0.3956249698843933,-165.38499914989575,-1.9256535768508911,0.00042392769004829747,3.057855884671146,40.0,2.541256933035668,-0.38497426670282203
34TCR_1120_00,2,0.38652917943397896,-40.30330186795436,-2.061038017272949,0.006162091780344895,2.781655512044357,58.0,2.72269053123368,-0.47787152742073385
34TCR_1124_00,4,0.9996197318604115,-4.819445167334367,-6.083856582641602,0.6288967281866493,1.3978962382946514,140.0,1.369129022708069,-2.3791041763815426
34TCR_1129_00,2,0.4388796116589677,-159.6195675318515,-3.019404888153076,1.5140274644582053e-05,2.7780105079504813,51.0,3.249426309395258,-1.0219433467510732
34TCR_1162_00,4,0.953686466592843,-11.748040514390109,-2.204939842224121,0.3475298641917364,1.9392373727500871,81.0,2.17975870592928,-0.015618278600324775
34TCR_1204_00,1,0.21105768957988036,-35.3791860178446,-2.3690273761749268,0.011173522687701555,3.050652776428273,37.0,3.958311403472234,-0.8397372579657602
34TCR_1346_00,4,0.8878070153370891,-12.587619614337097,-2.7449228763580322,0.3497403442898454,2.134274228198776,95.0,2.5691456146770077,-0.41492888859244803
34TCR_1412_00,2,0.42246659086674615,-22.731138315866723,-2.8483939170837402,0.06596617662644401,2.3473254884131043,72.0,2.697519796515851,-0.9317367159313751
34TCS_0235_00,5,1.97925481249035,-4.556875156871434,-2.8878283500671387,0.5266544535117867,1.1034133625427107,148.0,0.9818518054373406,0.557844802313072
34TCS_0241_00,1,0.16470499149889334,-42.72347118660211,-2.777405261993408,0.004027313055458826,3.1096859179932146,27.0,3.807948917553858,-1.1383522203227232
34TCT_0129_00,2,0.5228579814891807,-34.00961383389648,-3.8948068618774414,0.08446759224212327,1.4608794450936111,68.0,1.3224731596006465,-1.483747900250639
34TCT_0362_00,1,0.29287669554396484,-29.369969084786852,-2.11488676071167,0.009841178518978335,2.705393624757865,45.0,3.691552143643362,-0.6023848751485557
34TCT_0468_00,2,0.3286267550296725,-43.66769378645584,-2.0221917629241943,0.007736680343381429,2.7665958333970377,29.0,3.789030884609782,-0.5100678498118365
34TCT_0686_00,2,0.4798529070675487,-33.637697772889794,-4.595180511474609,0.12884373722539327,3.217717353323783,42.0,3.656042553355996,-1.960387645917846
34TCT_0701_00,1,0.23289181060613767,-36.87055793313934,-3.788844585418701,0.003724507562567185,2.717056574934906,61.0,4.674728427165078,-1.6999713837499952
34TCT_0757_00,1,0.2043549345862067,-36.04277064935168,-2.5724992752075195,0.002331602295265636,3.3093035983854486,31.0,3.6446981014034234,-0.972578082295037
34TCT_0853_00,5,1.7723640294817962,-7.003798543938286,-2.301506996154785,0.28643885600084784,0.5958205725400818,190.0,0.6546327959958135,0.7206394345775683
34TCT_0997_00,1,0.16733773349317332,-67.98036000785858,-3.156619071960449,0.0011052400490544898,3.4253766543406163,34.0,3.0486282116774834,-1.371220086057587
34TCT_1134_00,5,2.65897638734706,-1.3417466179319426,-2.291363477706909,0.6049599539735651,0.5270759397937166,340.0,0.6402570701645707,1.5892170201767786
34TCT_1281_00,3,0.36824896780755545,-20.09379737183874,-2.2116050720214844,0.004617783766597526,1.475093023883956,37.0,2.4269314475740535,-0.589127016237941
34TCT_1282_00,4,0.619021217277936,-21.67900601219617,-0.811708927154541,0.002891792457115172,1.865246317022714,107.0,2.5245350689113684,0.5238644180603735
34TCT_1573_00,3,0.6178888960686608,-15.971244174198283,-2.7929069995880127,0.021786855213553575,2.278582298993431,72.0,3.2742105073985086,-0.7072294870422293
34TCT_1595_00,1,0.12893290150300274,-46.21509688631147,-1.675152063369751,0.0007418734575845206,3.447252192679062,69.0,3.52711642112411,-0.48882768960526857
34TCT_1673_00,2,0.43950944846896234,-34.74529811972065,-2.2687220573425293,0.0015897288376811155,2.1249376589249507,71.0,2.6303341006716168,-0.5552823045170335
34TCT_1710_00,1,0.34265688675388273,-47.67325630637756,-2.2269339561462402,0.001135520598343654,2.7665415510413376,53.0,3.0171355801397937,-0.6235334212713768
34TCT_1726_00,2,0.39663845847453405,-32.7329339055527,-2.1824216842651367,0.006328634801435298,2.720620620298137,51.0,2.8391207330244317,-0.5433986440645622
34TCT_1903_00,2,0.40767031504613827,-20.613769360745906,-3.4305522441864014,0.10268134263955549,3.175774511133273,36.0,3.1130604744473,-1.30754988116749
34TCT_2072_00,1,0.25357913824095996,-45.383572700081196,-2.7255759239196777,0.0006964526336507744,2.3651134903448012,42.0,2.8197603414522936,-1.0197397859957051
