stem,C4_e1_med,C4_e1_n,C4_e2_med,C4_e2_n,C4_e5_med,C4_e5_n,C4_e10_med,C4_e10_n,C5_e1_med,C5_e1_n,C5_e2_med,C5_e2_n,C5_e5_med,C5_e5_n,C5_e10_med,C5_e10_n,C4_e20_med,C4_e20_n,C5_e20_med,C5_e20_n
ank_0_10,2.5329588034983987,79,2.229852226237353,65,2.889262319287418,75,2.7343608111235946,70,2.4487960955382975,81,1.2282927795517462,77,1.4747537387683816,90,2.028581047090424,73,2.3284100902599167,73,2.6009815794504196,79
ank_0_16,0.9314333316806754,94,0.5462209042136195,85,0.75017143054428,85,0.9548134360687721,110,0.6593938114003914,125,0.5202875889361858,110,0.5575707383493219,141,0.4804017849590634,134,0.938318482679527,83,0.5452350142154796,132
ank_0_30,3.9791669875482736,29,3.5099322990122417,23,3.7120673270835,46,2.8144112426281866,52,4.448685209003803,45,2.8352853129122386,47,2.6202222758070914,38,2.233311942462442,40,2.206456834859291,21,2.4230897661182693,25
ank_0_41,1.0756954819607685,37,0.9234143046401375,48,0.8191725130959866,36,1.6063126387314792,40,0.9937686161149838,53,0.8688959140265032,63,0.9483127032923486,58,0.7952729841603741,58,1.1426966895366892,37,0.8170502555593465,57
ank_10_1,1.370632311406077,79,1.0731728536913516,105,1.0031296332953505,87,1.5129955329961815,104,0.9511222698035702,135,0.764787027834258,123,0.6769885317758927,126,0.69356619503254,152,1.043423895193751,84,0.5765271170945454,131
ank_11_14,1.3478625400532669,62,1.781372817713465,69,2.269385539552834,86,1.164761065285439,65,1.8308881784029423,75,1.8477019548710913,82,1.3689512958657404,97,1.3430615024433377,90,2.3495693566094493,62,1.3525694977706408,109
ank_12_21,3.417712816233306,46,3.716410993684797,47,3.9922620344063837,51,3.7090550770376893,40,3.246865227362819,72,2.904290688087219,59,3.424305191435404,57,3.0525799280580435,70,3.034264833987457,48,2.276383729429628,73
ank_12_28,3.1417996149024914,37,3.3908438502161236,30,3.1374678704262284,29,2.625390151339629,32,2.901494030012159,47,2.694689044061871,63,2.4603286645655196,42,3.3706110938089444,43,3.299088940857165,23,2.279938107686914,40
ank_12_35,0.957393830011055,83,0.6595464295173936,76,0.6080223144526306,151,0.591255637762189,127,0.6160863038407003,138,0.4711138520075474,190,0.43917813522440124,227,0.45854062000921436,244,0.7421175483203043,87,0.4341843107868127,250
ank_13_12,1.6706223302060053,89,1.608233960242766,107,1.4163176007396037,93,1.4823535144298212,107,1.1976895686129123,110,1.0834105950152098,120,0.8336664644848862,141,0.8458332276612549,140,1.179414434079688,107,0.7031888643455684,123
ank_13_17,2.0189917924456453,54,1.6962450104701974,71,2.9213649266618953,42,3.3841671019222272,48,1.5754076064085096,89,1.6942411515211433,78,1.5020157761013246,82,1.3424336267518542,77,3.1697308061996576,47,1.6395294538795837,76
ank_13_21,3.0737799471207436,60,3.1981211409711703,61,3.0138289998565626,39,3.818384382360132,43,2.386683457676084,74,2.6006594091548774,84,2.864378567649349,70,2.6229770480727277,87,3.339271525215315,58,2.5295825833304275,81
ank_13_29,2.2580068948919,47,1.9430758723080321,53,2.323409696783178,57,3.8533971824158915,46,1.9376568340615883,62,2.2093395514382888,67,1.4910115871555985,69,1.996675917013685,61,3.3646693725864014,39,1.6610117306697496,56
ank_13_34,4.167415134906886,31,3.1760095712481,27,3.6822063051973153,18,3.1320631979521973,18,3.1008908518778338,30,2.6744944104879496,48,3.1563337900793735,38,3.0418081443151688,33,3.4926674350289857,22,3.086456570931306,42
ank_13_6,1.2310882383477915,84,0.8206703649443425,79,0.8240960597206729,115,0.857573002643288,101,0.6923109478299597,104,0.6258537962019003,119,0.5057630787034666,140,0.4657000562925326,127,0.8287069959431806,108,0.4699794931896516,144
ank_14_33,1.5102970995911804,46,1.5727049533930069,51,1.1345750866664026,42,1.3373339162368367,38,1.0233033024831655,50,0.795427261933541,47,0.7399382893902483,60,0.8480941815884011,69,1.3139472914854884,44,0.8018150369469718,65
ank_14_9,1.571890952028593,66,1.3141477769932761,66,1.5607937716992337,71,1.9985687336292886,87,1.0937450648824028,110,1.379277935438539,122,1.3878163693426546,99,1.4079855418299692,100,1.7189758403497648,81,1.094011342684526,114
ank_15_22,2.5659741238630343,48,2.057571475944583,63,2.4548327741362144,60,2.4362171919328697,56,1.7716314279400724,70,1.9488321820890664,80,1.5615430507569634,78,1.7266246250533006,79,2.656767609234359,58,1.4749639798558054,79
ank_15_41,1.1057710778230307,29,2.4963870878285785,48,2.688611680943845,38,3.59896225570094,35,1.0558974577917244,42,1.8400179762057203,52,1.8635244658376156,53,1.750830281533229,52,3.367391113680964,34,2.0064282626113483,68
ank_15_6,1.46337039693922,76,1.4833570596606864,81,0.7525903463041862,93,0.8641229542337119,97,0.5887365454102005,112,0.4775715140653267,121,0.5453470913655788,141,0.5906984099553196,127,1.1432930430110009,96,0.4942844311760007,123
ank_16_36,3.5636716242132973,24,3.5816741567695476,21,3.4580768851919106,18,3.6274882181044283,20,3.849213562346101,37,3.193925269020509,37,2.4859399818771606,26,2.7901669961232,32,3.1630644558570395,20,3.106891034848545,29
ank_16_9,2.2617450341394623,64,2.079613927010132,72,1.8403284522953298,65,1.4327472685629172,75,1.355021936204619,81,1.1613239662827843,86,0.8018891049808545,98,0.7275312314818987,100,1.8667094954601209,66,0.8850374670954312,99
ank_17_17,2.854052386919783,52,3.0613580209206765,61,2.697294546009269,58,2.8496505832156895,65,2.6468795108105487,50,3.1871940193438033,47,3.471165677486347,73,3.162094147234577,66,2.552467620090176,54,2.85433210118022,61
ank_17_19,2.9914926650910743,50,2.3654810309228034,57,2.9105722127710756,52,1.9822348608248679,49,2.2818524298741965,56,2.9341485118000037,62,2.135071636400754,66,1.9138724587520068,77,2.5042137718209267,71,2.320984296811123,60
ank_17_22,2.5437389762107743,51,2.0792022069256983,58,2.9544988054316104,65,2.3509944746125226,59,2.016844175394212,74,1.8161814282986173,76,2.1246232058595678,82,1.8114193125903864,87,2.7885689208658273,57,1.6483037836967889,68
ank_17_31,1.0340465923314544,80,1.0187755169879014,111,0.8649360018549642,128,0.843122564659214,117,0.6854834686825035,132,0.5635610955026505,146,0.4862144811272838,176,0.5108279747671689,173,0.6857268411872264,113,0.5188315897684708,185
ank_17_32,1.9168615862253096,37,1.5859213102172278,39,1.8342193700859237,45,2.3107241497145172,31,1.9792213140994455,36,2.1556777280427544,63,1.084231038893967,58,1.2566840111143849,52,2.4132997075999807,42,0.7864024089332067,54
ank_18_16,1.920034921321235,56,2.390209518614276,57,2.671328728731666,65,2.408664513242423,60,1.5620691247730296,96,1.9439617250061016,84,1.6008754012021476,88,1.6207913942933834,75,2.9265269225351247,58,1.6890205978842936,98
ank_18_27,3.0090924764752196,49,2.9779286126690563,40,2.4749433769737768,46,2.3270358493299064,48,2.0739493219307454,61,2.5720400395292957,67,1.8275547264546714,74,2.0755734408459605,67,2.1641495002441062,65,2.8562634498456263,73
ank_18_29,1.1590437365118074,67,1.0833580050845364,91,1.5816230189860039,80,1.605712682414794,79,1.082792487063061,84,0.9683832798387068,95,0.7255855760728459,97,0.8274304673877815,113,1.72137692421664,77,0.8222720805151268,108
ank_18_37,0.7280688338191383,49,0.8885594613324017,56,0.6352394003296793,50,1.1990521563262224,55,0.6909371491668751,62,0.6631898522077914,67,0.5878639006691752,64,0.631008381793905,69,1.1882077910049509,42,0.6853060695928483,76
ank_18_39,0.6625474105699634,67,0.5640543308428327,60,0.5018908521089455,67,0.41650048727903166,61,0.42081250779701146,59,0.40811504279793615,72,0.42448705990758595,80,0.4529443042871426,83,0.5577647440013003,53,0.4912468908423992,90
ank_18_7,1.5234735018077954,76,1.4741049604083185,81,1.244182969073279,97,1.55781348383319,103,1.439834335620832,111,1.200387676127075,119,0.8844474456787196,107,0.8378700996952155,112,1.4717950896989191,81,0.9149604216001004,114
ank_19_15,1.6849983424264996,61,1.5449763399941405,81,1.4320951826781625,81,1.660072491364647,60,1.0030920532518945,85,1.0404042583105668,98,0.8116294137682145,94,0.8107421423810145,97,2.2459218272236035,73,0.8879017707105719,96
ank_19_33,3.2092345358418917,25,3.615746245092219,20,3.393974569726021,27,4.635149273187602,29,2.8837280945606065,35,2.3884833076311898,38,3.075812531267619,40,3.4136894180441866,35,4.40708762037093,20,2.8497433848778746,30
ank_19_6,2.500869795010381,56,2.140259562031973,55,2.713818686663684,48,3.088889191293053,54,2.4931537969231363,73,2.4749851684084896,71,1.7863474261111274,55,1.5926957205425896,73,2.871917640679468,55,1.8038479447088245,59
ank_19_9,1.886640869903606,43,1.8197219638546462,57,2.0233758516678373,56,1.7051155335677555,73,1.3838267404126054,71,2.5351806296189254,100,0.9523052980665931,96,0.7991169452552322,90,2.3259264140256724,53,1.139362866400408,85
ank_1_34,2.8960165984752386,39,1.9371247865202068,44,1.7238224363285506,49,2.065514743294235,51,1.732134251620451,49,2.678280923459587,56,1.6796781138806984,61,1.9215314565984498,61,1.457474498093922,41,1.5943191363413445,61
ank_20_10,1.4134542060442363,85,0.90223094135755,75,0.502937831687857,102,0.6909520431154461,128,0.5787487579125398,93,0.5317799346417419,134,0.37577428895576825,142,0.3675307981686399,147,0.862631754020328,97,0.3641476955312506,150
ank_20_19,3.054985164324125,63,2.994590348313265,57,2.685333983339355,58,3.140553425542812,57,3.0470776769508223,73,3.434027778610466,63,2.792273999616861,61,2.689344873039739,65,2.675642917146452,54,2.717394008525763,54
ank_20_37,0.626033139143169,114,0.589156754927705,144,0.5394987699548689,150,0.6162139615943636,153,0.6607609278580266,163,0.6162493295532359,170,0.5356646177774057,187,0.5445455772320198,206,0.6505948839877812,131,0.5454143851131332,215
ank_20_6,2.865918023765956,60,2.2808032839825314,62,3.571022538574569,55,2.4438023371606787,54,1.8827791181142572,84,2.570382984699196,74,2.3225514732075587,89,1.9625457399665285,76,2.2746188899857684,65,2.2896223677753573,97
ank_22_10,1.1517099347540276,103,1.1232055597189459,120,1.0998050039595981,101,1.1123693882051575,104,0.7942479430250771,118,0.9662512976555439,145,0.7606127608438762,148,0.6772278568967919,169,1.129093803990581,113,0.6346681512418301,159
ank_22_16,2.130548912570933,48,2.5503609523762067,49,2.820707519582874,47,2.9651365184109024,51,1.5699166528579471,59,1.5345974463687775,76,1.6295115251065886,61,2.170948334847518,74,2.6677505885544432,36,1.62029688590451,72
ank_22_37,1.5701902271450938,52,1.106995342879139,42,1.5350885352741734,60,1.1274153068745834,50,0.7061522288313211,59,0.9657634606353308,67,0.8089075552410795,57,0.7626977039803933,67,1.0331726656094746,49,0.842502744062528,65
ank_23_14,2.2282657434963276,79,2.42645920867424,48,2.360304338227716,64,2.2915286108789066,67,1.9381458539625858,75,2.177412738253476,81,2.112012354873816,65,2.3630130373538694,73,1.6349420220522584,52,1.6922660225932804,68
ank_23_28,1.1222656566685503,85,0.7723521946081018,76,0.7332762602826507,87,0.7381993536167253,92,0.599151625526377,97,0.5389967682363227,114,0.5494276148989842,123,0.5627753168735133,123,0.7302598097156145,89,0.5875514387116665,146
ank_24_0,1.6337315654255946,79,1.4691018691785611,97,1.8289416488235972,83,1.8936131185890375,93,1.5055365351753065,92,1.3537944511769031,106,1.5733624772778212,119,1.2471338291078489,104,1.8836469959848103,109,1.2302294033508874,106
ank_24_12,2.720938789741028,45,2.6180405708415995,53,1.4740600575701157,63,2.3377475702329713,60,2.6571594479414102,74,2.2859315121151687,67,2.0151436256198756,60,2.200121991092363,70,2.785569047538082,49,2.426484844545371,70
ank_24_14,1.2204075537812042,76,0.9428148415602716,83,1.044646012276402,99,0.9248267931952612,82,0.7003588911888154,80,0.6186588359048624,92,0.5288195572125427,122,0.5209312616653614,115,1.3686518817685378,99,0.5484511087788317,130
ank_24_3,3.1355213693287585,61,2.929567770023122,53,3.15107599851991,62,3.0879370684387077,61,2.9785978628305987,49,2.344272447724428,55,2.895733011317369,57,2.955060649381571,50,3.30007511287093,43,3.0409424038789616,42
ank_25_1,1.5546033017845238,104,1.3847999909581492,95,1.2669734057991684,103,1.4407519978095773,116,0.9104058409214875,120,0.8661162149495126,120,0.7434084050962506,152,0.724910089526193,146,1.363483048411945,93,0.728374512381057,145
ank_25_14,2.2049501146732764,50,1.8555449708897345,40,3.1818199722003584,56,2.895175339327632,66,2.84706652936675,63,2.2903488141494153,62,1.713659561592698,92,1.64486726926473,89,2.895155384646234,55,1.647810219641549,91
ank_25_16,2.6251479998807166,64,2.2711499727061746,56,2.0328097789322097,61,2.4158909178552816,59,2.258707514925707,80,2.3610735395952753,81,1.6880374657532495,89,1.6188262661279809,81,2.071990238963932,61,1.727730450054862,94
ank_25_37,1.3016927301833174,57,1.5334338839330228,56,2.2801508679641294,56,1.5529684191545117,57,1.5458427630762874,70,1.2588637007396044,81,1.3440045404097298,96,1.3341738038830857,89,2.046362384511358,58,1.233499889905687,94
ank_26_21,2.8427749638523077,34,1.4943997567178615,53,2.695194335914427,50,3.985060422997655,35,1.1419404049046569,54,1.7941482169248917,64,1.864480669579393,58,2.1856498080914335,65,2.8953723863024603,36,1.851326377308994,62
ank_26_22,1.2006007475070886,49,1.1074581812601787,47,1.2536722328082446,46,1.8460347710490952,52,1.122133264838627,66,1.2021501974218312,57,0.8624163223619632,71,1.1512438002157748,87,1.5190531103142118,65,1.3000184164346955,87
ank_26_29,0.7048794771968182,157,0.7918898207476373,178,0.6505306788401464,225,0.7305722327837368,254,0.684037037515419,226,0.6517405438409225,240,0.6271538293881541,309,0.6463303765904975,360,0.7715100118154398,213,0.606199882098677,369
ank_26_3,1.3778618810876764,100,1.483405234051682,92,1.5965969885417328,77,1.261704141568318,98,1.257823722259369,120,0.7695230045043073,99,0.8822063542537177,121,0.9930943030349187,109,1.5444980216085953,116,0.8420281462787867,103
ank_26_35,3.49450754274116,34,3.625695403546426,35,3.3036856476555374,42,2.7836082086661595,46,3.3628753780306075,45,3.0097571502809237,59,2.0149763473251605,44,2.1779694927231152,44,2.793737529363279,43,2.5425047018453437,54
ank_26_5,1.8948353944577896,86,1.3552315630625538,94,1.0613755802763034,112,1.1147336879064402,125,1.0353140661507079,120,0.8852045980927415,125,0.7845747658530359,127,0.84773642452979,127,1.1698874367178145,95,0.8425264393503425,143
ank_27_14,3.5692837461647606,48,3.19901403198613,62,3.896557124694985,55,3.4887505130450203,48,2.85232510389664,60,2.530652238351294,56,3.5845671993294435,47,3.455247695609413,51,3.646902190750709,36,3.134738559330047,68
ank_27_40,2.656829365342901,54,2.2891746434723013,46,2.664882787399785,46,3.4023326441961603,32,2.1453930097877807,48,1.8305070481871875,51,2.355464514173476,52,2.3701763549993284,46,3.0415650315337737,46,2.6989977943888035,54
ank_28_27,1.6604990389243448,60,2.069844355827715,53,1.5877266354341708,53,1.4333456827114535,35,1.306806295313958,52,1.5760921547970372,70,1.1586106950862876,66,1.0989128710132143,68,1.34905180073086,46,1.2445523522154789,73
ank_28_37,1.1573513829617053,118,0.9996647978608029,109,0.6529904790369578,134,0.7129298478756737,138,0.7360072312018096,114,0.7162608081213784,115,0.6876119760461292,142,0.678681100196887,173,0.6906033800668303,159,0.6826302362513247,162
ank_28_38,1.499960848778824,63,1.0043420384527406,61,1.6104458474219354,33,2.1054812410227126,48,1.5455242580470823,72,1.680351167359356,73,0.723550555037565,41,1.1299357799753866,73,1.682531808863966,65,0.9392716393599098,69
ank_28_9,3.487865249499599,56,3.9760393708882273,59,3.495515578931393,58,2.996431305456743,48,2.906312793549908,52,3.522820898486166,57,2.973411611972597,57,3.7229166951601225,49,3.417763931667682,53,4.04707175579343,58
ank_29_0,1.7488746361203864,85,1.3114124365479307,87,1.037002734923221,73,1.6544925858318136,94,1.3078101576231087,111,1.2310421975644985,111,1.2252530120676302,97,0.9708009854419849,112,0.9356113921270096,71,1.1283701114910114,104
ank_29_11,3.200620404911452,67,3.3921126583090664,43,3.5808029142212483,37,3.6536913646239704,38,2.9691648534162156,54,2.8666324830289223,62,2.978766883990387,53,3.266922515489704,67,2.5735868114607445,50,3.3223001745521676,74
ank_29_21,1.8917480302380394,47,1.9219830112623557,49,2.682944974142541,54,3.035557995280571,46,1.6210555162354408,50,1.9060522482846234,54,2.048103966465927,53,1.5025810945033693,54,2.0904562136344915,47,1.7581918310549915,52
ank_29_24,1.1854053027720262,124,0.9865406611447486,119,0.8084483050635489,147,0.8423836160897198,155,0.8186527262136397,176,0.7204610286646593,196,0.6241579219311256,216,0.6284019444615038,209,0.8448699243219455,141,0.6202392284620022,223
ank_29_26,1.4478428873074574,60,0.8576945323894257,74,0.7971213572362174,48,0.8445930588774794,62,0.853080726660601,93,0.8258448678543626,107,0.6849187451352533,123,0.5523040159085265,94,1.1174394310629705,73,0.6994332636929947,107
ank_2_12,1.8531922913888443,101,2.365142329877805,106,1.7322787060009908,93,1.5010577304904906,76,1.8548790113516738,109,1.3659606005120755,106,1.5742242824958115,101,1.4714071208213815,117,1.9519950361164753,93,1.5549402761324085,119
ank_2_23,2.031892940263054,58,1.2549617973041354,36,1.3963657393480104,74,1.4130138137262185,49,1.1415290455108147,70,1.1716194533789215,65,0.741658172016846,68,0.7390085028511518,80,1.0610125317564552,56,0.6388412794073501,83
ank_30_30,0.7983611314437865,125,0.675917803768822,130,0.4935010891984914,103,0.5529028829240786,130,0.6131871453498552,163,0.5070856416266362,151,0.4821668150308692,174,0.47040462023909596,184,0.6621963494877938,131,0.4842671549253561,194
ank_30_7,1.150476756721408,115,1.4042797865055325,96,1.2618780011678168,110,1.1084882559571518,118,0.7024279241306154,114,0.7424552649819469,112,0.8213553445383097,133,0.790615850536228,132,0.9560925491183784,108,0.6246056949671772,130
ank_31_32,0.7690996901419197,145,0.6613962917705845,177,0.5201348415469578,200,0.5922923029766983,178,0.554790835566283,229,0.5448026979589415,240,0.5361728485941917,267,0.5035498844014643,263,0.6404482554189246,183,0.5118380077236014,274
ank_31_7,1.0733692894225206,130,0.8600639161281873,140,0.9410946239263525,144,0.8276220794002451,131,0.7180956876970803,172,0.5326818439748181,173,0.5211977791134922,193,0.515735809126648,234,0.8616580128679997,150,0.4952874572420798,221
ank_32_12,3.64443434908477,47,3.0528904220020165,67,2.8230891897156916,59,3.3420155528432898,59,3.2500441322674423,72,2.5282288637179855,56,2.8266890534940576,56,2.5676231292337786,63,2.6170256219801264,73,2.457621675576765,49
ank_32_21,1.6218092828207886,69,0.9307110716488841,70,1.4826880945154852,79,1.275645980995865,88,1.231798442624328,91,1.2301074285303888,101,0.9932076521134208,108,0.794869479586304,108,1.3754260338728062,74,0.8292585016572039,123
ank_32_37,0.8364583394053963,146,0.8170581954262621,179,0.9186549736096152,172,0.8491274630735486,186,0.6525385162461523,219,0.5689048645983559,249,0.5556136661889245,262,0.5640049789747605,267,0.6769265378806125,193,0.5841106684851154,288
ank_33_25,0.7774896254489134,177,0.6925557209503954,187,0.6763922761958377,195,0.5523204015780424,197,0.5963366136953411,222,0.5774809892899609,257,0.5729485242924303,261,0.5665525664267185,248,0.6228255397600917,197,0.5669227128363076,263
ank_33_3,1.2156276612299242,98,1.040372131940177,116,1.1716091189281574,122,1.3605092946754263,128,0.9083981321587096,163,0.8048005893512142,178,0.7072040301788998,183,0.6555307894684963,184,1.0850208220762552,120,0.7149750336979398,199
ank_33_34,0.8906275143556367,225,0.6789526061042029,247,0.5887077851034572,291,0.5942722055862857,282,0.5702148569744445,280,0.5621729831750609,330,0.49371372588828694,410,0.5011879820256262,432,0.5939434282147219,277,0.5006159730412332,482
ank_33_36,0.7880215028040807,107,0.6982592446106336,127,0.6480920491354114,183,0.5699514175453256,183,0.5872789242703941,169,0.5501274940176633,192,0.5027914392008903,242,0.46806155081921913,231,0.4964666821791499,169,0.4780729730913894,243
ank_34_11,1.4458867156321271,100,1.5764051693692132,113,1.311489997456391,113,1.1534642710406842,101,0.9220419878628264,162,0.6999587804857432,161,0.6416478291858763,166,0.6069430683334729,180,0.976267409954508,101,0.5555435578656005,177
ank_34_15,2.3637835219238252,55,2.1445608378588887,69,1.4902917536789353,80,1.3725119501908645,77,1.6197020468436643,88,1.1567571538854957,98,0.8214589710538744,107,0.7385658179054051,107,2.3184663565528005,96,0.7551108714726373,104
ank_34_21,1.3780237790004402,51,0.9663824494452732,57,1.0130732497234898,67,1.3452573832472245,61,1.0085959467336791,64,0.6768994799669674,69,0.6338558066787507,96,0.6989587051419276,91,0.8990068048613674,68,0.6521734095355841,98
ank_34_30,0.8573198435276899,151,0.7087474701779894,163,0.6738251382110794,204,0.563791439619094,157,0.6454359317691549,190,0.636109092135335,235,0.5379175044749954,297,0.45318548055908126,283,0.6890021467365091,180,0.4670994488924977,338
ank_35_11,1.1454788829174225,114,1.0018636690750955,114,1.079427526506713,141,0.7932414936291785,147,0.8081969268348848,165,0.7987164347653539,190,0.6649199789104343,154,0.6273223945549617,178,0.7912967263612201,121,0.6283488495713034,193
ank_35_28,0.8887661707584172,183,0.7902927976407974,194,0.6312018324363037,198,0.6742485467783541,229,0.6651949211208142,250,0.5974010443436888,283,0.5379740696579842,360,0.5280472444789694,399,0.7189080244243683,259,0.5040855542699036,390
ank_35_39,1.970133247451492,74,1.6378445191325068,68,1.7757155317655449,72,2.5209611246807357,57,1.2676705128355452,89,0.92520463148805,74,1.3774310284740574,77,1.291073799562071,89,2.255562277997639,71,1.463073742107515,93
ank_35_7,1.7701779706344594,96,1.5904425850205914,88,1.3066566366611219,72,1.4224096773112538,88,0.9598272226208592,101,0.9622845551123467,90,0.8528832262438757,114,0.914057637259907,123,1.5280296271180704,78,0.9626610186765256,132
ank_36_40,2.8816770378194585,42,2.703339862336937,53,3.4083165255233268,37,3.3795054406033183,42,2.779819506982979,50,1.9742216421774208,53,3.072400588816299,45,2.3708847284872983,57,3.372861881837541,40,2.548660424551382,53
ank_38_19,3.1806037396255147,41,2.758727638414838,38,3.0014175113704455,41,3.0594632071045487,30,1.7989891546661105,31,3.47227052391874,44,3.578438302557226,45,3.4233249077184826,31,2.739942881945937,30,2.7156931859657676,37
ank_38_22,0.8514462164957749,111,0.7629225116847377,130,0.6617262408156921,121,0.6092072816464154,137,0.650570358271009,153,0.5714017104120929,173,0.5351170281574467,195,0.5450409755525555,194,0.6610184648365367,149,0.5157292674035262,215
ank_38_24,0.9950508840997729,43,1.2004482920679316,65,0.7569869099204347,44,1.9762450193254655,39,1.0937475646440193,65,1.120822743492615,62,0.875297355554186,62,0.7596018386528955,62,2.4058721918770862,46,0.6878730432245863,57
ank_38_27,1.5192078973937946,63,1.1779418502840624,53,0.8473952822989793,57,2.253925333434912,49,1.1949265704942877,79,1.0601592617553128,77,0.8509128642720989,84,1.273721599353662,104,3.181430939959405,50,1.0784899077106065,89
ank_38_40,2.103041707655365,55,1.5431157773638273,45,2.3617170963304908,60,2.926593634868635,49,1.6841644164441691,60,2.3247464036062144,70,1.6401533852853567,70,1.8516033138455468,75,3.2128551196387294,48,1.718767016653988,69
ank_38_9,0.7821707914450424,85,0.7118850113138332,99,1.0273636642835362,139,0.6812122072128846,97,0.7582794589421338,110,0.6332348179616036,117,0.7896805212372126,165,0.7278687381450207,149,0.7729893496688985,132,0.5994729172402316,141
ank_39_1,2.706970044061364,46,2.6950247031972223,42,3.3455157557753705,49,2.5850446552868034,42,2.7940724303223186,52,3.0163698140036264,60,3.546252619150846,50,3.352340737443395,64,3.3865632841044464,38,3.8024978560841425,65
ank_3_13,2.1008797464617386,70,1.5999905136817352,57,1.4961705126693583,61,1.700277057409866,52,1.8304143241809934,86,1.1275482152129828,92,1.2778813116952779,85,1.648355569563841,94,2.709680722633066,48,1.0209179027300286,83
ank_3_25,2.891813042704378,54,2.9133370800196308,44,3.369834132683517,46,3.930280789784001,42,2.766308878453889,60,2.2703623399509802,50,2.687942674782734,75,3.166127358165066,71,3.264407183285389,39,2.3459007768980817,72
ank_3_29,3.1588683251151504,16,3.194085210243999,11,3.4103959916887847,9,3.8104144954418593,15,3.5271568134597717,22,3.6023331371783485,24,3.172536020467509,24,3.6065057775985165,16,3.972902117924719,22,2.8804735189115354,18
ank_3_34,0.7595418174643597,73,0.6846273409478365,66,0.5537075547089004,78,0.5746385150735952,69,0.6700516023471257,96,0.623306198260632,87,0.5769626986223678,99,0.5739596078580754,114,0.712124159274211,68,0.5820484771536303,131
ank_3_39,1.6159260913713518,27,1.8718831739161423,32,2.371871777203543,42,3.3986700445335964,35,1.9557256040280113,35,2.2368942838519006,44,1.7618415983837055,45,1.4435197623045577,53,2.106801223827408,42,2.071685707657219,56
ank_3_9,1.576535966141219,67,1.3214990711719976,78,1.1004888292708999,73,2.064281385089917,59,1.5321445069211772,80,1.3934470307726488,93,0.6505937118628259,78,1.1903816886755758,95,1.8582011230516495,78,1.0967354615414056,95
ank_40_19,0.5838697452631716,90,0.6413786829924968,104,0.5540918150274838,92,0.4174824657090878,92,0.560910969221097,130,0.5302051810257769,127,0.5376675178364995,129,0.5007525805192221,143,0.5964745338755398,94,0.5238858917033711,146
ank_40_2,2.9991232317632632,43,3.4803745615689503,47,3.7222783664269765,52,3.124845475225214,47,2.9071030927064783,67,2.054829423056057,68,2.8270923737865608,61,2.9471343536307284,75,2.978295836262247,47,2.3255279720903164,67
ank_40_40,2.6792579016992386,33,2.6933335188894842,41,3.473387029257975,33,2.244804265115008,37,2.72229950345827,42,2.6559332825759348,55,2.51920264969857,54,2.807216010173951,65,1.7775285235230731,32,2.4581087794435725,63
ank_41_0,2.496527371662193,50,2.5245607264873247,66,2.8929593408003544,52,3.067517477724274,56,2.48634630734862,63,2.711668631343279,70,2.157864363407027,74,2.5360854878079593,72,2.5103802472915975,68,2.1566632536760877,70
ank_41_1,2.639932112369155,46,2.9679961722851247,54,2.6430836967729885,32,3.2005606313612307,39,3.0117048707151253,41,2.383429217048959,57,2.739029711426819,42,1.9195765093673187,42,3.4232182906152,35,1.8409251987454245,65
ank_41_19,2.7477369490209176,24,2.4205103258472853,25,3.6505312877109164,34,3.3563255729249497,32,2.114373352547274,31,2.7461880429345373,35,2.0936743965790385,41,2.857632963395957,34,2.9715132780961704,29,2.0389946487287447,40
ank_41_40,3.791250053228001,30,3.8528199991113468,21,3.968889245500039,30,3.9994918169293596,22,4.0888560301518755,30,2.8008138220124965,31,3.3104915880810206,44,2.978882321541459,44,3.049437306768318,25,3.9877747972065674,47
ank_4_23,2.658364394651945,50,2.5439468701317054,39,3.1107411136035927,37,2.9761520713302696,33,1.9302842369994944,52,2.027299269817626,45,1.7042361097781957,72,1.5987676558138646,61,3.270671384177041,39,1.623875986937803,68
ank_4_41,1.764877618081835,29,1.606426001903145,58,0.9708891710002432,41,1.1451138092285316,48,1.7120224120560517,50,1.301688062830443,46,1.569502800558986,69,1.3122781934491623,63,1.3248149008102392,44,1.295925827522781,74
ank_5_12,0.7369705104929128,126,0.7147340814814345,140,0.7299271131365344,140,0.8396405570303667,110,0.5568181492823968,177,0.5148523584118929,172,0.41226036122387777,216,0.397958199175198,191,0.7178622937945992,135,0.4080395101185156,192
ank_5_40,3.212401256577441,22,3.7441550947480096,18,4.59825443590854,24,3.6319481349811884,16,4.68735517449529,13,3.818285380846306,19,4.169895128415256,26,4.403906469526916,22,3.405481462186452,20,4.606991907997554,21
ank_5_5,1.1144993663974687,86,1.0394180057885425,82,1.242986374456309,115,1.3649442552413507,103,0.7157747706486408,151,0.7294900202257101,149,0.7014572319435028,156,0.5840567268032255,156,1.0844697190849262,118,0.4807575573329983,152
ank_6_10,1.5849539849314773,100,2.1487153761024773,111,2.5152768470018025,96,1.8244882953606467,77,1.7703119884634682,89,1.9610971749893324,109,1.3839745682439835,99,1.629202254426113,105,2.106442604668774,96,1.4104642530754132,100
ank_6_38,4.696975002615306,22,2.426479948674119,17,3.620142015158377,18,4.13251157559873,16,3.200959157680848,26,2.555729858662658,19,3.8221049380679917,34,3.5198545829543733,26,2.652562828666997,21,3.5557764299553813,25
ank_7_36,5.386260498036834,17,3.627142591244155,14,3.001621031633949,11,3.1182034413863957,27,2.893495061980962,21,1.8382052326476135,31,3.160729030770887,32,2.883927632128665,19,4.345372951012059,17,4.2102825797188865,25
ank_7_8,1.8288574464042557,79,2.4373280493930745,83,2.339939824788757,84,2.0061714573369818,74,1.778013494123725,112,1.1340143898374067,84,1.364777908021229,102,1.238488051512658,97,1.9624913811434712,77,1.0927195307815996,84
ank_8_19,3.069941733560346,44,2.6861230913583873,45,3.3595473774853675,48,2.434236855640701,46,2.548733010179776,49,2.8091582284536525,44,2.5607134747410125,56,2.242857600438236,63,3.3190414662609036,41,2.035910514531145,70
ank_8_22,1.9153471264366204,54,1.619240749264983,64,1.6686101635981434,63,1.3975502374156625,58,0.909055516626933,73,0.9563788114537417,80,0.7165209444132461,101,0.519016867044309,69,2.1150284112228586,53,0.8326991479188905,96
ank_8_31,1.3341790521592998,40,1.7185883387687142,35,1.5400453626914798,34,1.5327960070373736,26,1.3652708712834885,42,1.097298323731122,45,1.6107283751616488,54,1.4287726779289511,54,1.6497345933611502,39,2.0753406532221836,45
ank_8_41,0.829710988226323,105,0.7208413144817672,109,0.7489400176127029,103,0.6404595376112203,110,0.7197700527324127,131,0.6634693728967754,147,0.5011401539412962,162,0.516322425967285,169,0.6142269856969385,82,0.5190753448778664,168
ank_9_1,2.7280117547873175,62,1.8789031001829184,78,1.678777186514968,74,2.502036165852396,75,2.422568832046451,90,1.8262709069029481,93,1.6626244440112175,109,1.7433970747515006,95,2.5757576725374616,65,1.9281268218233392,111
ank_9_24,1.5933419082068776,48,0.9834491729959612,69,1.3634497714694334,51,1.2093324574653892,58,0.7294850683742283,62,0.7476277361011879,75,0.7712587185633168,81,0.6519118004532469,83,1.6469794129295592,57,0.7510498383525146,82
ank_9_25,1.0884931752700577,72,0.7014034916871659,58,1.0483868518720874,74,0.9624210699762474,57,0.6849385739457803,86,0.5967193787311226,79,0.5754425241101009,90,0.4458153812552331,80,1.8463254010468584,34,0.6687869828962195,110
