sitevar,arm,stem,stratum,n_mean,med_mean,n_single,med_single,improve
ank_overpass,pretrained,ank_0_10,3,60,3.2227800195450267,60,3.4202333198522137,0.197453300307187
ank_overpass,pretrained,ank_0_16,5,67,1.8955835279625586,70,2.384862391438782,0.4892788634762233
ank_overpass,pretrained,ank_0_30,1,30,3.929227345479044,28,3.3387973218253046,-0.5904300236537394
ank_overpass,pretrained,ank_0_41,2,36,2.1280735278510385,26,2.5939270093610203,0.46585348150998174
ank_overpass,pretrained,ank_10_1,4,63,1.4642346259881336,82,1.3793783388990695,-0.08485628708906412
ank_overpass,pretrained,ank_11_14,4,47,2.4040064643822943,39,2.1072049859277864,-0.2968014784545079
ank_overpass,pretrained,ank_12_21,1,49,3.087334807923088,52,3.840477071953303,0.753142264030215
ank_overpass,pretrained,ank_12_28,1,34,3.163159486091496,24,3.7515714024219395,0.5884119163304433
ank_overpass,pretrained,ank_12_35,4,58,2.421388776211354,59,2.0236169132480937,-0.3977718629632605
ank_overpass,pretrained,ank_13_12,4,82,1.6528875300045476,81,1.9687657879551477,0.3158782579506001
ank_overpass,pretrained,ank_13_17,1,47,2.2482201618321747,43,2.9336896856680665,0.6854695238358919
ank_overpass,pretrained,ank_13_21,1,60,2.9266296136010856,48,2.4552028634420084,-0.4714267501590772
ank_overpass,pretrained,ank_13_29,2,36,2.881700274575298,41,3.7566123078373588,0.8749120332620608
ank_overpass,pretrained,ank_13_34,1,20,2.7662889988398,26,2.9330486999203997,0.16675970108059968
ank_overpass,pretrained,ank_13_6,4,79,1.4762754503492699,67,1.6551381930016695,0.17886274265239965
ank_overpass,pretrained,ank_14_33,2,25,3.053593466912595,23,2.6852041495163994,-0.3683893173961956
ank_overpass,pretrained,ank_14_9,4,58,2.5118138188471293,48,2.6853700722182094,0.17355625337108016
ank_overpass,pretrained,ank_15_22,2,43,3.713507671842897,45,2.711390639736519,-1.0021170321063781
ank_overpass,pretrained,ank_15_41,1,36,3.9893018030332064,31,3.4543109343097678,-0.5349908687234386
ank_overpass,pretrained,ank_15_6,4,70,2.201401827224334,74,2.2565164080808167,0.055114580856482576
ank_overpass,pretrained,ank_16_36,1,18,3.8150204977177617,10,2.8374037080167502,-0.9776167897010115
ank_overpass,pretrained,ank_16_9,4,52,2.620254979366489,56,2.806683662740791,0.1864286833743023
ank_overpass,pretrained,ank_17_17,1,47,3.485549173663859,50,2.8414733322891434,-0.6440758413747156
ank_overpass,pretrained,ank_17_19,3,48,3.169116623672698,47,3.8275000827557153,0.6583834590830171
ank_overpass,pretrained,ank_17_22,3,47,2.5010372396361205,53,2.4340296949742752,-0.06700754466184522
ank_overpass,pretrained,ank_17_31,3,55,1.979779253311035,59,2.534098500596339,0.5543192472853038
ank_overpass,pretrained,ank_17_32,1,24,2.753662789977005,30,3.6175248287805832,0.8638620388035783
ank_overpass,pretrained,ank_18_16,3,51,3.91965685300962,54,3.6722670151731953,-0.24738983783642476
ank_overpass,pretrained,ank_18_27,2,44,4.24557677141739,46,3.32172871640942,-0.9238480550079702
ank_overpass,pretrained,ank_18_29,3,61,2.206786349137716,56,1.7922589178938884,-0.41452743124382785
ank_overpass,pretrained,ank_18_37,4,30,2.2652495358636067,26,1.2473183174882643,-1.0179312183753424
ank_overpass,pretrained,ank_18_39,3,58,1.4023808195668934,52,1.5733558611060179,0.17097504153912446
ank_overpass,pretrained,ank_18_7,4,63,2.79796737530631,61,3.2195614402300556,0.42159406492374574
ank_overpass,pretrained,ank_19_15,4,42,2.463256538749251,53,3.0953496731321097,0.6320931343828589
ank_overpass,pretrained,ank_19_33,1,22,4.8412869950002335,22,4.702300725510231,-0.1389862694900028
ank_overpass,pretrained,ank_19_6,2,42,2.8724255610840173,40,3.5026591039577597,0.6302335428737424
ank_overpass,pretrained,ank_19_9,2,30,2.6664858909047213,34,2.926465695711448,0.25997980480672656
ank_overpass,pretrained,ank_1_34,3,29,3.6068960982160516,21,3.0208953480253165,-0.5860007501907352
ank_overpass,pretrained,ank_20_10,3,43,2.4164740115988192,46,2.3592761860519142,-0.057197825546905
ank_overpass,pretrained,ank_20_19,1,47,3.9159959374774123,49,3.023494661464951,-0.8925012760124611
ank_overpass,pretrained,ank_20_37,5,94,0.8872174696903911,89,0.928379103905357,0.04116163421496599
ank_overpass,pretrained,ank_20_6,3,66,2.924524223937845,50,2.9146588970063463,-0.009865326931498775
ank_overpass,pretrained,ank_22_10,5,71,1.6896313185047112,72,2.0713169563672045,0.3816856378624933
ank_overpass,pretrained,ank_22_16,2,33,3.654139364215098,46,2.626797762402023,-1.0273416018130748
ank_overpass,pretrained,ank_22_37,4,41,1.9981650914589115,46,1.9738203744855904,-0.02434471697332108
ank_overpass,pretrained,ank_23_14,3,60,2.1789183558497314,62,2.0520719390391853,-0.1268464168105461
ank_overpass,pretrained,ank_23_28,5,70,2.0265688563900506,68,1.8974337895960471,-0.12913506679400344
ank_overpass,pretrained,ank_24_0,4,69,2.7021666273848624,88,2.7392213040302327,0.03705467664537032
ank_overpass,pretrained,ank_24_12,3,57,2.5381694572015854,52,2.728316404729733,0.19014694752814743
ank_overpass,pretrained,ank_24_14,4,36,2.8481210698671635,30,3.080987751681082,0.23286668181391867
ank_overpass,pretrained,ank_24_3,1,48,2.8481564521940133,61,2.58090755774413,-0.2672488944498834
ank_overpass,pretrained,ank_25_1,5,61,2.371776516076892,61,2.4412955019623923,0.06951898588550032
ank_overpass,pretrained,ank_25_14,2,51,3.0864363637296166,45,3.3544857841690505,0.2680494204394339
ank_overpass,pretrained,ank_25_16,2,49,3.997048551948425,61,3.4929275658705374,-0.5041209860778877
ank_overpass,pretrained,ank_25_37,4,33,2.808869068272781,31,3.609133736475365,0.8002646682025842
ank_overpass,pretrained,ank_26_21,3,28,2.3264706441640772,39,4.056458049801828,1.7299874056377504
ank_overpass,pretrained,ank_26_22,4,23,4.093113791444233,25,3.3681843300302794,-0.7249294614139532
ank_overpass,pretrained,ank_26_29,5,111,0.899027074070553,118,0.9836413876606981,0.08461431359014504
ank_overpass,pretrained,ank_26_3,4,90,1.716793468821432,98,2.158658570961033,0.4418651021396012
ank_overpass,pretrained,ank_26_35,2,33,3.407351574211433,35,3.946603686802954,0.5392521125915213
ank_overpass,pretrained,ank_26_5,5,65,1.9374595676600945,89,2.094223561535475,0.15676399387538043
ank_overpass,pretrained,ank_27_14,1,46,3.0090503925985974,59,3.427435324637085,0.41838493203848737
ank_overpass,pretrained,ank_27_40,2,51,3.3249167748619066,48,2.937677963362308,-0.3872388114995986
ank_overpass,pretrained,ank_28_27,3,37,3.4225250546992174,30,2.7548603591329686,-0.6676646955662489
ank_overpass,pretrained,ank_28_37,5,78,1.5293298692510782,79,1.2508465143964587,-0.2784833548546195
ank_overpass,pretrained,ank_28_38,2,53,1.7076452684629615,56,1.7417625721293604,0.03411730366639887
ank_overpass,pretrained,ank_28_9,2,49,3.354149533579265,44,3.183877067939096,-0.17027246564016885
ank_overpass,pretrained,ank_29_0,5,65,2.2628764981167775,51,2.2722131606506224,0.009336662533844908
ank_overpass,pretrained,ank_29_11,1,58,3.7662494844762353,59,3.9573282289384086,0.19107874446217332
ank_overpass,pretrained,ank_29_21,3,46,2.6385185657907293,34,2.5146027143633374,-0.12391585142739192
ank_overpass,pretrained,ank_29_24,4,81,1.8503694780998738,78,1.8957157530185738,0.045346274918699914
ank_overpass,pretrained,ank_29_26,3,50,2.828977782328339,37,3.1275909951160594,0.29861321278772035
ank_overpass,pretrained,ank_2_12,3,95,1.9137358041862929,96,1.9525773060348806,0.0388415018485877
ank_overpass,pretrained,ank_2_23,3,40,3.1106071606083505,30,2.5083602322552885,-0.602246928353062
ank_overpass,pretrained,ank_30_30,5,83,0.8543268514550988,81,1.017384308668534,0.16305745721343512
ank_overpass,pretrained,ank_30_7,5,68,1.6449606020829202,83,2.200477668577223,0.555517066494303
ank_overpass,pretrained,ank_31_32,5,91,1.1907714318479645,94,1.3766318664768442,0.1858604346288797
ank_overpass,pretrained,ank_31_7,5,108,1.327836069114147,124,1.5282140171963285,0.20037794808218146
ank_overpass,pretrained,ank_32_12,3,39,4.127171858982415,49,3.94435261238675,-0.18281924659566462
ank_overpass,pretrained,ank_32_21,4,66,1.8443161108703907,56,2.278629119768777,0.4343130088983864
ank_overpass,pretrained,ank_32_37,5,108,1.2360955606694182,106,1.2117355955519344,-0.02435996511748373
ank_overpass,pretrained,ank_33_25,5,117,0.7665883864916588,95,0.6628517447839597,-0.10373664170769914
ank_overpass,pretrained,ank_33_3,5,95,1.3403266590773164,94,1.4263536042444787,0.08602694516716225
ank_overpass,pretrained,ank_33_34,5,164,1.0486155519028773,161,1.0092296573166208,-0.03938589458625641
ank_overpass,pretrained,ank_33_36,5,101,0.9202634170926207,82,0.889275110908686,-0.030988306183934666
ank_overpass,pretrained,ank_34_11,5,97,2.264864441809889,80,2.339784999526013,0.07492055771612405
ank_overpass,pretrained,ank_34_15,5,59,2.361355759228241,55,2.68840101939931,0.32704526017106916
ank_overpass,pretrained,ank_34_21,5,51,1.8381302070674455,48,2.0019981207312325,0.16386791366378706
ank_overpass,pretrained,ank_34_30,5,125,0.923459082200252,129,1.0680679480284196,0.14460886582816768
ank_overpass,pretrained,ank_35_11,5,108,1.400326330724348,106,1.4696012553976123,0.06927492467326424
ank_overpass,pretrained,ank_35_28,5,162,1.0165370027274503,160,0.9799123000217552,-0.03662470270569507
ank_overpass,pretrained,ank_35_39,3,63,2.222287663341978,54,2.049985786922859,-0.1723018764191191
ank_overpass,pretrained,ank_35_7,4,50,1.8554923247177284,48,1.6081806189260295,-0.24731170579169892
ank_overpass,pretrained,ank_36_40,1,39,3.714111466946388,36,3.411283324431821,-0.30282814251456713
ank_overpass,pretrained,ank_38_19,2,25,1.9142787514921284,27,3.432308578100129,1.5180298266080006
ank_overpass,pretrained,ank_38_22,5,86,1.027043494543408,70,0.8073896635354696,-0.21965383100793834
ank_overpass,pretrained,ank_38_24,4,37,2.6387728653831672,29,3.1926147090635695,0.5538418436804022
ank_overpass,pretrained,ank_38_27,4,52,2.210548520538296,51,2.397332126305344,0.18678360576704778
ank_overpass,pretrained,ank_38_40,2,30,3.937839501053066,34,3.908819245266571,-0.02902025578649514
ank_overpass,pretrained,ank_38_9,5,71,1.1186070581746743,100,1.2186124393309106,0.10000538115623625
ank_overpass,pretrained,ank_39_1,1,49,2.80581126523166,44,2.626637733916528,-0.17917353131513192
ank_overpass,pretrained,ank_3_13,2,49,3.5111295774221523,42,2.7147242735002193,-0.796405303921933
ank_overpass,pretrained,ank_3_25,1,43,3.6222397129570894,34,3.252194756196667,-0.3700449567604225
ank_overpass,pretrained,ank_3_29,1,13,3.143161063662518,9,4.8680302001762366,1.7248691365137185
ank_overpass,pretrained,ank_3_34,2,57,1.4909821751413264,42,1.5471060039183473,0.056123828777020934
ank_overpass,pretrained,ank_3_39,4,21,5.094267366642819,25,3.1422514371837544,-1.9520159294590642
ank_overpass,pretrained,ank_3_9,3,64,2.1373084617783116,48,2.177714283839724,0.04040582206141252
ank_overpass,pretrained,ank_40_19,4,77,1.1763742330176647,70,1.1560847179588474,-0.020289515058817376
ank_overpass,pretrained,ank_40_2,2,37,3.6136532309870644,26,3.4604272492813135,-0.15322598170575086
ank_overpass,pretrained,ank_40_40,1,40,3.3877895980710138,34,3.4493064691247453,0.06151687105373149
ank_overpass,pretrained,ank_41_0,2,44,2.8983377698333914,41,2.4492768761365613,-0.4490608936968301
ank_overpass,pretrained,ank_41_1,3,33,4.016587042333026,32,1.779803058704372,-2.236783983628654
ank_overpass,pretrained,ank_41_19,2,29,3.2585559740636962,31,3.570500529080033,0.3119445550163369
ank_overpass,pretrained,ank_41_40,1,27,2.8991851266182436,35,3.5760439883279256,0.676858861709682
ank_overpass,pretrained,ank_4_23,2,33,3.5314072095331572,43,3.6113127066180377,0.07990549708488048
ank_overpass,pretrained,ank_4_41,2,27,3.227951345520964,27,2.5273551257114004,-0.7005962198095634
ank_overpass,pretrained,ank_5_12,4,95,1.1278330450731398,94,1.3545000592036232,0.2266670141304834
ank_overpass,pretrained,ank_5_40,1,12,4.119002861021157,19,4.58020746060547,0.46120459958431326
ank_overpass,pretrained,ank_5_5,4,92,1.480968995897325,79,1.5058048753851876,0.0248358794878627
ank_overpass,pretrained,ank_6_10,3,102,2.398403502170532,87,2.504114825387608,0.1057113232170761
ank_overpass,pretrained,ank_6_38,1,16,2.2189703916296217,20,2.649860641463357,0.43089024983373525
ank_overpass,pretrained,ank_7_36,1,13,4.019801844480004,20,3.459929870983041,-0.5598719734969633
ank_overpass,pretrained,ank_7_8,2,80,2.092902222489271,86,1.8945405626643987,-0.1983616598248723
ank_overpass,pretrained,ank_8_19,1,33,3.97827983660275,31,4.566270168262229,0.5879903316594794
ank_overpass,pretrained,ank_8_22,3,41,2.3729225272014447,38,2.950548725798846,0.5776261985974012
ank_overpass,pretrained,ank_8_31,2,34,2.0005743409696395,32,1.9285830594844073,-0.07199128148523215
ank_overpass,pretrained,ank_8_41,3,66,1.5395283625779923,74,1.7225419844617609,0.18301362188376857
ank_overpass,pretrained,ank_9_1,3,49,2.672766694636283,50,2.1864951826295367,-0.48627151200674623
ank_overpass,pretrained,ank_9_24,2,30,2.849424595324588,35,2.9330454702265167,0.08362087490192893
ank_overpass,pretrained,ank_9_25,1,39,3.610677399123799,43,3.0839313364050387,-0.5267460627187601
ank_overpass,C1,ank_0_10,3,75,2.905710855759005,59,2.196531368954664,-0.7091794868043411
ank_overpass,C1,ank_0_16,5,82,1.0491996394719534,92,1.1340109412578787,0.08481130178592533
ank_overpass,C1,ank_0_30,1,26,3.744969757084183,33,3.6387236772436746,-0.10624607984050849
ank_overpass,C1,ank_0_41,2,35,0.9237404921759333,48,0.8275113212231205,-0.0962291709528128
ank_overpass,C1,ank_10_1,4,86,1.6826032706232996,77,1.9580838349179766,0.27548056429467693
ank_overpass,C1,ank_11_14,4,60,1.9560896849041016,68,2.345440533670546,0.3893508487664443
ank_overpass,C1,ank_12_21,1,54,4.113819978965882,43,3.724547833088947,-0.38927214587693504
ank_overpass,C1,ank_12_28,1,21,4.195070498379698,28,4.489326819252064,0.29425632087236586
ank_overpass,C1,ank_12_35,4,138,0.5221016134722034,142,0.6101228730242881,0.08802125955208473
ank_overpass,C1,ank_13_12,4,89,1.509940418018244,93,1.5452335295558728,0.03529311153762871
ank_overpass,C1,ank_13_17,1,66,3.4037506589410693,53,3.8088046476721193,0.40505398873105003
ank_overpass,C1,ank_13_21,1,42,2.852860877255586,57,2.788656835636773,-0.06420404161881299
ank_overpass,C1,ank_13_29,2,50,3.6693809456024784,43,3.0655534298904565,-0.6038275157120219
ank_overpass,C1,ank_13_34,1,27,4.221262109851205,28,4.405139551795694,0.18387744194448885
ank_overpass,C1,ank_13_6,4,94,1.0545029626680535,94,1.19664286843838,0.14213990577032654
ank_overpass,C1,ank_14_33,2,43,0.7206373326614296,47,0.6705769615743894,-0.0500603710870402
ank_overpass,C1,ank_14_9,4,75,1.610292534198255,75,2.381286714875563,0.770994180677308
ank_overpass,C1,ank_15_22,2,64,2.501644005566806,71,2.888374993849663,0.3867309882828569
ank_overpass,C1,ank_15_41,1,37,4.135461213945184,27,4.159758916152636,0.024297702207451977
ank_overpass,C1,ank_15_6,4,75,1.1836497773438115,89,1.2883585294182867,0.10470875207447516
ank_overpass,C1,ank_16_36,1,16,3.829541549808561,14,4.494292569924396,0.6647510201158351
ank_overpass,C1,ank_16_9,4,56,1.4395940732771946,69,1.4703328021494089,0.030738728872214294
ank_overpass,C1,ank_17_17,1,65,3.003747266837648,59,4.080957798949764,1.0772105321121157
ank_overpass,C1,ank_17_19,3,56,2.932674784750684,65,2.8755574512980004,-0.05711733345268355
ank_overpass,C1,ank_17_22,3,55,3.3330150534798517,57,3.5465699116478566,0.2135548581680049
ank_overpass,C1,ank_17_31,3,128,0.6534918119961223,120,0.6077804664519635,-0.04571134554415879
ank_overpass,C1,ank_17_32,1,43,3.0575538413247427,43,2.829996212117352,-0.22755762920739064
ank_overpass,C1,ank_18_16,3,63,2.759266880924725,55,2.1110728937061576,-0.6481939872185674
ank_overpass,C1,ank_18_27,2,59,3.3685257708633367,53,3.1839279802188694,-0.18459779064446735
ank_overpass,C1,ank_18_29,3,88,1.3136957047065754,73,1.0284479591902742,-0.28524774551630117
ank_overpass,C1,ank_18_37,4,53,0.7763339841765404,56,0.7924796155009866,0.01614563132444613
ank_overpass,C1,ank_18_39,3,60,0.7999985939528822,55,0.7232365564851931,-0.07676203746768906
ank_overpass,C1,ank_18_7,4,79,1.4183778717114315,84,1.0469852575539567,-0.3713926141574748
ank_overpass,C1,ank_19_15,4,75,1.6445792047369232,69,1.3576652853808646,-0.2869139193560586
ank_overpass,C1,ank_19_33,1,27,3.6276639295831385,29,3.575423940018337,-0.05223998956480136
ank_overpass,C1,ank_19_6,2,64,2.836016076709912,66,2.5449363490947214,-0.29107972761519063
ank_overpass,C1,ank_19_9,2,92,1.3895652895455213,61,1.8279226236338966,0.4383573340883753
ank_overpass,C1,ank_1_34,3,43,1.5806450836387271,47,1.608197902523688,0.027552818884960972
ank_overpass,C1,ank_20_10,3,111,0.6371529780745199,113,0.6243450802446036,-0.012807897829916315
ank_overpass,C1,ank_20_19,1,44,2.8630359254653532,24,3.975234615271571,1.1121986898062177
ank_overpass,C1,ank_20_37,5,121,0.5587763345840442,139,0.5664083325198206,0.007631997935776402
ank_overpass,C1,ank_20_6,3,56,3.6348588159934154,50,3.681078444880024,0.046219628886608355
ank_overpass,C1,ank_22_10,5,91,0.9774522320715229,108,1.1274695416940932,0.15001730962257032
ank_overpass,C1,ank_22_16,2,44,2.839484942591835,57,2.949409793774824,0.10992485118298889
ank_overpass,C1,ank_22_37,4,54,1.3397936443184102,59,1.2644815904971183,-0.07531205382129191
ank_overpass,C1,ank_23_14,3,61,2.3644389741454255,52,2.935885360949574,0.5714463868041486
ank_overpass,C1,ank_23_28,5,97,0.7572071607066407,93,0.6268245258311119,-0.1303826348755288
ank_overpass,C1,ank_24_0,4,78,2.1539338740359595,79,2.4792194444263074,0.3252855703903479
ank_overpass,C1,ank_24_12,3,32,2.301508587834089,42,2.2490538427097904,-0.05245474512429871
ank_overpass,C1,ank_24_14,4,69,1.5054794073603166,74,1.4131770586948413,-0.09230234866547526
ank_overpass,C1,ank_24_3,1,38,2.9408686973243165,59,2.8649273748294846,-0.07594132249483199
ank_overpass,C1,ank_25_1,5,103,1.5679788384238926,102,1.5248833278463954,-0.043095510577497276
ank_overpass,C1,ank_25_14,2,51,2.832197056884095,64,2.8023619004145432,-0.029835156469551816
ank_overpass,C1,ank_25_16,2,51,1.9937485720549704,54,2.356482357711994,0.36273378565702363
ank_overpass,C1,ank_25_37,4,67,1.0859742264313843,71,1.7788730290956276,0.6928988026642433
ank_overpass,C1,ank_26_21,3,39,2.5338756655487935,38,2.741008096435464,0.20713243088667044
ank_overpass,C1,ank_26_22,4,38,1.4893538595311948,37,1.8048671006640489,0.31551324113285406
ank_overpass,C1,ank_26_29,5,280,0.6864824266675267,266,0.7103899709716163,0.02390754430408959
ank_overpass,C1,ank_26_3,4,79,1.7497477852774097,72,1.3866114865993708,-0.36313629867803887
ank_overpass,C1,ank_26_35,2,42,3.1984321284585846,42,2.986497538829277,-0.21193458962930745
ank_overpass,C1,ank_26_5,5,109,1.2887457269175948,119,1.2679324630592357,-0.020813263858359132
ank_overpass,C1,ank_27_14,1,45,3.5077788938187946,55,3.184952558794532,-0.3228263350242626
ank_overpass,C1,ank_27_40,2,49,2.632336951111565,45,2.426731249392337,-0.20560570171922787
ank_overpass,C1,ank_28_27,3,50,1.203623230701782,50,1.4729611851578275,0.26933795445604547
ank_overpass,C1,ank_28_37,5,167,0.6851407500389487,167,0.6148310383329665,-0.07030971170598221
ank_overpass,C1,ank_28_38,2,53,1.8305228905435762,47,1.7402209890911102,-0.09030190145246597
ank_overpass,C1,ank_28_9,2,60,3.3961727418203793,46,3.169120050745941,-0.22705269107443815
ank_overpass,C1,ank_29_0,5,78,1.3837103902109436,66,2.040294235224473,0.6565838450135295
ank_overpass,C1,ank_29_11,1,35,4.16343822071894,58,4.151796457092824,-0.01164176362611613
ank_overpass,C1,ank_29_21,3,41,2.1812384172988364,43,2.5917983095370074,0.410559892238171
ank_overpass,C1,ank_29_24,4,131,0.7655130578578715,124,0.7622009988278138,-0.0033120590300577124
ank_overpass,C1,ank_29_26,3,82,0.7938617062980332,81,0.8869290211240087,0.09306731482597552
ank_overpass,C1,ank_2_12,3,91,2.2789300697767474,68,1.8488372706486023,-0.43009279912814513
ank_overpass,C1,ank_2_23,3,50,0.9100908876189432,58,1.1042515221722349,0.1941606345532917
ank_overpass,C1,ank_30_30,5,117,0.5743882386639064,124,0.5660784029817222,-0.008309835682184241
ank_overpass,C1,ank_30_7,5,101,1.3581606142514893,103,1.5469717650218764,0.18881115077038713
ank_overpass,C1,ank_31_32,5,173,0.5040109738850181,198,0.5092138199390996,0.0052028460540815
ank_overpass,C1,ank_31_7,5,108,0.8281742117114159,111,0.9334256799529206,0.10525146824150466
ank_overpass,C1,ank_32_12,3,66,3.6931499532082706,45,3.543639996974869,-0.14950995623340146
ank_overpass,C1,ank_32_21,4,90,1.80775560577666,88,0.9857569341239543,-0.8219986716527057
ank_overpass,C1,ank_32_37,5,246,0.6749543289463893,220,0.610517702999386,-0.06443662594700328
ank_overpass,C1,ank_33_25,5,205,0.6105301500947966,214,0.657771262057562,0.04724111196276537
ank_overpass,C1,ank_33_3,5,111,1.1250882642882958,111,1.0181896766266023,-0.10689858766169347
ank_overpass,C1,ank_33_34,5,334,0.5473515174192296,331,0.5404765875113329,-0.006874929907896732
ank_overpass,C1,ank_33_36,5,170,0.5392551413973765,191,0.5936773949009172,0.054422253503540685
ank_overpass,C1,ank_34_11,5,104,1.5499920820869761,92,1.3052032006098193,-0.24478888147715683
ank_overpass,C1,ank_34_15,5,82,1.3947908695911848,84,1.2473490565322642,-0.14744181305892057
ank_overpass,C1,ank_34_21,5,47,0.728158091518467,62,0.789317538417043,0.061159446898576
ank_overpass,C1,ank_34_30,5,195,0.6098105112634489,173,0.4695065329589796,-0.14030397830446928
ank_overpass,C1,ank_35_11,5,117,1.2788939636989263,104,1.0271082610721134,-0.2517857026268129
ank_overpass,C1,ank_35_28,5,264,0.6792050328682862,254,0.6798286163993654,0.0006235835310792748
ank_overpass,C1,ank_35_39,3,63,1.320190295715633,67,1.7829067464602768,0.46271645074464374
ank_overpass,C1,ank_35_7,4,71,1.5705924480679716,76,1.554328497374863,-0.016263950693108598
ank_overpass,C1,ank_36_40,1,38,2.797117262936869,51,3.650059680660775,0.8529424177239062
ank_overpass,C1,ank_38_19,2,32,3.8827671517943085,31,3.4730099745568714,-0.4097571772374371
ank_overpass,C1,ank_38_22,5,142,0.5461866295036317,146,0.5181827495305769,-0.028003879973054868
ank_overpass,C1,ank_38_24,4,45,1.4719397038784232,56,1.7426444983471063,0.2707047944686831
ank_overpass,C1,ank_38_27,4,76,1.603482215798588,62,1.3532223503845628,-0.2502598654140251
ank_overpass,C1,ank_38_40,2,51,1.6921023647947584,36,2.4207481155170854,0.728645750722327
ank_overpass,C1,ank_38_9,5,104,1.0664405306314704,97,0.8705936608907947,-0.19584686974067567
ank_overpass,C1,ank_39_1,1,30,3.4792769595651025,48,3.52233105225224,0.04305409268713767
ank_overpass,C1,ank_3_13,2,50,2.799742905465953,52,2.8476216397629504,0.047878734296997294
ank_overpass,C1,ank_3_25,1,38,4.155958389263411,38,3.611122189788926,-0.544836199474485
ank_overpass,C1,ank_3_29,1,22,4.119316702386062,17,3.3228252324658576,-0.7964914699202041
ank_overpass,C1,ank_3_34,2,83,0.7376018388071338,79,0.8825105826507691,0.14490874384363528
ank_overpass,C1,ank_3_39,4,37,2.1711100019964724,34,3.1616342918195315,0.9905242898230591
ank_overpass,C1,ank_3_9,3,72,1.2961208902433512,70,1.6181411376305608,0.3220202473872096
ank_overpass,C1,ank_40_19,4,105,0.7108088975322854,100,0.6238103362466808,-0.08699856128560457
ank_overpass,C1,ank_40_2,2,37,3.195575865955101,52,3.676383095929639,0.48080722997453806
ank_overpass,C1,ank_40_40,1,28,4.802694091875889,25,4.8985907254702035,0.09589663359431455
ank_overpass,C1,ank_41_0,2,57,2.6091734647320117,58,2.694807015210188,0.08563355047817645
ank_overpass,C1,ank_41_1,3,32,3.355726677275096,28,3.258922276424344,-0.09680440085075226
ank_overpass,C1,ank_41_19,2,35,3.4469504604299144,30,3.2279290834105385,-0.21902137701937585
ank_overpass,C1,ank_41_40,1,37,3.6275226482922696,40,3.7981261846204033,0.17060353632813374
ank_overpass,C1,ank_4_23,2,43,2.4452065426646357,51,1.9134234272950694,-0.5317831153695662
ank_overpass,C1,ank_4_41,2,35,0.8523665809157794,33,1.6784378294264015,0.8260712485106221
ank_overpass,C1,ank_5_12,4,139,0.965480888080199,122,0.8135802292861791,-0.15190065879401993
ank_overpass,C1,ank_5_40,1,21,3.793338499565039,21,3.303897163355096,-0.4894413362099428
ank_overpass,C1,ank_5_5,4,78,1.9928823447857553,75,1.8508809953759344,-0.1420013494098209
ank_overpass,C1,ank_6_10,3,91,2.9079750282966668,62,3.1650110758835472,0.2570360475868805
ank_overpass,C1,ank_6_38,1,17,3.4831623629714854,14,1.7171732668755078,-1.7659890960959777
ank_overpass,C1,ank_7_36,1,15,4.622589612768566,16,3.5360273125902575,-1.0865623001783087
ank_overpass,C1,ank_7_8,2,78,2.962943185365814,93,2.96828132815535,0.00533814278953626
ank_overpass,C1,ank_8_19,1,58,3.375306920869513,58,3.7406981138739654,0.36539119300445266
ank_overpass,C1,ank_8_22,3,61,1.5088056218451278,59,1.6303168483537058,0.12151122650857804
ank_overpass,C1,ank_8_31,2,39,1.3405698407367108,29,1.0723421171749756,-0.2682277235617352
ank_overpass,C1,ank_8_41,3,99,0.6037917507277271,105,0.5757830894320346,-0.02800866129569246
ank_overpass,C1,ank_9_1,3,68,2.3042827579429863,71,2.7185992986954934,0.4143165407525071
ank_overpass,C1,ank_9_24,2,53,1.6642575135970064,56,1.6436596880629888,-0.020597825534017566
ank_overpass,C1,ank_9_25,1,65,1.3972238158044128,47,0.9810368850975079,-0.41618693070690493
ank_overpass,C2,ank_0_10,3,51,1.3010716878462691,65,1.0149354295487538,-0.2861362582975153
ank_overpass,C2,ank_0_16,5,121,0.5139698183257971,104,0.47252132221180887,-0.041448496113988265
ank_overpass,C2,ank_0_30,1,17,3.444886416754648,24,3.3332707388128595,-0.1116156779417885
ank_overpass,C2,ank_0_41,2,49,0.7249542349703446,52,0.852308599360555,0.12735436439021042
ank_overpass,C2,ank_10_1,4,144,0.5108445653871789,147,0.5526770785171392,0.04183251312996028
ank_overpass,C2,ank_11_14,4,91,0.4352162417292259,108,0.7247096211311514,0.28949337940192554
ank_overpass,C2,ank_12_21,1,48,3.1095242118072512,51,3.397959734278238,0.2884355224709867
ank_overpass,C2,ank_12_28,1,21,2.911080576138491,27,3.848841754794837,0.9377611786563462
ank_overpass,C2,ank_12_35,4,254,0.388560290775453,238,0.3894968768595762,0.0009365860841231699
ank_overpass,C2,ank_13_12,4,105,0.6697111672978807,113,0.6454909229298132,-0.024220244368067467
ank_overpass,C2,ank_13_17,1,66,1.0406237759236525,62,0.964220494130793,-0.07640328179285949
ank_overpass,C2,ank_13_21,1,43,2.2652159484435077,51,2.295003023831257,0.029787075387749162
ank_overpass,C2,ank_13_29,2,45,1.2402050403105125,42,1.2977392237636407,0.05753418345312822
ank_overpass,C2,ank_13_34,1,26,1.9192967055945847,27,2.011038390603862,0.09174168500927715
ank_overpass,C2,ank_13_6,4,170,0.5879239415189282,160,0.549861279880622,-0.038062661638306294
ank_overpass,C2,ank_14_33,2,73,0.9427710598402511,57,0.8383305996689803,-0.10444046017127084
ank_overpass,C2,ank_14_9,4,77,0.6417688715891687,80,0.6485802274215127,0.006811355832343935
ank_overpass,C2,ank_15_22,2,68,1.379434262339282,65,1.437723933263442,0.05828967092416004
ank_overpass,C2,ank_15_41,1,54,1.8114379319378442,50,2.158739563584745,0.34730163164690064
ank_overpass,C2,ank_15_6,4,167,0.44225112192226446,149,0.4067527448949116,-0.03549837702735287
ank_overpass,C2,ank_16_36,1,21,4.261227275887709,21,4.4455966582722155,0.1843693823845065
ank_overpass,C2,ank_16_9,4,100,0.5991525009430779,107,0.5965021210382703,-0.0026503799048076537
ank_overpass,C2,ank_17_17,1,53,2.265883311353802,47,2.4565176045191808,0.19063429316537883
ank_overpass,C2,ank_17_19,3,77,1.520823300553512,75,1.5540510179125655,0.03322771735905361
ank_overpass,C2,ank_17_22,3,45,1.9774279535292467,44,2.8998233821508883,0.9223954286216416
ank_overpass,C2,ank_17_31,3,173,0.47193691054775305,174,0.463506591990411,-0.008430318557342054
ank_overpass,C2,ank_17_32,1,45,1.2957644817222642,62,1.6304446953954774,0.3346802136732132
ank_overpass,C2,ank_18_16,3,65,1.3631812894777489,75,1.6438518935143716,0.2806706040366227
ank_overpass,C2,ank_18_27,2,36,1.7477135057712867,56,2.0615035801848896,0.31379007441360285
ank_overpass,C2,ank_18_29,3,92,0.6604805311065276,90,0.6444990082902755,-0.01598152281625209
ank_overpass,C2,ank_18_37,4,63,0.6775920968733222,61,0.6414900432654511,-0.03610205360787111
ank_overpass,C2,ank_18_39,3,83,0.3670555119117577,94,0.37145176289437043,0.004396250982612704
ank_overpass,C2,ank_18_7,4,99,0.8772651631954885,97,1.0566053411372716,0.17934017794178303
ank_overpass,C2,ank_19_15,4,81,0.6391306690116493,87,0.6917285183317134,0.05259784932006417
ank_overpass,C2,ank_19_33,1,24,3.7162984577601446,22,3.0054539192172838,-0.7108445385428608
ank_overpass,C2,ank_19_6,2,57,2.3657097016684294,67,1.809936806564279,-0.5557728951041505
ank_overpass,C2,ank_19_9,2,62,0.8458508370993043,70,1.218575961849944,0.3727251247506398
ank_overpass,C2,ank_1_34,3,81,1.4232650952565709,67,1.1522021121657353,-0.27106298309083554
ank_overpass,C2,ank_20_10,3,171,0.40170000768170994,159,0.3896793071403552,-0.012020700541354734
ank_overpass,C2,ank_20_19,1,41,2.8894192708881987,54,2.6371502190734697,-0.25226905181472903
ank_overpass,C2,ank_20_37,5,210,0.541226229872564,212,0.5427697294529179,0.0015434995803539353
ank_overpass,C2,ank_20_6,3,69,2.2046889962850202,72,2.13764460759085,-0.06704438869417029
ank_overpass,C2,ank_22_10,5,158,0.5992603259537879,136,0.5543922085525592,-0.04486811740122865
ank_overpass,C2,ank_22_16,2,52,2.3877780665183086,50,1.7442415879349185,-0.6435364785833901
ank_overpass,C2,ank_22_37,4,68,1.0989959425202533,83,0.8014649420011895,-0.2975310005190639
ank_overpass,C2,ank_23_14,3,50,1.367812605172018,54,1.3776934986856795,0.009880893513661393
ank_overpass,C2,ank_23_28,5,161,0.5011180941441141,155,0.498807715306869,-0.0023103788372451084
ank_overpass,C2,ank_24_0,4,97,0.8122079492256866,111,1.4460434049118405,0.6338354556861538
ank_overpass,C2,ank_24_12,3,50,1.0708186744464419,50,1.2868688590858692,0.21605018463942738
ank_overpass,C2,ank_24_14,4,109,0.4808934086544146,102,0.44201151612031375,-0.03888189253410085
ank_overpass,C2,ank_24_3,1,38,3.5163848628801655,43,2.876906504640699,-0.6394783582394665
ank_overpass,C2,ank_25_1,5,161,1.1168885697029338,153,1.0383937622918609,-0.07849480741107295
ank_overpass,C2,ank_25_14,2,57,1.3971963553903493,50,1.832869866277535,0.43567351088718564
ank_overpass,C2,ank_25_16,2,64,1.034149063834287,68,1.421940598874978,0.3877915350406911
ank_overpass,C2,ank_25_37,4,85,1.088040580954123,70,0.9257038907413375,-0.1623366902127854
ank_overpass,C2,ank_26_21,3,54,1.0024354338950447,51,1.171065405570968,0.1686299716759232
ank_overpass,C2,ank_26_22,4,60,1.0323148646884086,60,0.8392594316257415,-0.19305543306266715
ank_overpass,C2,ank_26_29,5,370,0.5675814340173895,359,0.5876671279014386,0.020085693884049127
ank_overpass,C2,ank_26_3,4,140,1.1160979267336648,128,0.9629204580780959,-0.15317746865556892
ank_overpass,C2,ank_26_35,2,39,3.3095485029426914,34,3.2018816668050816,-0.10766683613760986
ank_overpass,C2,ank_26_5,5,126,0.5611045979288052,130,0.5950375362536717,0.033932938324866546
ank_overpass,C2,ank_27_14,1,42,3.693501162868766,44,3.4291154478350037,-0.2643857150337623
ank_overpass,C2,ank_27_40,2,47,2.8103675921333315,44,2.3217661225981487,-0.4886014695351828
ank_overpass,C2,ank_28_27,3,39,0.6068363075193426,60,0.9845557307574623,0.3777194232381197
ank_overpass,C2,ank_28_37,5,200,0.6224826764892375,193,0.6296833170354083,0.007200640546170756
ank_overpass,C2,ank_28_38,2,40,0.9597833804843003,47,1.3084428805012849,0.34865950001698454
ank_overpass,C2,ank_28_9,2,65,3.815307759268567,61,3.210338767809523,-0.6049689914590437
ank_overpass,C2,ank_29_0,5,88,0.8013395358859162,76,0.7971331919736093,-0.004206343912306898
ank_overpass,C2,ank_29_11,1,30,2.605439277421006,41,2.471419976003354,-0.13401930141765162
ank_overpass,C2,ank_29_21,3,53,1.953565843972291,51,1.5662013462394404,-0.38736449773285053
ank_overpass,C2,ank_29_24,4,207,0.6162282460885367,189,0.603242388673271,-0.0129858574152657
ank_overpass,C2,ank_29_26,3,88,0.534275754515646,95,0.5766254405118678,0.0423496859962218
ank_overpass,C2,ank_2_12,3,89,0.8742928906766138,101,1.019406210690357,0.14511332001374322
ank_overpass,C2,ank_2_23,3,69,0.7028215081922821,76,0.7439869514642954,0.041165443272013325
ank_overpass,C2,ank_30_30,5,194,0.43829947215348475,187,0.4208278448282339,-0.01747162732525087
ank_overpass,C2,ank_30_7,5,141,0.7231095893312398,142,0.7097965821920265,-0.013313007139213351
ank_overpass,C2,ank_31_32,5,283,0.4910020262763983,293,0.5022574856319099,0.011255459355511588
ank_overpass,C2,ank_31_7,5,195,0.4666582900211764,197,0.5079265007148945,0.04126821069371811
ank_overpass,C2,ank_32_12,3,49,3.422783031276661,75,3.0559965295657636,-0.36678650171089755
ank_overpass,C2,ank_32_21,4,126,0.8855582092208383,109,0.8356272521166039,-0.04993095710423434
ank_overpass,C2,ank_32_37,5,326,0.5581257455867841,316,0.5673116742253552,0.00918592863857115
ank_overpass,C2,ank_33_25,5,269,0.5516344233251363,266,0.5298101854786792,-0.02182423784645715
ank_overpass,C2,ank_33_3,5,196,0.5271763771103269,207,0.5285886818562793,0.0014123047459523308
ank_overpass,C2,ank_33_34,5,483,0.4639884905395913,479,0.4556633313755585,-0.008325159164032814
ank_overpass,C2,ank_33_36,5,268,0.4545113068263261,279,0.4499446465866023,-0.0045666602397237965
ank_overpass,C2,ank_34_11,5,183,0.5342765483043637,196,0.5816693339855743,0.047392785681210636
ank_overpass,C2,ank_34_15,5,74,0.840411078937487,85,0.8399524116853312,-0.00045866725215581994
ank_overpass,C2,ank_34_21,5,107,0.6192483762751295,84,0.5083716019979065,-0.11087677427722298
ank_overpass,C2,ank_34_30,5,310,0.5318535416565553,312,0.5414120876482644,0.009558545991709133
ank_overpass,C2,ank_35_11,5,190,0.5992740684615555,185,0.5524479629337832,-0.04682610552777233
ank_overpass,C2,ank_35_28,5,380,0.4732039509554754,408,0.4771187690581181,0.003914818102642714
ank_overpass,C2,ank_35_39,3,79,0.8009608562170195,69,0.5906188320969932,-0.21034202412002634
ank_overpass,C2,ank_35_7,4,106,0.6192269525249321,118,0.7383310369848441,0.11910408445991205
ank_overpass,C2,ank_36_40,1,52,2.4433529340733178,54,2.98641088364331,0.5430579495699921
ank_overpass,C2,ank_38_19,2,23,3.7809662863755227,27,2.794818809823465,-0.9861474765520577
ank_overpass,C2,ank_38_22,5,223,0.4931060175415873,214,0.48693306291153127,-0.006172954630056016
ank_overpass,C2,ank_38_24,4,70,0.9578492197586518,65,0.9282048402109847,-0.029644379547667077
ank_overpass,C2,ank_38_27,4,80,1.1781186093251463,72,1.1399744536200602,-0.038144155705086114
ank_overpass,C2,ank_38_40,2,43,1.3607865438095976,53,1.6101347386064622,0.24934819479686454
ank_overpass,C2,ank_38_9,5,142,0.5842566324629449,147,0.5841616985271202,-9.493393582471477e-05
ank_overpass,C2,ank_39_1,1,49,2.934379903560617,55,2.835716256757162,-0.09866364680345496
ank_overpass,C2,ank_3_13,2,76,0.8640709164946324,67,0.858501258776104,-0.005569657718528465
ank_overpass,C2,ank_3_25,1,50,1.712899363271221,59,2.134243111707038,0.4213437484358169
ank_overpass,C2,ank_3_29,1,18,3.336850150408946,21,3.2257911038026514,-0.1110590466062944
ank_overpass,C2,ank_3_34,2,120,0.5449120273081807,116,0.47484226942331687,-0.0700697578848638
ank_overpass,C2,ank_3_39,4,39,0.8809318291559014,32,0.9126096484876194,0.03167781933171798
ank_overpass,C2,ank_3_9,3,80,0.797777426476699,98,1.2664108313485707,0.46863340487187166
ank_overpass,C2,ank_40_19,4,138,0.5202311294237263,124,0.5374124268001217,0.0171812973763954
ank_overpass,C2,ank_40_2,2,40,1.69094661607905,46,2.018987517103441,0.328040901024391
ank_overpass,C2,ank_40_40,1,32,2.9694079604325765,57,2.3306649661876757,-0.6387429942449008
ank_overpass,C2,ank_41_0,2,58,1.0372398086096686,70,1.244248917733641,0.20700910912397252
ank_overpass,C2,ank_41_1,3,58,2.6371105353328765,43,2.419860540518488,-0.21724999481438845
ank_overpass,C2,ank_41_19,2,41,2.862686390700932,35,1.994165439008134,-0.8685209516927981
ank_overpass,C2,ank_41_40,1,23,3.6249166356639058,26,2.9209696535974383,-0.7039469820664674
ank_overpass,C2,ank_4_23,2,56,1.7046107261728802,49,2.0125235894090783,0.30791286323619804
ank_overpass,C2,ank_4_41,2,46,0.6255227057938866,53,0.9435229697365307,0.31800026394264413
ank_overpass,C2,ank_5_12,4,191,0.34486722019556293,208,0.33958030474994416,-0.005286915445618767
ank_overpass,C2,ank_5_40,1,18,3.6344955601966715,14,3.8096591401636033,0.17516357996693177
ank_overpass,C2,ank_5_5,4,120,0.3841403392197611,123,0.45612895495689376,0.07198861573713267
ank_overpass,C2,ank_6_10,3,106,1.3662930329520817,98,1.2379506487353265,-0.12834238421675526
ank_overpass,C2,ank_6_38,1,15,2.933207894895576,15,2.2799928841208623,-0.6532150107747139
ank_overpass,C2,ank_7_36,1,21,4.047698152254879,24,4.345727543799041,0.2980293915441612
ank_overpass,C2,ank_7_8,2,97,0.7465174777791893,118,1.1034106780833217,0.3568932003041324
ank_overpass,C2,ank_8_19,1,45,2.559177673561511,44,2.402369667511601,-0.1568080060499102
ank_overpass,C2,ank_8_22,3,60,0.5659828588422158,80,0.7714347745845727,0.20545191574235688
ank_overpass,C2,ank_8_31,2,48,1.4235661868954192,44,1.940852646874725,0.5172864599793057
ank_overpass,C2,ank_8_41,3,130,0.4314253640754998,131,0.43596708069896345,0.004541716623463643
ank_overpass,C2,ank_9_1,3,84,1.5295015716647344,70,1.3129314551422484,-0.21657011652248603
ank_overpass,C2,ank_9_24,2,72,0.5644856130737661,77,0.7517423633072704,0.1872567502335043
ank_overpass,C2,ank_9_25,1,79,0.4385626973267129,76,0.45463092039675185,0.016068223070038967
ank_prod,pretrained,ank_0_30,1,34,3.882571014473048,17,4.8414673808826905,0.9588963664096424
ank_prod,pretrained,ank_13_34,1,29,3.7789999678489927,22,3.2156987228443468,-0.563301245004646
ank_prod,pretrained,ank_13_6,4,64,3.1538925560432745,69,2.9579336458362278,-0.1959589102070467
ank_prod,pretrained,ank_17_22,3,56,2.7741562702774885,42,3.387724257257142,0.6135679869796538
ank_prod,pretrained,ank_18_7,4,54,3.07077314757328,64,3.1400245759318217,0.06925142835854192
ank_prod,pretrained,ank_20_6,3,64,2.627834311816833,57,2.672259136558558,0.04442482474172538
ank_prod,pretrained,ank_22_16,2,35,3.3749348652215496,38,2.0977976830942238,-1.2771371821273259
ank_prod,pretrained,ank_22_37,4,27,2.150572797296051,39,2.758215287093172,0.6076424897971213
ank_prod,pretrained,ank_24_3,1,66,3.1113052923740967,51,3.061256687838505,-0.05004860453559168
ank_prod,pretrained,ank_25_16,2,47,3.2459941535675787,46,3.0794028377864553,-0.1665913157811234
ank_prod,pretrained,ank_26_3,4,49,3.4275829301822007,59,3.5546826152505067,0.12709968506830593
ank_prod,pretrained,ank_26_5,5,59,2.7018119894403405,57,2.6331931305740945,-0.06861885886624597
ank_prod,pretrained,ank_27_14,1,49,3.156400945482744,49,2.883961166734424,-0.27243977874832037
ank_prod,pretrained,ank_29_21,3,47,2.562619398102531,49,2.126934046167584,-0.4356853519349473
ank_prod,pretrained,ank_2_12,3,61,2.5955074776372347,60,2.6425700444679254,0.047062566830690766
ank_prod,pretrained,ank_33_3,5,79,1.7753146155926758,89,2.0122761375326523,0.23696152193997655
ank_prod,pretrained,ank_33_34,5,157,0.9764648756153611,160,1.0790754956524875,0.1026106200371264
ank_prod,pretrained,ank_34_11,5,63,2.5928398536327424,63,2.2269973521278335,-0.36584250150490893
ank_prod,pretrained,ank_35_11,5,77,2.1772442883703818,88,1.8485702724897126,-0.32867401588066913
ank_prod,pretrained,ank_38_22,5,82,1.0789778942651087,69,1.0098227960069368,-0.0691550982581719
ank_prod,pretrained,ank_3_13,2,40,2.8147500632106963,36,2.7434119565127255,-0.0713381066979708
ank_prod,pretrained,ank_4_41,2,36,3.277404412939111,35,3.258429125928026,-0.018975287011085307
ank_prod,pretrained,ank_5_12,4,46,2.5778452527166076,47,2.6451180702261627,0.06727281750955516
ank_prod,pretrained,ank_5_5,4,71,1.7986236824565867,94,1.81880516385875,0.020181481402163248
ank_prod,pretrained,ank_6_10,3,78,3.3891743950226747,79,3.431307052821445,0.04213265779877018
ank_prod,pretrained,ank_7_36,1,14,3.159828212441406,10,3.3991016135090293,0.2392734010676234
ank_prod,pretrained,ank_7_8,2,48,2.77059942949154,55,3.1360218893090797,0.36542245981753974
ank_prod,pretrained,ank_8_31,2,34,2.6321530038348415,37,2.4382662937162567,-0.19388671011858483
ank_prod,pretrained,ank_9_1,3,40,3.8556090595673336,45,3.018522204442646,-0.8370868551246877
ank_prod,pretrained,ank_9_25,1,37,3.543256833451293,31,3.9722412911911693,0.4289844577398765
ank_prod,C1,ank_0_30,1,38,3.4538187160048577,46,3.8844973145883244,0.4306785985834667
ank_prod,C1,ank_13_34,1,17,4.442966735150765,24,4.115992038754518,-0.3269746963962472
ank_prod,C1,ank_13_6,4,64,3.5415835062991805,58,2.890151981591886,-0.6514315247072946
ank_prod,C1,ank_17_22,3,46,2.76796494637673,56,2.63501762102078,-0.13294732535594989
ank_prod,C1,ank_18_7,4,92,1.3311532922889464,78,1.3648258707163357,0.033672578427389244
ank_prod,C1,ank_20_6,3,62,3.0795710209221685,52,3.1155518285821246,0.03598080765995615
ank_prod,C1,ank_22_16,2,53,3.3417415343162165,38,3.3873727153216793,0.04563118100546282
ank_prod,C1,ank_22_37,4,51,1.3569828240853787,46,0.9895936693478874,-0.36738915473749134
ank_prod,C1,ank_24_3,1,43,2.818177265062223,47,2.9790160164405313,0.16083875137830805
ank_prod,C1,ank_25_16,2,63,2.2478263203162276,76,2.3495239917562407,0.10169767144001307
ank_prod,C1,ank_26_3,4,51,3.321673294315156,58,2.8354903167224585,-0.48618297759269735
ank_prod,C1,ank_26_5,5,68,2.504297799488789,55,3.262928009418309,0.7586302099295197
ank_prod,C1,ank_27_14,1,46,3.6134213819933376,57,3.8961734568903266,0.28275207489698895
ank_prod,C1,ank_29_21,3,37,2.741593547279474,62,2.390226123554418,-0.35136742372505614
ank_prod,C1,ank_2_12,3,55,2.5443128189897446,61,3.0097279634972063,0.4654151445074617
ank_prod,C1,ank_33_3,5,100,1.529838806917061,97,1.6055775844826907,0.07573877756562974
ank_prod,C1,ank_33_34,5,324,0.535790228409964,308,0.5231556073037161,-0.012634621106247912
ank_prod,C1,ank_34_11,5,67,1.3167703433305722,62,1.4781463626939157,0.16137601936334356
ank_prod,C1,ank_35_11,5,72,2.9069658798937024,75,2.696261881183126,-0.21070399871057655
ank_prod,C1,ank_38_22,5,144,0.5542743346655683,157,0.5999489877946412,0.04567465312907293
ank_prod,C1,ank_3_13,2,54,2.684453875793313,51,2.483880300616155,-0.2005735751771578
ank_prod,C1,ank_4_41,2,47,1.6822656217588026,40,1.4256736877197302,-0.2565919340390723
ank_prod,C1,ank_5_12,4,64,2.651036344319696,62,3.4273489824506664,0.7763126381309706
ank_prod,C1,ank_5_5,4,82,2.7311175806660986,66,2.2250065615171932,-0.5061110191489053
ank_prod,C1,ank_6_10,3,66,3.097077080791366,68,3.143394796863925,0.046317716072558746
ank_prod,C1,ank_7_36,1,10,5.358307608815205,13,4.653039648881462,-0.7052679599337432
ank_prod,C1,ank_7_8,2,61,2.970819053963149,61,2.926076469759572,-0.04474258420357735
ank_prod,C1,ank_8_31,2,34,1.377496325029191,46,1.9905224415695928,0.6130261165404018
ank_prod,C1,ank_9_1,3,45,3.797038816460609,49,3.4849930636638073,-0.3120457527968017
ank_prod,C1,ank_9_25,1,62,1.433697630568153,71,1.5276128145019012,0.0939151839337482
ank_prod,C2,ank_0_30,1,22,1.61441224173951,30,2.5517616081742593,0.9373493664347494
ank_prod,C2,ank_13_34,1,30,3.137267766647447,40,3.7655673917065577,0.6282996250591109
ank_prod,C2,ank_13_6,4,68,2.484847826709232,72,2.9307969346416067,0.44594910793237474
ank_prod,C2,ank_17_22,3,38,2.349357217499828,59,2.4900225436319445,0.14066532613211669
ank_prod,C2,ank_18_7,4,101,1.0188503352173284,117,1.1430555732680454,0.12420523805071704
ank_prod,C2,ank_20_6,3,68,2.1867068862276744,78,2.089468954730508,-0.09723793149716631
ank_prod,C2,ank_22_16,2,50,1.9306729968797494,38,2.2710769005111375,0.34040390363138817
ank_prod,C2,ank_22_37,4,67,0.9121849706101752,69,1.2473397809753042,0.33515481036512895
ank_prod,C2,ank_24_3,1,32,2.630451499219652,45,2.880660169492453,0.250208670272801
ank_prod,C2,ank_25_16,2,68,1.4829597202448213,66,1.5470230251809785,0.0640633049361572
ank_prod,C2,ank_26_3,4,52,3.1581245234539876,51,2.6794520016949757,-0.478672521759012
ank_prod,C2,ank_26_5,5,66,1.4608257410796868,70,1.771514755490435,0.31068901441074814
ank_prod,C2,ank_27_14,1,39,3.7713233129567816,42,3.803550323392966,0.03222701043618459
ank_prod,C2,ank_29_21,3,60,1.7435048956574213,55,2.51597180622041,0.7724669105629887
ank_prod,C2,ank_2_12,3,61,3.5161469462966735,67,3.0391000504295054,-0.4770468958671681
ank_prod,C2,ank_33_3,5,139,0.719430361646652,132,0.6473852627740159,-0.0720450988726361
ank_prod,C2,ank_33_34,5,467,0.4603889675178922,463,0.4652636384359599,0.004874670918067703
ank_prod,C2,ank_34_11,5,75,1.534585525907321,84,1.7315634257663857,0.19697789985906478
ank_prod,C2,ank_35_11,5,94,2.1168462364760283,85,1.6546421703317005,-0.46220406614432785
ank_prod,C2,ank_38_22,5,227,0.491207669973607,218,0.49562251833279464,0.004414848359187651
ank_prod,C2,ank_3_13,2,66,0.8796808233609343,71,0.7887851169320125,-0.09089570642892186
ank_prod,C2,ank_4_41,2,51,0.7140170909697149,54,0.9304627140157538,0.21644562304603887
ank_prod,C2,ank_5_12,4,100,1.1485073289788503,100,0.5471360710803629,-0.6013712578984874
ank_prod,C2,ank_5_5,4,105,0.37476120252938055,132,0.5065541064541919,0.1317929039248113
ank_prod,C2,ank_6_10,3,47,2.7277772233982343,54,3.391031125717898,0.663253902319664
ank_prod,C2,ank_7_36,1,19,4.499389944708185,17,3.693449856016195,-0.8059400886919903
ank_prod,C2,ank_7_8,2,60,2.58356680777322,69,2.725265889175282,0.141699081402062
ank_prod,C2,ank_8_31,2,44,1.7132189733120655,49,2.0133252116034037,0.3001062382913382
ank_prod,C2,ank_9_1,3,59,2.338695029524446,38,3.351014458169785,1.012319428645339
ank_prod,C2,ank_9_25,1,74,0.47035290304500005,77,0.4466260747549374,-0.023726828290062674
eu,C1,30SVJ_0796_00,1,23,5.013726444915922,20,4.084763981284789,-0.9289624636311329
eu,C1,30SVJ_1711_00,1,21,3.380838912996721,21,4.311706679353666,0.9308677663569447
eu,C1,30TVK_0841_00,1,25,4.369922480847949,18,2.933752776242219,-1.4361697046057298
eu,C1,30TVK_1026_00,4,66,3.897447866363779,62,3.383574859049002,-0.513873007314777
eu,C1,30TVK_1126_00,1,23,3.1491458713618115,27,4.23384245046707,1.0846965791052585
eu,C1,30TVK_1289_00,4,62,2.8966575455434356,66,2.9653044152808246,0.06864686973738898
eu,C1,30TVK_1386_00,1,43,3.0141262348034994,37,3.5907122157179696,0.5765859809144702
eu,C1,30TVK_1390_00,1,20,4.211782293725927,19,4.3054251384860756,0.09364284476014895
eu,C1,30TVK_1486_00,5,63,3.2839907847615666,81,3.094721029248058,-0.18926975551350855
eu,C1,30TVK_1697_00,1,22,3.7511634363916704,28,3.423640443702657,-0.3275229926890133
eu,C1,30TVK_2306_00,3,29,2.6031264060659387,33,3.066334884926596,0.4632084788606572
eu,C1,30TVK_2317_00,4,37,3.2614650156945912,31,3.048973369777986,-0.21249164591660508
eu,C1,30TVK_2377_00,5,69,2.5412118383069204,74,2.2936694495229166,-0.2475423887840038
eu,C1,30TVK_2512_00,1,22,3.3649319868543586,24,4.872034606906705,1.507102620052346
eu,C1,30TXP_0408_00,1,60,2.729729343530721,60,2.625027497852999,-0.104701845677722
eu,C1,30TXP_0411_00,2,59,2.9598088362740596,63,3.3198005477560035,0.359991711481944
eu,C1,30TXP_0787_00,2,64,3.142071458171994,51,2.673070610514225,-0.46900084765776917
eu,C1,30TXP_1048_00,2,48,2.613007402326762,49,2.8772614857041616,0.2642540833773994
eu,C1,30TXQ_0830_00,1,60,3.372901594162642,49,3.174724366121257,-0.1981772280413847
eu,C1,30TXQ_0896_00,2,49,4.070740459117215,48,3.2851630502819615,-0.7855774088352536
eu,C1,30TXQ_0902_00,4,74,1.7045049267601153,82,2.3383909693019653,0.63388604254185
eu,C1,30TXQ_0911_00,5,121,1.0043026229566612,117,1.006692196786709,0.0023895738300478975
eu,C1,30TXQ_0934_00,5,126,1.256768363308534,106,1.1744909118031488,-0.08227745150538524
eu,C1,30TYQ_1071_00,1,46,3.7943492596465376,44,3.262884143955023,-0.5314651156915144
eu,C1,30UYC_0046_00,5,123,0.6877922197957358,109,0.6261509666526635,-0.06164125314307234
eu,C1,30UYC_0100_00,4,58,2.0300900940654496,57,2.745020869296474,0.7149307752310246
eu,C1,30UYC_0245_00,3,51,2.2726047511395753,41,2.9156862688347287,0.6430815176951534
eu,C1,30UYC_0687_00,1,32,3.1902261190218955,53,2.9712463704090917,-0.21897974861280378
eu,C1,30UYC_0725_00,3,60,2.108091049713245,59,2.3153646387113387,0.20727358899809367
eu,C1,30UYD_0119_00,2,35,4.014006985866364,37,3.5816839528353697,-0.4323230330309942
eu,C1,30UYD_1432_00,3,39,2.9430457335070637,33,2.8996630171802966,-0.043382716326767046
eu,C1,31TCJ_0091_00,2,37,3.835353647341747,39,4.932053830431813,1.096700183090066
eu,C1,31TCJ_0672_00,3,44,2.4707602016839267,47,2.032335738935977,-0.43842446274794966
eu,C1,31TCJ_1037_00,5,81,1.4179098394401601,82,1.3773605643146727,-0.04054927512548745
eu,C1,31TCJ_1340_00,4,65,2.0609736461061745,54,1.8776235926851501,-0.1833500534210244
eu,C1,31TCJ_1353_00,4,59,1.6526213113887003,60,1.5726537471342357,-0.07996756425446461
eu,C1,31TCJ_1375_00,3,63,4.215375735912162,58,3.9689295356440537,-0.24644620026810848
eu,C1,31TCM_0023_00,4,67,2.4910934183881985,56,1.8666413386867824,-0.6244520797014161
eu,C1,31TCM_0853_00,5,104,1.4769640570904647,98,1.2970344631543886,-0.1799295939360761
eu,C1,31TCM_1060_00,3,63,1.4789009536243864,74,2.421310240712276,0.9424092870878895
eu,C1,31TCM_1094_00,5,70,1.2094481309978433,53,1.0941032589397586,-0.11534487205808475
eu,C1,31TCM_1192_00,4,91,1.666520443886858,100,2.086759112752903,0.4202386688660449
eu,C1,31TCM_1717_00,4,50,2.8765960768184486,55,2.3193725057756116,-0.557223571042837
eu,C1,31TCM_1743_00,5,107,1.4066013340843497,99,1.0673588125693843,-0.3392425215149655
eu,C1,31TCM_2040_00,3,36,2.3867788124349145,42,2.974706128353217,0.5879273159183023
eu,C1,31TCN_1555_00,3,38,2.364044851472744,38,2.2200415056074148,-0.14400334586532937
eu,C1,31TCN_1803_00,2,40,3.799111009535882,26,2.126834469895498,-1.672276539640384
eu,C1,31TFH_0022_00,5,121,0.9388102091486756,126,0.872547858699374,-0.06626235044930162
eu,C1,31TFJ_1359_00,5,226,0.6773951929112099,212,0.6590589172421333,-0.018336275669076585
eu,C1,31TGH_0053_00,5,135,0.8512996997653168,106,0.8720016248552636,0.020701925089946727
eu,C1,31TGH_0153_00,3,53,2.7044211506700373,59,2.9255727976052355,0.22115164693519818
eu,C1,31TGJ_0274_00,5,103,1.2866338671166753,101,1.2086590138494537,-0.07797485326722153
eu,C1,31TGJ_0550_00,2,51,3.305225855847272,52,2.8366421181268393,-0.4685837377204325
eu,C1,31TGJ_0811_00,4,56,1.6705433172220445,54,2.2068601428243806,0.5363168256023361
eu,C1,31TGJ_0814_00,1,63,3.6001483790488886,61,3.6892927940464517,0.08914441499756309
eu,C1,31TGJ_0831_00,3,51,2.222045810940164,65,2.523532831888083,0.30148702094791924
eu,C1,31TGJ_1054_00,3,69,2.614134943450395,52,2.0692752368520844,-0.5448597065983107
eu,C1,31TGJ_1156_00,5,85,0.7084259770844433,78,0.7195207041335983,0.011094727049154929
eu,C1,31TGJ_1189_00,5,90,1.271275958652114,93,1.4486889135046386,0.1774129548525245
eu,C1,31TGK_0015_00,3,41,2.4145060820631636,51,2.705317599120988,0.29081151705782426
eu,C1,31TGK_1163_00,2,47,2.92031982406501,59,2.639397154443526,-0.28092266962148393
eu,C1,31UCQ_0211_00,5,111,1.1134822743654613,109,1.1700707956588934,0.05658852129343206
eu,C1,31UCQ_0249_00,3,35,1.4850692477072038,40,1.9660606034613113,0.48099135575410745
eu,C1,31UCQ_1476_00,2,48,3.512478891804276,40,2.8475334962588272,-0.6649453955454487
eu,C1,31UDP_0247_00,1,27,2.7034058768149056,39,3.357501017956398,0.6540951411414926
eu,C1,31UDQ_0751_00,2,35,2.318701232245381,28,3.903635011037705,1.5849337787923239
eu,C1,31UDQ_1914_00,4,50,2.3972962950794776,44,2.713906067227225,0.3166097721477472
eu,C1,31UDQ_2521_00,5,158,0.8880317214441216,142,0.8249341255323563,-0.06309759591176523
eu,C1,31UFQ_0566_00,3,59,2.6549594409924477,48,2.6793276302315086,0.02436818923906081
eu,C1,31UFQ_0574_00,2,41,2.8432208094599125,50,3.0453648107244806,0.2021440012645681
eu,C1,31UFQ_1482_00,2,26,3.0935393876029007,34,3.321254921042737,0.2277155334398362
eu,C1,31UFS_0030_00,4,43,2.04262666655454,53,2.1836660899175637,0.14103942336302389
eu,C1,31UFS_0938_00,4,43,0.9494660878970927,36,2.4351454186505412,1.4856793307534484
eu,C1,31UFS_1028_00,5,273,0.718801660199454,275,0.7191331039380339,0.00033144373857985077
eu,C1,31UFS_1127_00,5,70,1.4148542642637938,67,1.8850025531393213,0.4701482888755275
eu,C1,31UFS_2358_00,4,64,1.4240588868674144,66,1.6070454982666278,0.18298661139921335
eu,C1,32ULA_0661_00,5,185,0.6746083867427204,193,0.7107235228598667,0.03611513611714634
eu,C1,32ULC_1573_00,5,110,0.7526911160134034,104,0.6843258391708451,-0.06836527684255833
eu,C1,32UMA_0976_00,3,65,2.200772647592228,64,2.474758102361081,0.27398545476885294
eu,C1,32UMC_0051_00,4,46,1.499352528102031,44,1.730413151131042,0.2310606230290111
eu,C1,32UMC_0836_00,5,140,0.6368618850137461,127,0.6990088589587838,0.062146973945037765
eu,C1,32UMC_1241_00,4,57,1.6359875674930506,59,2.069321879844816,0.43333431235176545
eu,C1,32UMC_1688_00,4,91,1.227196388540742,83,1.2780685633170465,0.05087217477630457
eu,C1,32UMC_2029_00,4,49,1.252397496365451,52,1.7542249095716955,0.5018274132062446
eu,C1,32UNE_1359_00,4,52,1.8087824407610997,58,1.8273297309128607,0.01854729015176093
eu,C1,32UNE_1364_00,3,70,2.361999808229493,55,2.231781181032316,-0.13021862719717703
eu,C1,32UNE_2091_00,4,84,1.6579883856520308,73,1.153399409620086,-0.5045889760319449
eu,C1,32UNE_2132_00,5,115,1.217254037862849,105,1.1468242141532383,-0.0704298237096106
eu,C1,32UPA_0047_00,1,66,3.4469905811275923,49,2.808530704057659,-0.6384598770699332
eu,C1,32UPA_1016_00,5,110,0.9511683274331488,98,0.9558237106033305,0.0046553831701816595
eu,C1,32UPA_1036_00,3,71,2.3362634797689346,72,1.8583191787227267,-0.4779443010462079
eu,C1,32UPA_1085_00,3,77,2.249866778002968,60,2.820417830301789,0.5705510522988209
eu,C1,32UPA_1861_00,2,64,2.9371720650549777,65,2.9359594181632094,-0.0012126468917683653
eu,C1,32UPA_1883_00,2,67,3.3587576641395147,58,2.729774741593057,-0.6289829225464576
eu,C1,32UPA_1911_00,2,62,3.230435578879921,71,2.7424548948344336,-0.4879806840454872
eu,C1,32UPA_2227_00,4,75,1.005224429138356,81,1.2282310358285895,0.22300660669023342
eu,C1,32UPB_1109_00,3,75,1.5043146334468864,56,1.1415028091268165,-0.36281182432007
eu,C1,33TVN_1850_00,2,78,2.0038048839077613,78,2.4478277290127908,0.44402284510502943
eu,C1,33TWE_1260_00,5,84,1.4806539463968613,80,1.644596460748397,0.16394251435153562
eu,C1,33TWF_0539_00,1,27,3.9476625031010157,23,3.2039932914673033,-0.7436692116337125
eu,C1,33TWF_1076_00,4,52,2.7062929514743708,58,2.0269630169363406,-0.6793299345380301
eu,C1,33TWF_1157_00,3,67,1.6532454513561168,79,1.9121239577369795,0.25887850638086274
eu,C1,33TWF_1161_00,3,32,3.231501744008595,41,3.089940773887197,-0.141560970121398
eu,C1,33TWF_1416_00,1,49,3.210055070377703,43,3.670051836086113,0.4599967657084103
eu,C1,33UWS_0309_00,5,64,1.5392681973188158,80,1.6171010945404474,0.07783289722163156
eu,C1,33UWT_0062_00,3,54,2.243233225680402,75,2.637699024529283,0.3944657988488811
eu,C1,33UWT_0167_00,3,51,2.969442305396446,51,2.1354288799557097,-0.8340134254407361
eu,C1,33UWT_0872_00,3,61,2.7667968067199147,43,2.506671679249018,-0.2601251274708969
eu,C1,33UWT_0956_00,2,49,3.6702369032760487,52,3.5329198028102207,-0.137317100465828
eu,C1,33UWT_1630_00,3,45,2.153549016723014,61,2.352839142801235,0.19929012607822116
eu,C1,33UWT_2290_00,2,31,3.38711867227835,38,3.788681385357717,0.40156271307936686
eu,C1,33UWT_2410_00,4,47,2.354383061142549,35,1.7930384912690804,-0.5613445698734687
eu,C1,33VXG_1377_00,2,53,3.114969340183837,50,3.1150940490536883,0.0001247088698512755
eu,C1,34TCR_0072_00,3,37,1.8146095634813484,40,2.9622879130714495,1.147678349590101
eu,C1,34TCR_0106_00,3,44,3.183415254384066,47,3.656936180340001,0.4735209259559352
eu,C1,34TCR_0112_00,1,47,3.1754266417444246,43,3.1262133930133666,-0.049213248731057924
eu,C1,34TCR_0339_00,4,37,2.5234138501028243,35,2.174239336218205,-0.3491745138846194
eu,C1,34TCR_0343_00,4,57,2.6420045311486358,38,2.5198862864910847,-0.12211824465755106
eu,C1,34TCR_0361_00,1,56,2.8651184292617913,64,3.8355138843920207,0.9703954551302294
eu,C1,34TCR_0369_00,5,93,0.8230612209792233,87,0.7239855363088262,-0.09907568467039707
eu,C1,34TCR_0421_00,2,56,2.542055917694155,46,2.379019004651785,-0.16303691304236967
eu,C1,34TCR_0769_00,1,27,3.5605055739173124,27,3.8222110712481436,0.26170549733083126
eu,C1,34TCR_0850_00,1,39,2.7551725533065854,38,2.6705528861926187,-0.08461966711396673
eu,C1,34TCR_1120_00,2,35,2.8004012526859663,41,2.854559126774012,0.05415787408804551
eu,C1,34TCR_1124_00,4,121,1.3990744390300074,87,1.1907315727281604,-0.20834286630184695
eu,C1,34TCR_1129_00,2,39,3.3083461008353483,47,2.648503955777269,-0.6598421450580791
eu,C1,34TCR_1162_00,4,80,2.606874796833163,83,2.262193831039825,-0.34468096579333807
eu,C1,34TCR_1204_00,1,33,3.1324962283061493,18,2.20757257589941,-0.9249236524067395
eu,C1,34TCR_1346_00,4,74,2.6701506453821064,66,2.6258635460738913,-0.04428709930821517
eu,C1,34TCR_1412_00,2,43,2.7270762695637134,40,3.2105759778070135,0.48349970824330013
eu,C1,34TCS_0235_00,5,129,1.0488593586207495,120,1.0201133199950503,-0.028746038625699244
eu,C1,34TCS_0241_00,1,28,4.1784637212101945,26,4.112666436881686,-0.06579728432850818
eu,C1,34TCT_0129_00,2,56,1.9105007434640466,49,1.0840295377009632,-0.8264712057630834
eu,C1,34TCT_0362_00,1,35,3.35052772071806,31,3.059130635144346,-0.2913970855737138
eu,C1,34TCT_0468_00,2,49,3.3641817962239706,45,2.763291114067748,-0.6008906821562228
eu,C1,34TCT_0686_00,2,37,4.867796684827938,37,3.563318466583049,-1.3044782182448889
eu,C1,34TCT_0701_00,1,25,3.8362751072183756,35,3.634960466229461,-0.20131464098891483
eu,C1,34TCT_0757_00,1,24,4.005812647224807,18,3.893904550969092,-0.11190809625571463
eu,C1,34TCT_0853_00,5,157,0.6869132372536072,160,0.6735216827341156,-0.013391554519491589
eu,C1,34TCT_0997_00,1,41,3.712609751084491,32,4.232979787841908,0.5203700367574173
eu,C1,34TCT_1134_00,5,272,0.6363149801464268,264,0.6545241866771982,0.018209206530771405
eu,C1,34TCT_1281_00,3,45,2.0231759039859782,51,2.757108066295472,0.7339321623094937
eu,C1,34TCT_1282_00,4,65,2.5437751238908692,65,2.4712824149543735,-0.07249270893649573
eu,C1,34TCT_1573_00,3,50,3.692870459008909,47,2.86330187473863,-0.8295685842702794
eu,C1,34TCT_1595_00,1,46,3.9544831777467655,61,3.548962348285848,-0.4055208294609174
eu,C1,34TCT_1673_00,2,53,3.505018215516216,58,3.3134788321808353,-0.1915393833353809
eu,C1,34TCT_1710_00,1,37,3.3272663870217842,22,3.0342848380173257,-0.2929815490044585
eu,C1,34TCT_1726_00,2,49,2.9330510918898858,48,2.742988167307538,-0.19006292458234775
eu,C1,34TCT_1903_00,2,35,3.87435532550478,35,3.8708596919967646,-0.0034956335080154055
eu,C1,34TCT_2072_00,1,28,2.782962350515323,34,3.8802762175949272,1.0973138670796043
eu,C2,30SVJ_0796_00,1,25,2.9402483252713094,32,4.220043086097775,1.2797947608264653
eu,C2,30SVJ_1711_00,1,23,3.106714761018704,31,2.385490854162338,-0.7212239068563657
eu,C2,30TVK_0841_00,1,36,3.1720152192882534,30,4.551488744952199,1.3794735256639452
eu,C2,30TVK_1026_00,4,72,2.027468710005027,76,2.424451022663897,0.39698231265886985
eu,C2,30TVK_1126_00,1,36,2.3690639458193843,40,3.430722463393482,1.0616585175740978
eu,C2,30TVK_1289_00,4,77,1.9855314355968188,76,1.5930790514143363,-0.3924523841824825
eu,C2,30TVK_1386_00,1,23,2.8596985538159734,38,3.436558599151943,0.5768600453359696
eu,C2,30TVK_1390_00,1,24,2.653293260384546,21,3.1177706915879813,0.4644774312034352
eu,C2,30TVK_1486_00,5,79,2.670940627619665,83,2.507233267665703,-0.1637073599539618
eu,C2,30TVK_1697_00,1,36,2.349539288710238,34,2.6679357309217044,0.31839644221146646
eu,C2,30TVK_2306_00,3,29,3.1590550813318545,23,3.339953545310261,0.18089846397840637
eu,C2,30TVK_2317_00,4,53,2.2674046372877448,45,2.171464884128401,-0.09593975315934378
eu,C2,30TVK_2377_00,5,52,1.9868930607278061,53,1.9634121427353302,-0.02348091799247598
eu,C2,30TVK_2512_00,1,38,3.3045817568161286,30,3.792437090620881,0.48785533380475243
eu,C2,30TXP_0408_00,1,81,2.9374396750527763,64,2.453769899037974,-0.4836697760148021
eu,C2,30TXP_0411_00,2,88,2.654662769189879,72,2.3386217399058546,-0.31604102928402433
eu,C2,30TXP_0787_00,2,95,2.0251730806823,91,1.8785086612297248,-0.14666441945257525
eu,C2,30TXP_1048_00,2,63,2.805332310248873,63,3.001744975395799,0.196412665146926
eu,C2,30TXQ_0830_00,1,55,3.6084986295737402,57,3.2286902425974855,-0.37980838697625474
eu,C2,30TXQ_0896_00,2,72,2.090316659435537,83,1.8815735668089733,-0.20874309262656365
eu,C2,30TXQ_0902_00,4,132,1.154236810220566,144,1.16911146161927,0.01487465139870392
eu,C2,30TXQ_0911_00,5,189,0.8904390703647981,184,0.9227355040564442,0.03229643369164614
eu,C2,30TXQ_0934_00,5,152,1.1872917805371774,178,1.2975820060272638,0.11029022549008638
eu,C2,30TYQ_1071_00,1,59,2.216460932650143,64,2.3546035850452673,0.13814265239512435
eu,C2,30UYC_0046_00,5,154,0.5914993613588158,152,0.6284475927991013,0.036948231440285584
eu,C2,30UYC_0100_00,4,84,1.9048212733330303,70,1.8073470597385386,-0.09747421359449171
eu,C2,30UYC_0245_00,3,54,2.1660295958851816,56,2.7657737002464975,0.5997441043613159
eu,C2,30UYC_0687_00,1,48,3.5674826367953467,46,2.424831876110316,-1.1426507606850307
eu,C2,30UYC_0725_00,3,60,2.2566050102174433,38,2.4146207519141214,0.1580157416966781
eu,C2,30UYD_0119_00,2,29,3.8749702962841,39,3.881928340920823,0.006958044636722782
eu,C2,30UYD_1432_00,3,47,2.881333597605973,32,3.1197916925905815,0.23845809498460868
eu,C2,31TCJ_0091_00,2,39,3.3909040125447905,46,3.3868478860084856,-0.004056126536304827
eu,C2,31TCJ_0672_00,3,59,2.7998738735064177,50,2.4052510596962327,-0.39462281381018505
eu,C2,31TCJ_1037_00,5,118,1.0144118100506072,103,0.8958199162808009,-0.11859189376980628
eu,C2,31TCJ_1340_00,4,85,1.9507639407528603,89,1.9614359165448663,0.010671975792005961
eu,C2,31TCJ_1353_00,4,114,1.3506999294976447,121,1.2044908417677362,-0.14620908772990848
eu,C2,31TCJ_1375_00,3,69,1.423047118874773,69,1.9508566407819334,0.5278095219071604
eu,C2,31TCM_0023_00,4,97,1.0574580464118328,113,1.1903457585745496,0.13288771216271678
eu,C2,31TCM_0853_00,5,106,0.9083262041112694,129,0.9623932993390386,0.0540670952277692
eu,C2,31TCM_1060_00,3,135,1.320342515037619,130,1.341942521504688,0.021600006467069166
eu,C2,31TCM_1094_00,5,90,1.129763309968532,120,1.1587865712898104,0.029023261321278415
eu,C2,31TCM_1192_00,4,157,1.7547999133659913,168,1.7950938669624175,0.04029395359642618
eu,C2,31TCM_1717_00,4,62,2.405454202197076,70,2.699046897655748,0.29359269545867184
eu,C2,31TCM_1743_00,5,179,1.0835866602154463,169,1.0349294531387585,-0.04865720707668775
eu,C2,31TCM_2040_00,3,72,1.750335283965697,87,1.8382291220772786,0.08789383811158169
eu,C2,31TCN_1555_00,3,75,1.9942996089564327,80,1.966227102691948,-0.028072506264484653
eu,C2,31TCN_1803_00,2,70,3.375658094846637,65,2.634619765275723,-0.7410383295709138
eu,C2,31TFH_0022_00,5,152,0.5680401738727587,170,0.6444306770500305,0.0763905031772718
eu,C2,31TFJ_1359_00,5,279,0.6193029667182371,261,0.6252300742704873,0.0059271075522501215
eu,C2,31TGH_0053_00,5,201,0.7931454252400904,188,0.7790054750198183,-0.014139950220272035
eu,C2,31TGH_0153_00,3,123,1.2896056457444383,127,1.2686727765104497,-0.020932869233988516
eu,C2,31TGJ_0274_00,5,207,1.0093848324212051,196,0.9207145384049424,-0.0886702940162627
eu,C2,31TGJ_0550_00,2,92,2.059708521473675,88,2.2850957183219234,0.22538719684824837
eu,C2,31TGJ_0811_00,4,104,1.3105333442900844,106,1.3786742259689553,0.06814088167887089
eu,C2,31TGJ_0814_00,1,56,2.8995232194341116,77,2.5855868930124237,-0.3139363264216879
eu,C2,31TGJ_0831_00,3,108,1.4433642680018344,93,1.056719603867677,-0.38664466413415743
eu,C2,31TGJ_1054_00,3,97,1.1064144688245643,98,1.1574753641049822,0.051060895280417906
eu,C2,31TGJ_1156_00,5,158,0.6565170319327298,150,0.6550780103221391,-0.0014390216105907294
eu,C2,31TGJ_1189_00,5,163,1.1864830844269336,145,1.178644357999838,-0.0078387264270956
eu,C2,31TGK_0015_00,3,69,2.0100002459882065,65,2.2819715467069805,0.27197130071877407
eu,C2,31TGK_1163_00,2,72,1.7004999973983033,62,1.7223470477032121,0.021847050304908855
eu,C2,31UCQ_0211_00,5,133,0.9511702862508477,129,0.9198776347139336,-0.03129265153691407
eu,C2,31UCQ_0249_00,3,52,1.7763273736317036,63,2.3263067270301487,0.5499793533984452
eu,C2,31UCQ_1476_00,2,66,2.6584583244004705,66,2.2766361283756025,-0.381822196024868
eu,C2,31UDP_0247_00,1,49,3.2388103050531147,52,2.6751071180316295,-0.5637031870214853
eu,C2,31UDQ_0751_00,2,59,2.99928063622356,51,2.655558182873906,-0.3437224533496539
eu,C2,31UDQ_1914_00,4,53,0.9706504803394046,50,1.0539265666110234,0.08327608627161875
eu,C2,31UDQ_2521_00,5,182,0.8116971257135348,183,0.7468261744733873,-0.06487095124014752
eu,C2,31UFQ_0566_00,3,84,1.2013646131721938,96,1.209572011370655,0.008207398198461169
eu,C2,31UFQ_0574_00,2,55,2.8536413337818574,46,2.322604560692561,-0.5310367730892964
eu,C2,31UFQ_1482_00,2,25,3.5736601497218006,34,2.767503137188472,-0.8061570125333284
eu,C2,31UFS_0030_00,4,52,1.4532916007712975,52,1.4807610016744381,0.02746940090314065
eu,C2,31UFS_0938_00,4,43,1.340951070535678,38,1.1114408013346808,-0.22951026920099715
eu,C2,31UFS_1028_00,5,289,0.6972709893679871,291,0.6765674980329752,-0.020703491335011925
eu,C2,31UFS_1127_00,5,82,1.2222585574018865,93,1.5523328120800672,0.33007425467818075
eu,C2,31UFS_2358_00,4,106,1.5567040774493979,104,1.4838992196673764,-0.0728048577820215
eu,C2,32ULA_0661_00,5,215,0.7614028444977482,220,0.7437547884026909,-0.017648056095057263
eu,C2,32ULC_1573_00,5,136,0.7142566769468717,154,0.6928452860078098,-0.02141139093906186
eu,C2,32UMA_0976_00,3,73,2.0783489660295356,71,1.9392325301754636,-0.13911643585407196
eu,C2,32UMC_0051_00,4,63,1.7265166504262583,79,1.9379223578811948,0.21140570745493648
eu,C2,32UMC_0836_00,5,161,0.7268716568218766,156,0.7603666120739727,0.033494955252096115
eu,C2,32UMC_1241_00,4,71,1.3325575788707704,67,1.3215696680841131,-0.010987910786657284
eu,C2,32UMC_1688_00,4,123,0.9450912305888789,117,1.0622888522366574,0.11719762164777847
eu,C2,32UMC_2029_00,4,72,1.224272797665551,88,1.4229037284821437,0.19863093081659278
eu,C2,32UNE_1359_00,4,102,1.895833760934953,91,1.6671815498048463,-0.2286522111301066
eu,C2,32UNE_1364_00,3,80,2.704192551270557,92,2.606262725562434,-0.09792982570812292
eu,C2,32UNE_2091_00,4,117,1.8332624296605011,108,1.8327399396111732,-0.0005224900493279172
eu,C2,32UNE_2132_00,5,105,0.8861918882938139,111,0.9338064403144233,0.04761455202060938
eu,C2,32UPA_0047_00,1,106,2.6136316605353276,90,2.3132475682048703,-0.30038409233045726
eu,C2,32UPA_1016_00,5,119,0.9653994081259095,140,1.081003151052481,0.11560374292657138
eu,C2,32UPA_1036_00,3,111,1.4644873631266648,102,1.372463682125976,-0.09202368100068892
eu,C2,32UPA_1085_00,3,120,1.8006833762390508,95,1.9198738473789936,0.11919047113994274
eu,C2,32UPA_1861_00,2,89,2.2258781512374064,90,1.8328993829265565,-0.3929787683108499
eu,C2,32UPA_1883_00,2,92,2.650421364844722,73,2.6571635234793134,0.0067421586345912665
eu,C2,32UPA_1911_00,2,62,2.28843503352903,76,2.1053672610413328,-0.18306777248769723
eu,C2,32UPA_2227_00,4,130,1.0232709466320529,129,1.0011775476319171,-0.02209339900013574
eu,C2,32UPB_1109_00,3,94,1.38576287344552,95,1.3523144922348536,-0.03344838121066651
eu,C2,33TVN_1850_00,2,126,0.8037778463918759,142,1.1221738574850388,0.31839601109316296
eu,C2,33TWE_1260_00,5,133,0.7577123685274908,160,0.790153116888763,0.0324407483612722
eu,C2,33TWF_0539_00,1,33,3.7233489459538616,38,3.9885670918794665,0.2652181459256049
eu,C2,33TWF_1076_00,4,65,1.4611030831339038,63,1.3480589714433164,-0.11304411169058737
eu,C2,33TWF_1157_00,3,131,0.6292230094951232,110,0.5191015658824049,-0.11012144361271836
eu,C2,33TWF_1161_00,3,77,1.3405138972643738,78,1.1826905987441623,-0.15782329852021149
eu,C2,33TWF_1416_00,1,72,0.8926583848375806,66,1.27105673869589,0.37839835385830933
eu,C2,33UWS_0309_00,5,102,1.1840089318438352,109,1.150459722723637,-0.0335492091201981
eu,C2,33UWT_0062_00,3,65,1.6074940325525318,75,1.8301061509070178,0.22261211835448602
eu,C2,33UWT_0167_00,3,59,1.5139077928212612,45,1.7069676355724657,0.19305984275120447
eu,C2,33UWT_0872_00,3,65,2.0378066698195276,67,1.977758689599222,-0.06004798022030555
eu,C2,33UWT_0956_00,2,53,2.1307231336536976,56,2.3131962265873187,0.18247309293362113
eu,C2,33UWT_1630_00,3,82,1.5668275958963842,73,1.8410809409245212,0.27425334502813703
eu,C2,33UWT_2290_00,2,58,2.8636207804173877,53,2.8502568160032924,-0.013363964414095264
eu,C2,33UWT_2410_00,4,60,1.958609520319376,64,2.475950740070703,0.517341219751327
eu,C2,33VXG_1377_00,2,83,2.6192528974924776,76,2.181133907572627,-0.43811898991985077
eu,C2,34TCR_0072_00,3,56,2.218433135915544,59,2.4112342064319363,0.1928010705163925
eu,C2,34TCR_0106_00,3,80,1.9517637259653249,73,1.8081989487074064,-0.1435647772579185
eu,C2,34TCR_0112_00,1,42,2.083571008398156,35,2.8842182339920397,0.8006472255938837
eu,C2,34TCR_0339_00,4,60,1.2618047000875343,63,1.5953620688146426,0.3335573687271083
eu,C2,34TCR_0343_00,4,62,1.45767145821489,58,1.6423103241703814,0.1846388659554914
eu,C2,34TCR_0361_00,1,50,2.3666667407256354,52,2.7971096619100164,0.430442921184381
eu,C2,34TCR_0369_00,5,130,0.6854467387559672,115,0.6748656613446662,-0.010581077411300988
eu,C2,34TCR_0421_00,2,76,2.6344710752998663,74,2.642673996495805,0.008202921195938462
eu,C2,34TCR_0769_00,1,33,3.1677629721854585,27,2.7798786652766054,-0.3878843069088531
eu,C2,34TCR_0850_00,1,33,3.2369998049000928,35,3.0422063187611985,-0.19479348613889425
eu,C2,34TCR_1120_00,2,44,2.281089028926105,38,2.338946159439654,0.05785713051354868
eu,C2,34TCR_1124_00,4,147,1.3268269474426762,136,1.5737597184322307,0.24693277098955457
eu,C2,34TCR_1129_00,2,54,2.7231505571150656,49,3.5471178411220623,0.8239672840069967
eu,C2,34TCR_1162_00,4,86,1.8164145710495876,85,1.8608680295052724,0.044453458455684824
eu,C2,34TCR_1204_00,1,40,2.9216553005958414,51,3.481362481989475,0.5597071813936334
eu,C2,34TCR_1346_00,4,100,2.164229831693591,99,2.423716922237605,0.2594870905440141
eu,C2,34TCR_1412_00,2,76,1.923714044550231,68,2.1898142633624067,0.2661002188121757
eu,C2,34TCS_0235_00,5,141,1.1828645971950438,138,1.0419318080593847,-0.1409327891356591
eu,C2,34TCS_0241_00,1,29,3.807727591046066,31,3.2492505609685605,-0.5584770300775057
eu,C2,34TCT_0129_00,2,67,1.0843696897593227,56,0.9394449149045732,-0.14492477485474953
eu,C2,34TCT_0362_00,1,39,2.9650418064181996,40,2.879126263198019,-0.0859155432201808
eu,C2,34TCT_0468_00,2,40,3.0769407636291124,41,3.3627080094286343,0.28576724579952195
eu,C2,34TCT_0686_00,2,51,2.961928667143131,51,2.593501142947743,-0.36842752419538805
eu,C2,34TCT_0701_00,1,59,3.000512756445985,64,3.2208395280706092,0.22032677162462422
eu,C2,34TCT_0757_00,1,28,3.06769376366576,32,2.978719069042283,-0.08897469462347729
eu,C2,34TCT_0853_00,5,196,0.584744241947961,190,0.5785680595690665,-0.006176182378894501
eu,C2,34TCT_0997_00,1,45,3.641198288845326,38,3.1553744484787547,-0.48582384036657134
eu,C2,34TCT_1134_00,5,330,0.5232366548456605,328,0.49690016458543496,-0.026336490260225554
eu,C2,34TCT_1281_00,3,43,1.0453884865448686,57,2.6602198046201866,1.614831318075318
eu,C2,34TCT_1282_00,4,98,1.70008211924673,97,2.056657444400912,0.3565753251541821
eu,C2,34TCT_1573_00,3,60,1.9040664723358727,74,2.946806602530699,1.0427401301948265
eu,C2,34TCT_1595_00,1,57,3.4226456714715794,71,3.821412490898439,0.39876681942685943
eu,C2,34TCT_1673_00,2,69,1.8541163872583242,84,2.5887651929423,0.7346488056839757
eu,C2,34TCT_1710_00,1,53,2.188027238507391,61,2.0289951620783646,-0.1590320764290265
eu,C2,34TCT_1726_00,2,38,3.268547627439741,50,3.0465513533624247,-0.22199627407731626
eu,C2,34TCT_1903_00,2,36,3.53603408321531,41,2.853074289780303,-0.6829597934350069
eu,C2,34TCT_2072_00,1,29,2.370491679448939,40,2.3001873428777095,-0.07030433657122925
